repo,baseline,state,query_id,query_type,eligible,n_relevant,stale_rank,fresh_rank,recall1_stale,recall3_stale,recall5_stale,recall10_stale,mrr_stale,recall1_fresh,recall3_fresh,recall5_fresh,recall10_fresh,mrr_fresh
PostSpark 3,A,9262d1dff,q-001,auth-modified,1,2,68,72,0.0,0.0,0.0,0.0,0.014706,0.0,0.0,0.0,0.0,0.013889
PostSpark 3,A,9262d1dff,q-002,auth-central,1,3,2,2,0.0,0.333333,0.333333,0.333333,0.5,0.0,0.333333,0.333333,0.333333,0.5
PostSpark 3,A,9262d1dff,q-003,billing-central,1,2,1,3,0.5,0.5,1.0,1.0,1.0,0.0,0.5,1.0,1.0,0.333333
PostSpark 3,A,9262d1dff,q-004,billing-infra,1,2,1,1,0.5,0.5,1.0,1.0,1.0,0.5,0.5,1.0,1.0,1.0
PostSpark 3,A,9262d1dff,q-005,ui-peripheral,1,1,1,1,1.0,1.0,1.0,1.0,1.0,1.0,1.0,1.0,1.0,1.0
PostSpark 3,A,9262d1dff,q-006,ui-peripheral,1,1,4,2,0.0,0.0,1.0,1.0,0.25,0.0,1.0,1.0,1.0,0.5
PostSpark 3,A,9262d1dff,q-007,db-config,1,1,74,80,0.0,0.0,0.0,0.0,0.013514,0.0,0.0,0.0,0.0,0.0125
PostSpark 3,A,9262d1dff,q-008,db-central,1,1,55,60,0.0,0.0,0.0,0.0,0.018182,0.0,0.0,0.0,0.0,0.016667
PostSpark 3,A,9262d1dff,q-010,ai-central,1,1,3,3,0.0,1.0,1.0,1.0,0.333333,0.0,1.0,1.0,1.0,0.333333
PostSpark 3,A,9262d1dff,q-014,ai-stable,1,2,7,8,0.0,0.0,0.0,0.5,0.142857,0.0,0.0,0.0,0.5,0.125
PostSpark 3,A,9262d1dff,q-015,feature-stable,1,3,88,1,0.0,0.0,0.0,0.0,0.011364,0.333333,0.333333,0.333333,0.333333,1.0
PostSpark 3,A,9262d1dff,q-016,feature-added,1,1,-1,3,0.0,0.0,0.0,0.0,0.0,0.0,1.0,1.0,1.0,0.333333
PostSpark 3,A,9262d1dff,q-018,ai-added,1,1,-1,64,0.0,0.0,0.0,0.0,0.0,0.0,0.0,0.0,0.0,0.015625
PostSpark 3,A,9262d1dff,q-019,feature-stable,1,1,26,27,0.0,0.0,0.0,0.0,0.038462,0.0,0.0,0.0,0.0,0.037037
PostSpark 3,A,9262d1dff,q-027,editor-modified,1,1,-1,13,0.0,0.0,0.0,0.0,0.0,0.0,0.0,0.0,0.0,0.076923
PostSpark 3,A,9262d1dff,q-028,editor-stable,1,1,1,1,1.0,1.0,1.0,1.0,1.0,1.0,1.0,1.0,1.0,1.0
PostSpark 3,A,9262d1dff,q-029,editor-modified,1,1,1,2,1.0,1.0,1.0,1.0,1.0,0.0,1.0,1.0,1.0,0.5
PostSpark 3,A,9262d1dff,q-032,client-central,1,1,15,13,0.0,0.0,0.0,0.0,0.066667,0.0,0.0,0.0,0.0,0.076923
PostSpark 3,A,9262d1dff,q-033,client-infra,1,2,4,4,0.0,0.0,0.5,1.0,0.25,0.0,0.0,0.5,1.0,0.25
PostSpark 3,A,9262d1dff,q-035,config-central,1,1,113,121,0.0,0.0,0.0,0.0,0.00885,0.0,0.0,0.0,0.0,0.008264
PostSpark 3,A,9262d1dff,q-036,infra-central,1,1,52,68,0.0,0.0,0.0,0.0,0.019231,0.0,0.0,0.0,0.0,0.014706
PostSpark 3,A,9262d1dff,q-037,api-central,1,1,1,1,1.0,1.0,1.0,1.0,1.0,1.0,1.0,1.0,1.0,1.0
PostSpark 3,A,9262d1dff,q-038,feature-stable,1,1,15,9,0.0,0.0,0.0,0.0,0.066667,0.0,0.0,0.0,1.0,0.111111
PostSpark 3,A,9262d1dff,q-039,feature-stable,1,1,6,6,0.0,0.0,0.0,1.0,0.166667,0.0,0.0,0.0,1.0,0.166667
PostSpark 3,A,9262d1dff,q-040,feature-stable,1,3,51,55,0.0,0.0,0.0,0.0,0.019608,0.0,0.0,0.0,0.0,0.018182
PostSpark 3,A,9262d1dff,q-044,editor-deleted,1,2,9,10,0.0,0.0,0.0,0.5,0.111111,0.0,0.0,0.0,0.5,0.1
PostSpark 3,A,9262d1dff,q-045,ui-deleted,1,1,2,3,0.0,1.0,1.0,1.0,0.5,0.0,1.0,1.0,1.0,0.333333
PostSpark 3,A,9262d1dff,q-046,view-added,1,1,3,2,0.0,1.0,1.0,1.0,0.333333,0.0,1.0,1.0,1.0,0.5
PostSpark 3,A,a4d32bab9,q-001,auth-modified,1,2,122,30,0.0,0.0,0.0,0.0,0.008197,0.0,0.0,0.0,0.0,0.033333
PostSpark 3,A,a4d32bab9,q-002,auth-central,1,3,2,36,0.0,0.333333,0.333333,0.333333,0.5,0.0,0.0,0.0,0.0,0.027778
PostSpark 3,A,a4d32bab9,q-003,billing-central,1,2,1,3,0.5,0.5,1.0,1.0,1.0,0.0,0.5,0.5,1.0,0.333333
PostSpark 3,A,a4d32bab9,q-004,billing-infra,1,2,1,1,0.5,0.5,1.0,1.0,1.0,0.5,1.0,1.0,1.0,1.0
PostSpark 3,A,a4d32bab9,q-005,ui-peripheral,1,1,1,1,1.0,1.0,1.0,1.0,1.0,1.0,1.0,1.0,1.0,1.0
PostSpark 3,A,a4d32bab9,q-006,ui-peripheral,1,1,4,1,0.0,0.0,1.0,1.0,0.25,1.0,1.0,1.0,1.0,1.0
PostSpark 3,A,a4d32bab9,q-007,db-config,1,1,74,96,0.0,0.0,0.0,0.0,0.013514,0.0,0.0,0.0,0.0,0.010417
PostSpark 3,A,a4d32bab9,q-008,db-central,1,1,55,65,0.0,0.0,0.0,0.0,0.018182,0.0,0.0,0.0,0.0,0.015385
PostSpark 3,A,a4d32bab9,q-009,db-added,1,1,-1,1,0.0,0.0,0.0,0.0,0.0,1.0,1.0,1.0,1.0,1.0
PostSpark 3,A,a4d32bab9,q-010,ai-central,1,1,3,5,0.0,1.0,1.0,1.0,0.333333,0.0,0.0,1.0,1.0,0.2
PostSpark 3,A,a4d32bab9,q-014,ai-stable,1,2,7,12,0.0,0.0,0.0,0.5,0.142857,0.0,0.0,0.0,0.0,0.083333
PostSpark 3,A,a4d32bab9,q-015,feature-stable,1,3,88,1,0.0,0.0,0.0,0.0,0.011364,0.333333,0.333333,0.333333,0.333333,1.0
PostSpark 3,A,a4d32bab9,q-016,feature-added,1,1,-1,2,0.0,0.0,0.0,0.0,0.0,0.0,1.0,1.0,1.0,0.5
PostSpark 3,A,a4d32bab9,q-018,ai-added,1,1,-1,77,0.0,0.0,0.0,0.0,0.0,0.0,0.0,0.0,0.0,0.012987
PostSpark 3,A,a4d32bab9,q-019,feature-stable,1,1,26,31,0.0,0.0,0.0,0.0,0.038462,0.0,0.0,0.0,0.0,0.032258
PostSpark 3,A,a4d32bab9,q-026,editor-added,1,1,-1,8,0.0,0.0,0.0,0.0,0.0,0.0,0.0,0.0,1.0,0.125
PostSpark 3,A,a4d32bab9,q-027,editor-modified,1,1,-1,11,0.0,0.0,0.0,0.0,0.0,0.0,0.0,0.0,0.0,0.090909
PostSpark 3,A,a4d32bab9,q-028,editor-stable,1,1,1,1,1.0,1.0,1.0,1.0,1.0,1.0,1.0,1.0,1.0,1.0
PostSpark 3,A,a4d32bab9,q-029,editor-modified,1,2,1,1,0.5,0.5,0.5,0.5,1.0,0.5,0.5,1.0,1.0,1.0
PostSpark 3,A,a4d32bab9,q-032,client-central,1,1,15,8,0.0,0.0,0.0,0.0,0.066667,0.0,0.0,0.0,1.0,0.125
PostSpark 3,A,a4d32bab9,q-033,client-infra,1,2,4,1,0.0,0.0,0.5,1.0,0.25,0.5,0.5,0.5,1.0,1.0
PostSpark 3,A,a4d32bab9,q-035,config-central,1,1,113,128,0.0,0.0,0.0,0.0,0.00885,0.0,0.0,0.0,0.0,0.007812
PostSpark 3,A,a4d32bab9,q-036,infra-central,1,1,52,76,0.0,0.0,0.0,0.0,0.019231,0.0,0.0,0.0,0.0,0.013158
PostSpark 3,A,a4d32bab9,q-037,api-central,1,1,1,1,1.0,1.0,1.0,1.0,1.0,1.0,1.0,1.0,1.0,1.0
PostSpark 3,A,a4d32bab9,q-038,feature-stable,1,1,15,13,0.0,0.0,0.0,0.0,0.066667,0.0,0.0,0.0,0.0,0.076923
PostSpark 3,A,a4d32bab9,q-039,feature-stable,1,1,6,7,0.0,0.0,0.0,1.0,0.166667,0.0,0.0,0.0,1.0,0.142857
PostSpark 3,A,a4d32bab9,q-040,feature-stable,1,3,51,69,0.0,0.0,0.0,0.0,0.019608,0.0,0.0,0.0,0.0,0.014493
PostSpark 3,A,a4d32bab9,q-044,editor-deleted,1,2,9,12,0.0,0.0,0.0,0.5,0.111111,0.0,0.0,0.0,0.0,0.083333
PostSpark 3,A,a4d32bab9,q-045,ui-deleted,1,1,2,7,0.0,1.0,1.0,1.0,0.5,0.0,0.0,0.0,1.0,0.142857
PostSpark 3,A,a4d32bab9,q-046,view-added,1,1,3,2,0.0,1.0,1.0,1.0,0.333333,0.0,1.0,1.0,1.0,0.5
PostSpark 3,A,f7c0b2d2f,q-001,auth-modified,1,2,122,32,0.0,0.0,0.0,0.0,0.008197,0.0,0.0,0.0,0.0,0.03125
PostSpark 3,A,f7c0b2d2f,q-002,auth-central,1,3,2,37,0.0,0.333333,0.333333,0.333333,0.5,0.0,0.0,0.0,0.0,0.027027
PostSpark 3,A,f7c0b2d2f,q-003,billing-central,1,2,1,1,0.5,0.5,1.0,1.0,1.0,0.5,1.0,1.0,1.0,1.0
PostSpark 3,A,f7c0b2d2f,q-004,billing-infra,1,2,1,1,0.5,0.5,1.0,1.0,1.0,0.5,1.0,1.0,1.0,1.0
PostSpark 3,A,f7c0b2d2f,q-005,ui-peripheral,1,1,1,1,1.0,1.0,1.0,1.0,1.0,1.0,1.0,1.0,1.0,1.0
PostSpark 3,A,f7c0b2d2f,q-006,ui-peripheral,1,1,4,1,0.0,0.0,1.0,1.0,0.25,1.0,1.0,1.0,1.0,1.0
PostSpark 3,A,f7c0b2d2f,q-007,db-config,1,1,74,85,0.0,0.0,0.0,0.0,0.013514,0.0,0.0,0.0,0.0,0.011765
PostSpark 3,A,f7c0b2d2f,q-008,db-central,1,1,55,70,0.0,0.0,0.0,0.0,0.018182,0.0,0.0,0.0,0.0,0.014286
PostSpark 3,A,f7c0b2d2f,q-009,db-added,1,1,-1,1,0.0,0.0,0.0,0.0,0.0,1.0,1.0,1.0,1.0,1.0
PostSpark 3,A,f7c0b2d2f,q-010,ai-central,1,1,3,5,0.0,1.0,1.0,1.0,0.333333,0.0,0.0,1.0,1.0,0.2
PostSpark 3,A,f7c0b2d2f,q-014,ai-stable,1,2,7,12,0.0,0.0,0.0,0.5,0.142857,0.0,0.0,0.0,0.0,0.083333
PostSpark 3,A,f7c0b2d2f,q-015,feature-stable,1,3,88,1,0.0,0.0,0.0,0.0,0.011364,0.333333,0.333333,0.333333,0.333333,1.0
PostSpark 3,A,f7c0b2d2f,q-016,feature-added,1,1,-1,2,0.0,0.0,0.0,0.0,0.0,0.0,1.0,1.0,1.0,0.5
PostSpark 3,A,f7c0b2d2f,q-018,ai-added,1,1,-1,78,0.0,0.0,0.0,0.0,0.0,0.0,0.0,0.0,0.0,0.012821
PostSpark 3,A,f7c0b2d2f,q-019,feature-stable,1,1,26,34,0.0,0.0,0.0,0.0,0.038462,0.0,0.0,0.0,0.0,0.029412
PostSpark 3,A,f7c0b2d2f,q-026,editor-added,1,1,-1,5,0.0,0.0,0.0,0.0,0.0,0.0,0.0,1.0,1.0,0.2
PostSpark 3,A,f7c0b2d2f,q-027,editor-modified,1,1,-1,13,0.0,0.0,0.0,0.0,0.0,0.0,0.0,0.0,0.0,0.076923
PostSpark 3,A,f7c0b2d2f,q-028,editor-stable,1,1,1,1,1.0,1.0,1.0,1.0,1.0,1.0,1.0,1.0,1.0,1.0
PostSpark 3,A,f7c0b2d2f,q-029,editor-modified,1,2,1,1,0.5,0.5,0.5,0.5,1.0,0.5,0.5,1.0,1.0,1.0
PostSpark 3,A,f7c0b2d2f,q-032,client-central,1,1,15,22,0.0,0.0,0.0,0.0,0.066667,0.0,0.0,0.0,0.0,0.045455
PostSpark 3,A,f7c0b2d2f,q-033,client-infra,1,2,4,1,0.0,0.0,0.5,1.0,0.25,0.5,0.5,0.5,0.5,1.0
PostSpark 3,A,f7c0b2d2f,q-035,config-central,1,1,113,129,0.0,0.0,0.0,0.0,0.00885,0.0,0.0,0.0,0.0,0.007752
PostSpark 3,A,f7c0b2d2f,q-036,infra-central,1,1,52,77,0.0,0.0,0.0,0.0,0.019231,0.0,0.0,0.0,0.0,0.012987
PostSpark 3,A,f7c0b2d2f,q-037,api-central,1,1,1,3,1.0,1.0,1.0,1.0,1.0,0.0,1.0,1.0,1.0,0.333333
PostSpark 3,A,f7c0b2d2f,q-038,feature-stable,1,1,15,18,0.0,0.0,0.0,0.0,0.066667,0.0,0.0,0.0,0.0,0.055556
PostSpark 3,A,f7c0b2d2f,q-039,feature-stable,1,1,6,7,0.0,0.0,0.0,1.0,0.166667,0.0,0.0,0.0,1.0,0.142857
PostSpark 3,A,f7c0b2d2f,q-040,feature-stable,1,3,51,71,0.0,0.0,0.0,0.0,0.019608,0.0,0.0,0.0,0.0,0.014085
PostSpark 3,A,f7c0b2d2f,q-044,editor-deleted,1,2,9,14,0.0,0.0,0.0,0.5,0.111111,0.0,0.0,0.0,0.0,0.071429
PostSpark 3,A,f7c0b2d2f,q-045,ui-deleted,1,1,2,5,0.0,1.0,1.0,1.0,0.5,0.0,0.0,1.0,1.0,0.2
PostSpark 3,A,f7c0b2d2f,q-046,view-added,1,1,3,2,0.0,1.0,1.0,1.0,0.333333,0.0,1.0,1.0,1.0,0.5
PostSpark 3,A,aa2521c96,q-001,auth-modified,1,2,122,31,0.0,0.0,0.0,0.0,0.008197,0.0,0.0,0.0,0.0,0.032258
PostSpark 3,A,aa2521c96,q-002,auth-central,1,3,2,39,0.0,0.333333,0.333333,0.333333,0.5,0.0,0.0,0.0,0.0,0.025641
PostSpark 3,A,aa2521c96,q-003,billing-central,1,2,1,1,0.5,0.5,1.0,1.0,1.0,0.5,1.0,1.0,1.0,1.0
PostSpark 3,A,aa2521c96,q-004,billing-infra,1,2,1,1,0.5,0.5,1.0,1.0,1.0,0.5,0.5,1.0,1.0,1.0
PostSpark 3,A,aa2521c96,q-005,ui-peripheral,1,1,1,1,1.0,1.0,1.0,1.0,1.0,1.0,1.0,1.0,1.0,1.0
PostSpark 3,A,aa2521c96,q-006,ui-peripheral,1,1,4,1,0.0,0.0,1.0,1.0,0.25,1.0,1.0,1.0,1.0,1.0
PostSpark 3,A,aa2521c96,q-007,db-config,1,1,74,85,0.0,0.0,0.0,0.0,0.013514,0.0,0.0,0.0,0.0,0.011765
PostSpark 3,A,aa2521c96,q-008,db-central,1,1,55,69,0.0,0.0,0.0,0.0,0.018182,0.0,0.0,0.0,0.0,0.014493
PostSpark 3,A,aa2521c96,q-009,db-added,1,1,-1,1,0.0,0.0,0.0,0.0,0.0,1.0,1.0,1.0,1.0,1.0
PostSpark 3,A,aa2521c96,q-010,ai-central,1,1,3,4,0.0,1.0,1.0,1.0,0.333333,0.0,0.0,1.0,1.0,0.25
PostSpark 3,A,aa2521c96,q-014,ai-stable,1,2,7,9,0.0,0.0,0.0,0.5,0.142857,0.0,0.0,0.0,0.5,0.111111
PostSpark 3,A,aa2521c96,q-015,feature-stable,1,3,88,1,0.0,0.0,0.0,0.0,0.011364,0.333333,0.333333,0.333333,0.333333,1.0
PostSpark 3,A,aa2521c96,q-016,feature-added,1,1,-1,2,0.0,0.0,0.0,0.0,0.0,0.0,1.0,1.0,1.0,0.5
PostSpark 3,A,aa2521c96,q-018,ai-added,1,1,-1,78,0.0,0.0,0.0,0.0,0.0,0.0,0.0,0.0,0.0,0.012821
PostSpark 3,A,aa2521c96,q-019,feature-stable,1,1,26,32,0.0,0.0,0.0,0.0,0.038462,0.0,0.0,0.0,0.0,0.03125
PostSpark 3,A,aa2521c96,q-026,editor-added,1,1,-1,36,0.0,0.0,0.0,0.0,0.0,0.0,0.0,0.0,0.0,0.027778
PostSpark 3,A,aa2521c96,q-027,editor-modified,1,1,-1,11,0.0,0.0,0.0,0.0,0.0,0.0,0.0,0.0,0.0,0.090909
PostSpark 3,A,aa2521c96,q-028,editor-stable,1,1,1,1,1.0,1.0,1.0,1.0,1.0,1.0,1.0,1.0,1.0,1.0
PostSpark 3,A,aa2521c96,q-029,editor-modified,1,2,1,1,0.5,0.5,0.5,0.5,1.0,0.5,0.5,1.0,1.0,1.0
PostSpark 3,A,aa2521c96,q-032,client-central,1,1,15,23,0.0,0.0,0.0,0.0,0.066667,0.0,0.0,0.0,0.0,0.043478
PostSpark 3,A,aa2521c96,q-033,client-infra,1,2,4,1,0.0,0.0,0.5,1.0,0.25,0.5,0.5,0.5,0.5,1.0
PostSpark 3,A,aa2521c96,q-035,config-central,1,1,113,130,0.0,0.0,0.0,0.0,0.00885,0.0,0.0,0.0,0.0,0.007692
PostSpark 3,A,aa2521c96,q-036,infra-central,1,1,52,77,0.0,0.0,0.0,0.0,0.019231,0.0,0.0,0.0,0.0,0.012987
PostSpark 3,A,aa2521c96,q-037,api-central,1,1,1,1,1.0,1.0,1.0,1.0,1.0,1.0,1.0,1.0,1.0,1.0
PostSpark 3,A,aa2521c96,q-038,feature-stable,1,1,15,15,0.0,0.0,0.0,0.0,0.066667,0.0,0.0,0.0,0.0,0.066667
PostSpark 3,A,aa2521c96,q-039,feature-stable,1,1,6,7,0.0,0.0,0.0,1.0,0.166667,0.0,0.0,0.0,1.0,0.142857
PostSpark 3,A,aa2521c96,q-040,feature-stable,1,3,51,71,0.0,0.0,0.0,0.0,0.019608,0.0,0.0,0.0,0.0,0.014085
PostSpark 3,A,aa2521c96,q-044,editor-deleted,1,2,9,13,0.0,0.0,0.0,0.5,0.111111,0.0,0.0,0.0,0.0,0.076923
PostSpark 3,A,aa2521c96,q-045,ui-deleted,1,1,2,5,0.0,1.0,1.0,1.0,0.5,0.0,0.0,1.0,1.0,0.2
PostSpark 3,A,aa2521c96,q-046,view-added,1,1,3,1,0.0,1.0,1.0,1.0,0.333333,1.0,1.0,1.0,1.0,1.0
PostSpark 3,A,5192f8bcc,q-001,auth-modified,1,2,122,31,0.0,0.0,0.0,0.0,0.008197,0.0,0.0,0.0,0.0,0.032258
PostSpark 3,A,5192f8bcc,q-002,auth-central,1,3,2,40,0.0,0.333333,0.333333,0.333333,0.5,0.0,0.0,0.0,0.0,0.025
PostSpark 3,A,5192f8bcc,q-003,billing-central,1,2,1,1,0.5,0.5,1.0,1.0,1.0,0.5,1.0,1.0,1.0,1.0
PostSpark 3,A,5192f8bcc,q-004,billing-infra,1,2,1,1,0.5,0.5,1.0,1.0,1.0,0.5,0.5,1.0,1.0,1.0
PostSpark 3,A,5192f8bcc,q-005,ui-peripheral,1,1,1,1,1.0,1.0,1.0,1.0,1.0,1.0,1.0,1.0,1.0,1.0
PostSpark 3,A,5192f8bcc,q-006,ui-peripheral,1,1,4,1,0.0,0.0,1.0,1.0,0.25,1.0,1.0,1.0,1.0,1.0
PostSpark 3,A,5192f8bcc,q-007,db-config,1,1,74,86,0.0,0.0,0.0,0.0,0.013514,0.0,0.0,0.0,0.0,0.011628
PostSpark 3,A,5192f8bcc,q-008,db-central,1,1,55,70,0.0,0.0,0.0,0.0,0.018182,0.0,0.0,0.0,0.0,0.014286
PostSpark 3,A,5192f8bcc,q-009,db-added,1,1,-1,1,0.0,0.0,0.0,0.0,0.0,1.0,1.0,1.0,1.0,1.0
PostSpark 3,A,5192f8bcc,q-010,ai-central,1,1,3,4,0.0,1.0,1.0,1.0,0.333333,0.0,0.0,1.0,1.0,0.25
PostSpark 3,A,5192f8bcc,q-014,ai-stable,1,2,7,10,0.0,0.0,0.0,0.5,0.142857,0.0,0.0,0.0,0.5,0.1
PostSpark 3,A,5192f8bcc,q-015,feature-stable,1,3,88,1,0.0,0.0,0.0,0.0,0.011364,0.333333,0.333333,0.333333,0.333333,1.0
PostSpark 3,A,5192f8bcc,q-016,feature-added,1,1,-1,2,0.0,0.0,0.0,0.0,0.0,0.0,1.0,1.0,1.0,0.5
PostSpark 3,A,5192f8bcc,q-018,ai-added,1,1,-1,80,0.0,0.0,0.0,0.0,0.0,0.0,0.0,0.0,0.0,0.0125
PostSpark 3,A,5192f8bcc,q-019,feature-stable,1,1,26,34,0.0,0.0,0.0,0.0,0.038462,0.0,0.0,0.0,0.0,0.029412
PostSpark 3,A,5192f8bcc,q-026,editor-added,1,1,-1,37,0.0,0.0,0.0,0.0,0.0,0.0,0.0,0.0,0.0,0.027027
PostSpark 3,A,5192f8bcc,q-027,editor-modified,1,1,-1,11,0.0,0.0,0.0,0.0,0.0,0.0,0.0,0.0,0.0,0.090909
PostSpark 3,A,5192f8bcc,q-028,editor-stable,1,1,1,1,1.0,1.0,1.0,1.0,1.0,1.0,1.0,1.0,1.0,1.0
PostSpark 3,A,5192f8bcc,q-029,editor-modified,1,2,1,1,0.5,0.5,0.5,0.5,1.0,0.5,0.5,1.0,1.0,1.0
PostSpark 3,A,5192f8bcc,q-032,client-central,1,1,15,2,0.0,0.0,0.0,0.0,0.066667,0.0,1.0,1.0,1.0,0.5
PostSpark 3,A,5192f8bcc,q-033,client-infra,1,2,4,1,0.0,0.0,0.5,1.0,0.25,0.5,0.5,0.5,0.5,1.0
PostSpark 3,A,5192f8bcc,q-035,config-central,1,1,113,132,0.0,0.0,0.0,0.0,0.00885,0.0,0.0,0.0,0.0,0.007576
PostSpark 3,A,5192f8bcc,q-036,infra-central,1,1,52,78,0.0,0.0,0.0,0.0,0.019231,0.0,0.0,0.0,0.0,0.012821
PostSpark 3,A,5192f8bcc,q-037,api-central,1,1,1,1,1.0,1.0,1.0,1.0,1.0,1.0,1.0,1.0,1.0,1.0
PostSpark 3,A,5192f8bcc,q-038,feature-stable,1,1,15,15,0.0,0.0,0.0,0.0,0.066667,0.0,0.0,0.0,0.0,0.066667
PostSpark 3,A,5192f8bcc,q-039,feature-stable,1,1,6,7,0.0,0.0,0.0,1.0,0.166667,0.0,0.0,0.0,1.0,0.142857
PostSpark 3,A,5192f8bcc,q-040,feature-stable,1,3,51,74,0.0,0.0,0.0,0.0,0.019608,0.0,0.0,0.0,0.0,0.013514
PostSpark 3,A,5192f8bcc,q-044,editor-deleted,1,2,9,13,0.0,0.0,0.0,0.5,0.111111,0.0,0.0,0.0,0.0,0.076923
PostSpark 3,A,5192f8bcc,q-045,ui-deleted,1,1,2,5,0.0,1.0,1.0,1.0,0.5,0.0,0.0,1.0,1.0,0.2
PostSpark 3,A,5192f8bcc,q-046,view-added,1,1,3,1,0.0,1.0,1.0,1.0,0.333333,1.0,1.0,1.0,1.0,1.0
PostSpark 3,A,fd26cb58f,q-001,auth-modified,1,2,122,31,0.0,0.0,0.0,0.0,0.008197,0.0,0.0,0.0,0.0,0.032258
PostSpark 3,A,fd26cb58f,q-002,auth-central,1,3,2,41,0.0,0.333333,0.333333,0.333333,0.5,0.0,0.0,0.0,0.0,0.02439
PostSpark 3,A,fd26cb58f,q-003,billing-central,1,2,1,1,0.5,0.5,1.0,1.0,1.0,0.5,0.5,1.0,1.0,1.0
PostSpark 3,A,fd26cb58f,q-004,billing-infra,1,2,1,1,0.5,0.5,1.0,1.0,1.0,0.5,0.5,1.0,1.0,1.0
PostSpark 3,A,fd26cb58f,q-005,ui-peripheral,1,1,1,1,1.0,1.0,1.0,1.0,1.0,1.0,1.0,1.0,1.0,1.0
PostSpark 3,A,fd26cb58f,q-006,ui-peripheral,1,1,4,1,0.0,0.0,1.0,1.0,0.25,1.0,1.0,1.0,1.0,1.0
PostSpark 3,A,fd26cb58f,q-007,db-config,1,1,74,86,0.0,0.0,0.0,0.0,0.013514,0.0,0.0,0.0,0.0,0.011628
PostSpark 3,A,fd26cb58f,q-008,db-central,1,1,55,70,0.0,0.0,0.0,0.0,0.018182,0.0,0.0,0.0,0.0,0.014286
PostSpark 3,A,fd26cb58f,q-009,db-added,1,1,-1,1,0.0,0.0,0.0,0.0,0.0,1.0,1.0,1.0,1.0,1.0
PostSpark 3,A,fd26cb58f,q-010,ai-central,1,1,3,4,0.0,1.0,1.0,1.0,0.333333,0.0,0.0,1.0,1.0,0.25
PostSpark 3,A,fd26cb58f,q-014,ai-stable,1,2,7,9,0.0,0.0,0.0,0.5,0.142857,0.0,0.0,0.0,0.5,0.111111
PostSpark 3,A,fd26cb58f,q-015,feature-stable,1,3,88,1,0.0,0.0,0.0,0.0,0.011364,0.333333,0.333333,0.333333,0.333333,1.0
PostSpark 3,A,fd26cb58f,q-016,feature-added,1,1,-1,2,0.0,0.0,0.0,0.0,0.0,0.0,1.0,1.0,1.0,0.5
PostSpark 3,A,fd26cb58f,q-018,ai-added,1,1,-1,80,0.0,0.0,0.0,0.0,0.0,0.0,0.0,0.0,0.0,0.0125
PostSpark 3,A,fd26cb58f,q-019,feature-stable,1,1,26,34,0.0,0.0,0.0,0.0,0.038462,0.0,0.0,0.0,0.0,0.029412
PostSpark 3,A,fd26cb58f,q-026,editor-added,1,1,-1,37,0.0,0.0,0.0,0.0,0.0,0.0,0.0,0.0,0.0,0.027027
PostSpark 3,A,fd26cb58f,q-027,editor-modified,1,1,-1,11,0.0,0.0,0.0,0.0,0.0,0.0,0.0,0.0,0.0,0.090909
PostSpark 3,A,fd26cb58f,q-028,editor-stable,1,1,1,1,1.0,1.0,1.0,1.0,1.0,1.0,1.0,1.0,1.0,1.0
PostSpark 3,A,fd26cb58f,q-029,editor-modified,1,2,1,1,0.5,0.5,0.5,0.5,1.0,0.5,0.5,1.0,1.0,1.0
PostSpark 3,A,fd26cb58f,q-032,client-central,1,1,15,2,0.0,0.0,0.0,0.0,0.066667,0.0,1.0,1.0,1.0,0.5
PostSpark 3,A,fd26cb58f,q-033,client-infra,1,2,4,1,0.0,0.0,0.5,1.0,0.25,0.5,0.5,0.5,0.5,1.0
PostSpark 3,A,fd26cb58f,q-035,config-central,1,1,113,132,0.0,0.0,0.0,0.0,0.00885,0.0,0.0,0.0,0.0,0.007576
PostSpark 3,A,fd26cb58f,q-036,infra-central,1,1,52,78,0.0,0.0,0.0,0.0,0.019231,0.0,0.0,0.0,0.0,0.012821
PostSpark 3,A,fd26cb58f,q-037,api-central,1,1,1,1,1.0,1.0,1.0,1.0,1.0,1.0,1.0,1.0,1.0,1.0
PostSpark 3,A,fd26cb58f,q-038,feature-stable,1,1,15,15,0.0,0.0,0.0,0.0,0.066667,0.0,0.0,0.0,0.0,0.066667
PostSpark 3,A,fd26cb58f,q-039,feature-stable,1,1,6,7,0.0,0.0,0.0,1.0,0.166667,0.0,0.0,0.0,1.0,0.142857
PostSpark 3,A,fd26cb58f,q-040,feature-stable,1,3,51,74,0.0,0.0,0.0,0.0,0.019608,0.0,0.0,0.0,0.0,0.013514
PostSpark 3,A,fd26cb58f,q-044,editor-deleted,1,2,9,13,0.0,0.0,0.0,0.5,0.111111,0.0,0.0,0.0,0.0,0.076923
PostSpark 3,A,fd26cb58f,q-045,ui-deleted,1,1,2,5,0.0,1.0,1.0,1.0,0.5,0.0,0.0,1.0,1.0,0.2
PostSpark 3,A,fd26cb58f,q-046,view-added,1,1,3,1,0.0,1.0,1.0,1.0,0.333333,1.0,1.0,1.0,1.0,1.0
PostSpark 3,A,ec3dbfd29,q-001,auth-modified,1,2,122,124,0.0,0.0,0.0,0.0,0.008197,0.0,0.0,0.0,0.0,0.008065
PostSpark 3,A,ec3dbfd29,q-002,auth-central,1,3,2,46,0.0,0.333333,0.333333,0.333333,0.5,0.0,0.0,0.0,0.0,0.021739
PostSpark 3,A,ec3dbfd29,q-003,billing-central,1,2,1,1,0.5,0.5,1.0,1.0,1.0,0.5,0.5,0.5,1.0,1.0
PostSpark 3,A,ec3dbfd29,q-004,billing-infra,1,2,1,1,0.5,0.5,1.0,1.0,1.0,0.5,0.5,1.0,1.0,1.0
PostSpark 3,A,ec3dbfd29,q-005,ui-peripheral,1,1,1,1,1.0,1.0,1.0,1.0,1.0,1.0,1.0,1.0,1.0,1.0
PostSpark 3,A,ec3dbfd29,q-006,ui-peripheral,1,1,4,3,0.0,0.0,1.0,1.0,0.25,0.0,1.0,1.0,1.0,0.333333
PostSpark 3,A,ec3dbfd29,q-007,db-config,1,1,74,121,0.0,0.0,0.0,0.0,0.013514,0.0,0.0,0.0,0.0,0.008264
PostSpark 3,A,ec3dbfd29,q-008,db-central,1,1,55,85,0.0,0.0,0.0,0.0,0.018182,0.0,0.0,0.0,0.0,0.011765
PostSpark 3,A,ec3dbfd29,q-009,db-added,1,1,-1,1,0.0,0.0,0.0,0.0,0.0,1.0,1.0,1.0,1.0,1.0
PostSpark 3,A,ec3dbfd29,q-010,ai-central,1,1,3,1,0.0,1.0,1.0,1.0,0.333333,1.0,1.0,1.0,1.0,1.0
PostSpark 3,A,ec3dbfd29,q-011,ai-added,1,1,-1,9,0.0,0.0,0.0,0.0,0.0,0.0,0.0,0.0,1.0,0.111111
PostSpark 3,A,ec3dbfd29,q-012,ai-added,1,1,-1,8,0.0,0.0,0.0,0.0,0.0,0.0,0.0,0.0,1.0,0.125
PostSpark 3,A,ec3dbfd29,q-013,ai-added,1,1,-1,42,0.0,0.0,0.0,0.0,0.0,0.0,0.0,0.0,0.0,0.02381
PostSpark 3,A,ec3dbfd29,q-014,ai-stable,1,2,7,14,0.0,0.0,0.0,0.5,0.142857,0.0,0.0,0.0,0.0,0.071429
PostSpark 3,A,ec3dbfd29,q-015,feature-stable,1,3,88,2,0.0,0.0,0.0,0.0,0.011364,0.0,0.333333,0.333333,0.333333,0.5
PostSpark 3,A,ec3dbfd29,q-016,feature-added,1,1,-1,3,0.0,0.0,0.0,0.0,0.0,0.0,1.0,1.0,1.0,0.333333
PostSpark 3,A,ec3dbfd29,q-017,feature-added,1,2,-1,9,0.0,0.0,0.0,0.0,0.0,0.0,0.0,0.0,0.5,0.111111
PostSpark 3,A,ec3dbfd29,q-018,ai-added,1,2,-1,68,0.0,0.0,0.0,0.0,0.0,0.0,0.0,0.0,0.0,0.014706
PostSpark 3,A,ec3dbfd29,q-019,feature-stable,1,1,26,47,0.0,0.0,0.0,0.0,0.038462,0.0,0.0,0.0,0.0,0.021277
PostSpark 3,A,ec3dbfd29,q-020,ai-added-late,1,1,-1,29,0.0,0.0,0.0,0.0,0.0,0.0,0.0,0.0,0.0,0.034483
PostSpark 3,A,ec3dbfd29,q-023,ai-added,1,1,-1,92,0.0,0.0,0.0,0.0,0.0,0.0,0.0,0.0,0.0,0.01087
PostSpark 3,A,ec3dbfd29,q-024,ai-added,1,1,-1,118,0.0,0.0,0.0,0.0,0.0,0.0,0.0,0.0,0.0,0.008475
PostSpark 3,A,ec3dbfd29,q-025,editor-modified,1,1,-1,7,0.0,0.0,0.0,0.0,0.0,0.0,0.0,0.0,1.0,0.142857
PostSpark 3,A,ec3dbfd29,q-026,editor-added,1,1,-1,57,0.0,0.0,0.0,0.0,0.0,0.0,0.0,0.0,0.0,0.017544
PostSpark 3,A,ec3dbfd29,q-027,editor-modified,1,1,-1,29,0.0,0.0,0.0,0.0,0.0,0.0,0.0,0.0,0.0,0.034483
PostSpark 3,A,ec3dbfd29,q-028,editor-stable,1,1,1,1,1.0,1.0,1.0,1.0,1.0,1.0,1.0,1.0,1.0,1.0
PostSpark 3,A,ec3dbfd29,q-029,editor-modified,1,2,1,1,0.5,0.5,0.5,0.5,1.0,0.5,0.5,1.0,1.0,1.0
PostSpark 3,A,ec3dbfd29,q-032,client-central,1,1,15,2,0.0,0.0,0.0,0.0,0.066667,0.0,1.0,1.0,1.0,0.5
PostSpark 3,A,ec3dbfd29,q-033,client-infra,1,2,4,1,0.0,0.0,0.5,1.0,0.25,0.5,0.5,0.5,0.5,1.0
PostSpark 3,A,ec3dbfd29,q-034,feature-added,1,2,-1,42,0.0,0.0,0.0,0.0,0.0,0.0,0.0,0.0,0.0,0.02381
PostSpark 3,A,ec3dbfd29,q-035,config-central,1,1,113,249,0.0,0.0,0.0,0.0,0.00885,0.0,0.0,0.0,0.0,0.004016
PostSpark 3,A,ec3dbfd29,q-036,infra-central,1,1,52,92,0.0,0.0,0.0,0.0,0.019231,0.0,0.0,0.0,0.0,0.01087
PostSpark 3,A,ec3dbfd29,q-037,api-central,1,1,1,1,1.0,1.0,1.0,1.0,1.0,1.0,1.0,1.0,1.0,1.0
PostSpark 3,A,ec3dbfd29,q-038,feature-stable,1,1,15,16,0.0,0.0,0.0,0.0,0.066667,0.0,0.0,0.0,0.0,0.0625
PostSpark 3,A,ec3dbfd29,q-039,feature-stable,1,1,6,7,0.0,0.0,0.0,1.0,0.166667,0.0,0.0,0.0,1.0,0.142857
PostSpark 3,A,ec3dbfd29,q-040,feature-stable,1,3,51,88,0.0,0.0,0.0,0.0,0.019608,0.0,0.0,0.0,0.0,0.011364
PostSpark 3,A,ec3dbfd29,q-044,editor-deleted,1,2,9,13,0.0,0.0,0.0,0.5,0.111111,0.0,0.0,0.0,0.0,0.076923
PostSpark 3,A,ec3dbfd29,q-045,ui-deleted,1,1,2,6,0.0,1.0,1.0,1.0,0.5,0.0,0.0,0.0,1.0,0.166667
PostSpark 3,A,ec3dbfd29,q-046,view-added,1,1,3,2,0.0,1.0,1.0,1.0,0.333333,0.0,1.0,1.0,1.0,0.5
PostSpark 3,A,374597feb,q-001,auth-modified,1,2,122,135,0.0,0.0,0.0,0.0,0.008197,0.0,0.0,0.0,0.0,0.007407
PostSpark 3,A,374597feb,q-002,auth-central,1,3,2,58,0.0,0.333333,0.333333,0.333333,0.5,0.0,0.0,0.0,0.0,0.017241
PostSpark 3,A,374597feb,q-003,billing-central,1,2,1,2,0.5,0.5,1.0,1.0,1.0,0.0,0.5,0.5,1.0,0.5
PostSpark 3,A,374597feb,q-004,billing-infra,1,2,1,1,0.5,0.5,1.0,1.0,1.0,0.5,1.0,1.0,1.0,1.0
PostSpark 3,A,374597feb,q-005,ui-peripheral,1,1,1,1,1.0,1.0,1.0,1.0,1.0,1.0,1.0,1.0,1.0,1.0
PostSpark 3,A,374597feb,q-006,ui-peripheral,1,1,4,1,0.0,0.0,1.0,1.0,0.25,1.0,1.0,1.0,1.0,1.0
PostSpark 3,A,374597feb,q-007,db-config,1,1,74,129,0.0,0.0,0.0,0.0,0.013514,0.0,0.0,0.0,0.0,0.007752
PostSpark 3,A,374597feb,q-008,db-central,1,1,55,1,0.0,0.0,0.0,0.0,0.018182,1.0,1.0,1.0,1.0,1.0
PostSpark 3,A,374597feb,q-009,db-added,1,1,-1,1,0.0,0.0,0.0,0.0,0.0,1.0,1.0,1.0,1.0,1.0
PostSpark 3,A,374597feb,q-010,ai-central,1,1,3,1,0.0,1.0,1.0,1.0,0.333333,1.0,1.0,1.0,1.0,1.0
PostSpark 3,A,374597feb,q-011,ai-added,1,1,-1,17,0.0,0.0,0.0,0.0,0.0,0.0,0.0,0.0,0.0,0.058824
PostSpark 3,A,374597feb,q-012,ai-added,1,1,-1,11,0.0,0.0,0.0,0.0,0.0,0.0,0.0,0.0,0.0,0.090909
PostSpark 3,A,374597feb,q-013,ai-added,1,1,-1,51,0.0,0.0,0.0,0.0,0.0,0.0,0.0,0.0,0.0,0.019608
PostSpark 3,A,374597feb,q-014,ai-stable,1,2,7,108,0.0,0.0,0.0,0.5,0.142857,0.0,0.0,0.0,0.0,0.009259
PostSpark 3,A,374597feb,q-015,feature-stable,1,3,88,1,0.0,0.0,0.0,0.0,0.011364,0.333333,0.333333,0.333333,0.333333,1.0
PostSpark 3,A,374597feb,q-016,feature-added,1,1,-1,4,0.0,0.0,0.0,0.0,0.0,0.0,0.0,1.0,1.0,0.25
PostSpark 3,A,374597feb,q-017,feature-added,1,2,-1,6,0.0,0.0,0.0,0.0,0.0,0.0,0.0,0.0,0.5,0.166667
PostSpark 3,A,374597feb,q-018,ai-added,1,2,-1,9,0.0,0.0,0.0,0.0,0.0,0.0,0.0,0.0,0.5,0.111111
PostSpark 3,A,374597feb,q-019,feature-stable,1,1,26,53,0.0,0.0,0.0,0.0,0.038462,0.0,0.0,0.0,0.0,0.018868
PostSpark 3,A,374597feb,q-020,ai-added-late,1,2,-1,7,0.0,0.0,0.0,0.0,0.0,0.0,0.0,0.0,0.5,0.142857
PostSpark 3,A,374597feb,q-022,ai-added-late,1,1,-1,1,0.0,0.0,0.0,0.0,0.0,1.0,1.0,1.0,1.0,1.0
PostSpark 3,A,374597feb,q-023,ai-added,1,1,-1,68,0.0,0.0,0.0,0.0,0.0,0.0,0.0,0.0,0.0,0.014706
PostSpark 3,A,374597feb,q-024,ai-added,1,1,-1,129,0.0,0.0,0.0,0.0,0.0,0.0,0.0,0.0,0.0,0.007752
PostSpark 3,A,374597feb,q-025,editor-modified,1,1,-1,11,0.0,0.0,0.0,0.0,0.0,0.0,0.0,0.0,0.0,0.090909
PostSpark 3,A,374597feb,q-026,editor-added,1,1,-1,3,0.0,0.0,0.0,0.0,0.0,0.0,1.0,1.0,1.0,0.333333
PostSpark 3,A,374597feb,q-027,editor-modified,1,1,-1,10,0.0,0.0,0.0,0.0,0.0,0.0,0.0,0.0,1.0,0.1
PostSpark 3,A,374597feb,q-028,editor-stable,1,1,1,1,1.0,1.0,1.0,1.0,1.0,1.0,1.0,1.0,1.0,1.0
PostSpark 3,A,374597feb,q-029,editor-modified,1,1,-1,1,0.0,0.0,0.0,0.0,0.0,1.0,1.0,1.0,1.0,1.0
PostSpark 3,A,374597feb,q-032,client-central,1,1,15,7,0.0,0.0,0.0,0.0,0.066667,0.0,0.0,0.0,1.0,0.142857
PostSpark 3,A,374597feb,q-033,client-infra,1,2,4,1,0.0,0.0,0.5,1.0,0.25,0.5,0.5,0.5,0.5,1.0
PostSpark 3,A,374597feb,q-034,feature-added,1,2,-1,49,0.0,0.0,0.0,0.0,0.0,0.0,0.0,0.0,0.0,0.020408
PostSpark 3,A,374597feb,q-035,config-central,1,1,113,158,0.0,0.0,0.0,0.0,0.00885,0.0,0.0,0.0,0.0,0.006329
PostSpark 3,A,374597feb,q-036,infra-central,1,1,52,58,0.0,0.0,0.0,0.0,0.019231,0.0,0.0,0.0,0.0,0.017241
PostSpark 3,A,374597feb,q-037,api-central,1,1,1,1,1.0,1.0,1.0,1.0,1.0,1.0,1.0,1.0,1.0,1.0
PostSpark 3,A,374597feb,q-038,feature-stable,1,1,15,17,0.0,0.0,0.0,0.0,0.066667,0.0,0.0,0.0,0.0,0.058824
PostSpark 3,A,374597feb,q-039,feature-stable,1,1,6,26,0.0,0.0,0.0,1.0,0.166667,0.0,0.0,0.0,0.0,0.038462
PostSpark 3,A,374597feb,q-040,feature-stable,1,3,51,92,0.0,0.0,0.0,0.0,0.019608,0.0,0.0,0.0,0.0,0.01087
PostSpark 3,A,374597feb,q-041,subsystem-added-late,1,3,-1,2,0.0,0.0,0.0,0.0,0.0,0.0,0.333333,0.333333,1.0,0.5
PostSpark 3,A,374597feb,q-042,ui-added-late,1,2,-1,4,0.0,0.0,0.0,0.0,0.0,0.0,0.0,0.5,1.0,0.25
PostSpark 3,A,374597feb,q-044,editor-deleted,1,2,9,12,0.0,0.0,0.0,0.5,0.111111,0.0,0.0,0.0,0.0,0.083333
PostSpark 3,A,374597feb,q-046,view-added,1,1,3,2,0.0,1.0,1.0,1.0,0.333333,0.0,1.0,1.0,1.0,0.5
PostSpark 3,A,afd9e04a9,q-001,auth-modified,1,2,122,140,0.0,0.0,0.0,0.0,0.008197,0.0,0.0,0.0,0.0,0.007143
PostSpark 3,A,afd9e04a9,q-002,auth-central,1,3,2,56,0.0,0.333333,0.333333,0.333333,0.5,0.0,0.0,0.0,0.0,0.017857
PostSpark 3,A,afd9e04a9,q-003,billing-central,1,2,1,2,0.5,0.5,1.0,1.0,1.0,0.0,0.5,0.5,1.0,0.5
PostSpark 3,A,afd9e04a9,q-004,billing-infra,1,2,1,1,0.5,0.5,1.0,1.0,1.0,0.5,1.0,1.0,1.0,1.0
PostSpark 3,A,afd9e04a9,q-005,ui-peripheral,1,1,1,1,1.0,1.0,1.0,1.0,1.0,1.0,1.0,1.0,1.0,1.0
PostSpark 3,A,afd9e04a9,q-006,ui-peripheral,1,1,4,1,0.0,0.0,1.0,1.0,0.25,1.0,1.0,1.0,1.0,1.0
PostSpark 3,A,afd9e04a9,q-007,db-config,1,1,74,129,0.0,0.0,0.0,0.0,0.013514,0.0,0.0,0.0,0.0,0.007752
PostSpark 3,A,afd9e04a9,q-008,db-central,1,1,55,1,0.0,0.0,0.0,0.0,0.018182,1.0,1.0,1.0,1.0,1.0
PostSpark 3,A,afd9e04a9,q-009,db-added,1,1,-1,1,0.0,0.0,0.0,0.0,0.0,1.0,1.0,1.0,1.0,1.0
PostSpark 3,A,afd9e04a9,q-010,ai-central,1,1,3,1,0.0,1.0,1.0,1.0,0.333333,1.0,1.0,1.0,1.0,1.0
PostSpark 3,A,afd9e04a9,q-011,ai-added,1,1,-1,17,0.0,0.0,0.0,0.0,0.0,0.0,0.0,0.0,0.0,0.058824
PostSpark 3,A,afd9e04a9,q-012,ai-added,1,1,-1,12,0.0,0.0,0.0,0.0,0.0,0.0,0.0,0.0,0.0,0.083333
PostSpark 3,A,afd9e04a9,q-013,ai-added,1,1,-1,50,0.0,0.0,0.0,0.0,0.0,0.0,0.0,0.0,0.0,0.02
PostSpark 3,A,afd9e04a9,q-014,ai-stable,1,2,7,107,0.0,0.0,0.0,0.5,0.142857,0.0,0.0,0.0,0.0,0.009346
PostSpark 3,A,afd9e04a9,q-015,feature-stable,1,3,88,1,0.0,0.0,0.0,0.0,0.011364,0.333333,0.333333,0.333333,0.333333,1.0
PostSpark 3,A,afd9e04a9,q-016,feature-added,1,1,-1,4,0.0,0.0,0.0,0.0,0.0,0.0,0.0,1.0,1.0,0.25
PostSpark 3,A,afd9e04a9,q-017,feature-added,1,2,-1,6,0.0,0.0,0.0,0.0,0.0,0.0,0.0,0.0,0.5,0.166667
PostSpark 3,A,afd9e04a9,q-018,ai-added,1,2,-1,10,0.0,0.0,0.0,0.0,0.0,0.0,0.0,0.0,0.5,0.1
PostSpark 3,A,afd9e04a9,q-019,feature-stable,1,1,26,55,0.0,0.0,0.0,0.0,0.038462,0.0,0.0,0.0,0.0,0.018182
PostSpark 3,A,afd9e04a9,q-020,ai-added-late,1,2,-1,7,0.0,0.0,0.0,0.0,0.0,0.0,0.0,0.0,0.5,0.142857
PostSpark 3,A,afd9e04a9,q-022,ai-added-late,1,1,-1,1,0.0,0.0,0.0,0.0,0.0,1.0,1.0,1.0,1.0,1.0
PostSpark 3,A,afd9e04a9,q-023,ai-added,1,1,-1,66,0.0,0.0,0.0,0.0,0.0,0.0,0.0,0.0,0.0,0.015152
PostSpark 3,A,afd9e04a9,q-024,ai-added,1,1,-1,126,0.0,0.0,0.0,0.0,0.0,0.0,0.0,0.0,0.0,0.007937
PostSpark 3,A,afd9e04a9,q-025,editor-modified,1,1,-1,7,0.0,0.0,0.0,0.0,0.0,0.0,0.0,0.0,1.0,0.142857
PostSpark 3,A,afd9e04a9,q-026,editor-added,1,1,-1,4,0.0,0.0,0.0,0.0,0.0,0.0,0.0,1.0,1.0,0.25
PostSpark 3,A,afd9e04a9,q-027,editor-modified,1,2,-1,108,0.0,0.0,0.0,0.0,0.0,0.0,0.0,0.0,0.0,0.009259
PostSpark 3,A,afd9e04a9,q-028,editor-stable,1,1,1,1,1.0,1.0,1.0,1.0,1.0,1.0,1.0,1.0,1.0,1.0
PostSpark 3,A,afd9e04a9,q-029,editor-modified,1,1,-1,1,0.0,0.0,0.0,0.0,0.0,1.0,1.0,1.0,1.0,1.0
PostSpark 3,A,afd9e04a9,q-032,client-central,1,1,15,7,0.0,0.0,0.0,0.0,0.066667,0.0,0.0,0.0,1.0,0.142857
PostSpark 3,A,afd9e04a9,q-033,client-infra,1,2,4,1,0.0,0.0,0.5,1.0,0.25,0.5,0.5,0.5,0.5,1.0
PostSpark 3,A,afd9e04a9,q-034,feature-added,1,2,-1,47,0.0,0.0,0.0,0.0,0.0,0.0,0.0,0.0,0.0,0.021277
PostSpark 3,A,afd9e04a9,q-035,config-central,1,1,113,159,0.0,0.0,0.0,0.0,0.00885,0.0,0.0,0.0,0.0,0.006289
PostSpark 3,A,afd9e04a9,q-036,infra-central,1,1,52,58,0.0,0.0,0.0,0.0,0.019231,0.0,0.0,0.0,0.0,0.017241
PostSpark 3,A,afd9e04a9,q-037,api-central,1,1,1,1,1.0,1.0,1.0,1.0,1.0,1.0,1.0,1.0,1.0,1.0
PostSpark 3,A,afd9e04a9,q-038,feature-stable,1,1,15,17,0.0,0.0,0.0,0.0,0.066667,0.0,0.0,0.0,0.0,0.058824
PostSpark 3,A,afd9e04a9,q-039,feature-stable,1,1,6,26,0.0,0.0,0.0,1.0,0.166667,0.0,0.0,0.0,0.0,0.038462
PostSpark 3,A,afd9e04a9,q-040,feature-stable,1,3,51,90,0.0,0.0,0.0,0.0,0.019608,0.0,0.0,0.0,0.0,0.011111
PostSpark 3,A,afd9e04a9,q-041,subsystem-added-late,1,3,-1,2,0.0,0.0,0.0,0.0,0.0,0.0,0.333333,0.333333,1.0,0.5
PostSpark 3,A,afd9e04a9,q-042,ui-added-late,1,2,-1,4,0.0,0.0,0.0,0.0,0.0,0.0,0.0,0.5,1.0,0.25
PostSpark 3,A,afd9e04a9,q-046,view-added,1,1,3,2,0.0,1.0,1.0,1.0,0.333333,0.0,1.0,1.0,1.0,0.5
PostSpark 3,A,458bf5862,q-001,auth-modified,1,2,122,139,0.0,0.0,0.0,0.0,0.008197,0.0,0.0,0.0,0.0,0.007194
PostSpark 3,A,458bf5862,q-002,auth-central,1,3,2,56,0.0,0.333333,0.333333,0.333333,0.5,0.0,0.0,0.0,0.0,0.017857
PostSpark 3,A,458bf5862,q-003,billing-central,1,2,1,2,0.5,0.5,1.0,1.0,1.0,0.0,0.5,0.5,1.0,0.5
PostSpark 3,A,458bf5862,q-004,billing-infra,1,2,1,1,0.5,0.5,1.0,1.0,1.0,0.5,1.0,1.0,1.0,1.0
PostSpark 3,A,458bf5862,q-005,ui-peripheral,1,1,1,1,1.0,1.0,1.0,1.0,1.0,1.0,1.0,1.0,1.0,1.0
PostSpark 3,A,458bf5862,q-006,ui-peripheral,1,1,4,1,0.0,0.0,1.0,1.0,0.25,1.0,1.0,1.0,1.0,1.0
PostSpark 3,A,458bf5862,q-007,db-config,1,1,74,129,0.0,0.0,0.0,0.0,0.013514,0.0,0.0,0.0,0.0,0.007752
PostSpark 3,A,458bf5862,q-008,db-central,1,1,55,1,0.0,0.0,0.0,0.0,0.018182,1.0,1.0,1.0,1.0,1.0
PostSpark 3,A,458bf5862,q-009,db-added,1,1,-1,1,0.0,0.0,0.0,0.0,0.0,1.0,1.0,1.0,1.0,1.0
PostSpark 3,A,458bf5862,q-010,ai-central,1,1,3,1,0.0,1.0,1.0,1.0,0.333333,1.0,1.0,1.0,1.0,1.0
PostSpark 3,A,458bf5862,q-011,ai-added,1,1,-1,17,0.0,0.0,0.0,0.0,0.0,0.0,0.0,0.0,0.0,0.058824
PostSpark 3,A,458bf5862,q-012,ai-added,1,1,-1,12,0.0,0.0,0.0,0.0,0.0,0.0,0.0,0.0,0.0,0.083333
PostSpark 3,A,458bf5862,q-013,ai-added,1,1,-1,51,0.0,0.0,0.0,0.0,0.0,0.0,0.0,0.0,0.0,0.019608
PostSpark 3,A,458bf5862,q-014,ai-stable,1,2,7,107,0.0,0.0,0.0,0.5,0.142857,0.0,0.0,0.0,0.0,0.009346
PostSpark 3,A,458bf5862,q-015,feature-stable,1,3,88,1,0.0,0.0,0.0,0.0,0.011364,0.333333,0.333333,0.333333,0.333333,1.0
PostSpark 3,A,458bf5862,q-016,feature-added,1,1,-1,4,0.0,0.0,0.0,0.0,0.0,0.0,0.0,1.0,1.0,0.25
PostSpark 3,A,458bf5862,q-017,feature-added,1,2,-1,7,0.0,0.0,0.0,0.0,0.0,0.0,0.0,0.0,0.5,0.142857
PostSpark 3,A,458bf5862,q-018,ai-added,1,2,-1,10,0.0,0.0,0.0,0.0,0.0,0.0,0.0,0.0,0.5,0.1
PostSpark 3,A,458bf5862,q-019,feature-stable,1,1,26,55,0.0,0.0,0.0,0.0,0.038462,0.0,0.0,0.0,0.0,0.018182
PostSpark 3,A,458bf5862,q-020,ai-added-late,1,2,-1,7,0.0,0.0,0.0,0.0,0.0,0.0,0.0,0.0,0.5,0.142857
PostSpark 3,A,458bf5862,q-022,ai-added-late,1,1,-1,1,0.0,0.0,0.0,0.0,0.0,1.0,1.0,1.0,1.0,1.0
PostSpark 3,A,458bf5862,q-023,ai-added,1,1,-1,66,0.0,0.0,0.0,0.0,0.0,0.0,0.0,0.0,0.0,0.015152
PostSpark 3,A,458bf5862,q-024,ai-added,1,1,-1,127,0.0,0.0,0.0,0.0,0.0,0.0,0.0,0.0,0.0,0.007874
PostSpark 3,A,458bf5862,q-025,editor-modified,1,2,-1,7,0.0,0.0,0.0,0.0,0.0,0.0,0.0,0.0,0.5,0.142857
PostSpark 3,A,458bf5862,q-026,editor-added,1,1,-1,2,0.0,0.0,0.0,0.0,0.0,0.0,1.0,1.0,1.0,0.5
PostSpark 3,A,458bf5862,q-027,editor-modified,1,2,-1,106,0.0,0.0,0.0,0.0,0.0,0.0,0.0,0.0,0.0,0.009434
PostSpark 3,A,458bf5862,q-028,editor-stable,1,1,1,1,1.0,1.0,1.0,1.0,1.0,1.0,1.0,1.0,1.0,1.0
PostSpark 3,A,458bf5862,q-029,editor-modified,1,1,-1,1,0.0,0.0,0.0,0.0,0.0,1.0,1.0,1.0,1.0,1.0
PostSpark 3,A,458bf5862,q-030,editor-added-late,1,1,-1,2,0.0,0.0,0.0,0.0,0.0,0.0,1.0,1.0,1.0,0.5
PostSpark 3,A,458bf5862,q-031,editor-added-late,1,2,-1,114,0.0,0.0,0.0,0.0,0.0,0.0,0.0,0.0,0.0,0.008772
PostSpark 3,A,458bf5862,q-032,client-central,1,1,15,7,0.0,0.0,0.0,0.0,0.066667,0.0,0.0,0.0,1.0,0.142857
PostSpark 3,A,458bf5862,q-033,client-infra,1,2,4,1,0.0,0.0,0.5,1.0,0.25,0.5,0.5,0.5,0.5,1.0
PostSpark 3,A,458bf5862,q-034,feature-added,1,2,-1,47,0.0,0.0,0.0,0.0,0.0,0.0,0.0,0.0,0.0,0.021277
PostSpark 3,A,458bf5862,q-035,config-central,1,1,113,159,0.0,0.0,0.0,0.0,0.00885,0.0,0.0,0.0,0.0,0.006289
PostSpark 3,A,458bf5862,q-036,infra-central,1,1,52,58,0.0,0.0,0.0,0.0,0.019231,0.0,0.0,0.0,0.0,0.017241
PostSpark 3,A,458bf5862,q-037,api-central,1,1,1,1,1.0,1.0,1.0,1.0,1.0,1.0,1.0,1.0,1.0,1.0
PostSpark 3,A,458bf5862,q-038,feature-stable,1,1,15,18,0.0,0.0,0.0,0.0,0.066667,0.0,0.0,0.0,0.0,0.055556
PostSpark 3,A,458bf5862,q-039,feature-stable,1,1,6,27,0.0,0.0,0.0,1.0,0.166667,0.0,0.0,0.0,0.0,0.037037
PostSpark 3,A,458bf5862,q-040,feature-stable,1,3,51,90,0.0,0.0,0.0,0.0,0.019608,0.0,0.0,0.0,0.0,0.011111
PostSpark 3,A,458bf5862,q-041,subsystem-added-late,1,3,-1,2,0.0,0.0,0.0,0.0,0.0,0.0,0.333333,0.333333,1.0,0.5
PostSpark 3,A,458bf5862,q-042,ui-added-late,1,2,-1,4,0.0,0.0,0.0,0.0,0.0,0.0,0.0,0.5,1.0,0.25
PostSpark 3,A,458bf5862,q-046,view-added,1,1,3,2,0.0,1.0,1.0,1.0,0.333333,0.0,1.0,1.0,1.0,0.5
PostSpark 3,A,fbe27e0bf,q-001,auth-modified,1,2,122,138,0.0,0.0,0.0,0.0,0.008197,0.0,0.0,0.0,0.0,0.007246
PostSpark 3,A,fbe27e0bf,q-002,auth-central,1,3,2,57,0.0,0.333333,0.333333,0.333333,0.5,0.0,0.0,0.0,0.0,0.017544
PostSpark 3,A,fbe27e0bf,q-003,billing-central,1,2,1,2,0.5,0.5,1.0,1.0,1.0,0.0,0.5,0.5,1.0,0.5
PostSpark 3,A,fbe27e0bf,q-004,billing-infra,1,2,1,1,0.5,0.5,1.0,1.0,1.0,0.5,1.0,1.0,1.0,1.0
PostSpark 3,A,fbe27e0bf,q-005,ui-peripheral,1,1,1,1,1.0,1.0,1.0,1.0,1.0,1.0,1.0,1.0,1.0,1.0
PostSpark 3,A,fbe27e0bf,q-006,ui-peripheral,1,1,4,1,0.0,0.0,1.0,1.0,0.25,1.0,1.0,1.0,1.0,1.0
PostSpark 3,A,fbe27e0bf,q-007,db-config,1,1,74,129,0.0,0.0,0.0,0.0,0.013514,0.0,0.0,0.0,0.0,0.007752
PostSpark 3,A,fbe27e0bf,q-008,db-central,1,1,55,1,0.0,0.0,0.0,0.0,0.018182,1.0,1.0,1.0,1.0,1.0
PostSpark 3,A,fbe27e0bf,q-009,db-added,1,1,-1,1,0.0,0.0,0.0,0.0,0.0,1.0,1.0,1.0,1.0,1.0
PostSpark 3,A,fbe27e0bf,q-010,ai-central,1,1,3,1,0.0,1.0,1.0,1.0,0.333333,1.0,1.0,1.0,1.0,1.0
PostSpark 3,A,fbe27e0bf,q-011,ai-added,1,1,-1,16,0.0,0.0,0.0,0.0,0.0,0.0,0.0,0.0,0.0,0.0625
PostSpark 3,A,fbe27e0bf,q-012,ai-added,1,1,-1,12,0.0,0.0,0.0,0.0,0.0,0.0,0.0,0.0,0.0,0.083333
PostSpark 3,A,fbe27e0bf,q-013,ai-added,1,1,-1,51,0.0,0.0,0.0,0.0,0.0,0.0,0.0,0.0,0.0,0.019608
PostSpark 3,A,fbe27e0bf,q-014,ai-stable,1,2,7,107,0.0,0.0,0.0,0.5,0.142857,0.0,0.0,0.0,0.0,0.009346
PostSpark 3,A,fbe27e0bf,q-015,feature-stable,1,3,88,1,0.0,0.0,0.0,0.0,0.011364,0.333333,0.333333,0.333333,0.333333,1.0
PostSpark 3,A,fbe27e0bf,q-016,feature-added,1,1,-1,4,0.0,0.0,0.0,0.0,0.0,0.0,0.0,1.0,1.0,0.25
PostSpark 3,A,fbe27e0bf,q-017,feature-added,1,2,-1,6,0.0,0.0,0.0,0.0,0.0,0.0,0.0,0.0,0.5,0.166667
PostSpark 3,A,fbe27e0bf,q-018,ai-added,1,2,-1,10,0.0,0.0,0.0,0.0,0.0,0.0,0.0,0.0,0.5,0.1
PostSpark 3,A,fbe27e0bf,q-019,feature-stable,1,1,26,55,0.0,0.0,0.0,0.0,0.038462,0.0,0.0,0.0,0.0,0.018182
PostSpark 3,A,fbe27e0bf,q-020,ai-added-late,1,2,-1,7,0.0,0.0,0.0,0.0,0.0,0.0,0.0,0.0,0.5,0.142857
PostSpark 3,A,fbe27e0bf,q-022,ai-added-late,1,1,-1,1,0.0,0.0,0.0,0.0,0.0,1.0,1.0,1.0,1.0,1.0
PostSpark 3,A,fbe27e0bf,q-023,ai-added,1,1,-1,67,0.0,0.0,0.0,0.0,0.0,0.0,0.0,0.0,0.0,0.014925
PostSpark 3,A,fbe27e0bf,q-024,ai-added,1,1,-1,127,0.0,0.0,0.0,0.0,0.0,0.0,0.0,0.0,0.0,0.007874
PostSpark 3,A,fbe27e0bf,q-025,editor-modified,1,2,-1,7,0.0,0.0,0.0,0.0,0.0,0.0,0.0,0.0,0.5,0.142857
PostSpark 3,A,fbe27e0bf,q-026,editor-added,1,1,-1,2,0.0,0.0,0.0,0.0,0.0,0.0,1.0,1.0,1.0,0.5
PostSpark 3,A,fbe27e0bf,q-027,editor-modified,1,2,-1,106,0.0,0.0,0.0,0.0,0.0,0.0,0.0,0.0,0.0,0.009434
PostSpark 3,A,fbe27e0bf,q-028,editor-stable,1,1,1,1,1.0,1.0,1.0,1.0,1.0,1.0,1.0,1.0,1.0,1.0
PostSpark 3,A,fbe27e0bf,q-029,editor-modified,1,1,-1,1,0.0,0.0,0.0,0.0,0.0,1.0,1.0,1.0,1.0,1.0
PostSpark 3,A,fbe27e0bf,q-030,editor-added-late,1,1,-1,2,0.0,0.0,0.0,0.0,0.0,0.0,1.0,1.0,1.0,0.5
PostSpark 3,A,fbe27e0bf,q-031,editor-added-late,1,2,-1,110,0.0,0.0,0.0,0.0,0.0,0.0,0.0,0.0,0.0,0.009091
PostSpark 3,A,fbe27e0bf,q-032,client-central,1,1,15,7,0.0,0.0,0.0,0.0,0.066667,0.0,0.0,0.0,1.0,0.142857
PostSpark 3,A,fbe27e0bf,q-033,client-infra,1,2,4,1,0.0,0.0,0.5,1.0,0.25,0.5,0.5,0.5,0.5,1.0
PostSpark 3,A,fbe27e0bf,q-034,feature-added,1,2,-1,47,0.0,0.0,0.0,0.0,0.0,0.0,0.0,0.0,0.0,0.021277
PostSpark 3,A,fbe27e0bf,q-035,config-central,1,1,113,159,0.0,0.0,0.0,0.0,0.00885,0.0,0.0,0.0,0.0,0.006289
PostSpark 3,A,fbe27e0bf,q-036,infra-central,1,1,52,58,0.0,0.0,0.0,0.0,0.019231,0.0,0.0,0.0,0.0,0.017241
PostSpark 3,A,fbe27e0bf,q-037,api-central,1,1,1,1,1.0,1.0,1.0,1.0,1.0,1.0,1.0,1.0,1.0,1.0
PostSpark 3,A,fbe27e0bf,q-038,feature-stable,1,1,15,17,0.0,0.0,0.0,0.0,0.066667,0.0,0.0,0.0,0.0,0.058824
PostSpark 3,A,fbe27e0bf,q-039,feature-stable,1,1,6,26,0.0,0.0,0.0,1.0,0.166667,0.0,0.0,0.0,0.0,0.038462
PostSpark 3,A,fbe27e0bf,q-040,feature-stable,1,3,51,90,0.0,0.0,0.0,0.0,0.019608,0.0,0.0,0.0,0.0,0.011111
PostSpark 3,A,fbe27e0bf,q-041,subsystem-added-late,1,3,-1,2,0.0,0.0,0.0,0.0,0.0,0.0,0.333333,0.333333,1.0,0.5
PostSpark 3,A,fbe27e0bf,q-042,ui-added-late,1,2,-1,4,0.0,0.0,0.0,0.0,0.0,0.0,0.0,0.5,1.0,0.25
PostSpark 3,A,fbe27e0bf,q-046,view-added,1,1,3,2,0.0,1.0,1.0,1.0,0.333333,0.0,1.0,1.0,1.0,0.5
PostSpark 3,A,e54d47184,q-001,auth-modified,1,2,122,138,0.0,0.0,0.0,0.0,0.008197,0.0,0.0,0.0,0.0,0.007246
PostSpark 3,A,e54d47184,q-002,auth-central,1,3,2,56,0.0,0.333333,0.333333,0.333333,0.5,0.0,0.0,0.0,0.0,0.017857
PostSpark 3,A,e54d47184,q-003,billing-central,1,2,1,2,0.5,0.5,1.0,1.0,1.0,0.0,0.5,0.5,1.0,0.5
PostSpark 3,A,e54d47184,q-004,billing-infra,1,2,1,1,0.5,0.5,1.0,1.0,1.0,0.5,1.0,1.0,1.0,1.0
PostSpark 3,A,e54d47184,q-005,ui-peripheral,1,1,1,1,1.0,1.0,1.0,1.0,1.0,1.0,1.0,1.0,1.0,1.0
PostSpark 3,A,e54d47184,q-006,ui-peripheral,1,1,4,1,0.0,0.0,1.0,1.0,0.25,1.0,1.0,1.0,1.0,1.0
PostSpark 3,A,e54d47184,q-007,db-config,1,1,74,129,0.0,0.0,0.0,0.0,0.013514,0.0,0.0,0.0,0.0,0.007752
PostSpark 3,A,e54d47184,q-008,db-central,1,1,55,1,0.0,0.0,0.0,0.0,0.018182,1.0,1.0,1.0,1.0,1.0
PostSpark 3,A,e54d47184,q-009,db-added,1,1,-1,1,0.0,0.0,0.0,0.0,0.0,1.0,1.0,1.0,1.0,1.0
PostSpark 3,A,e54d47184,q-010,ai-central,1,1,3,1,0.0,1.0,1.0,1.0,0.333333,1.0,1.0,1.0,1.0,1.0
PostSpark 3,A,e54d47184,q-011,ai-added,1,1,-1,16,0.0,0.0,0.0,0.0,0.0,0.0,0.0,0.0,0.0,0.0625
PostSpark 3,A,e54d47184,q-012,ai-added,1,1,-1,12,0.0,0.0,0.0,0.0,0.0,0.0,0.0,0.0,0.0,0.083333
PostSpark 3,A,e54d47184,q-013,ai-added,1,1,-1,49,0.0,0.0,0.0,0.0,0.0,0.0,0.0,0.0,0.0,0.020408
PostSpark 3,A,e54d47184,q-014,ai-stable,1,2,7,107,0.0,0.0,0.0,0.5,0.142857,0.0,0.0,0.0,0.0,0.009346
PostSpark 3,A,e54d47184,q-015,feature-stable,1,3,88,1,0.0,0.0,0.0,0.0,0.011364,0.333333,0.333333,0.333333,0.333333,1.0
PostSpark 3,A,e54d47184,q-016,feature-added,1,1,-1,4,0.0,0.0,0.0,0.0,0.0,0.0,0.0,1.0,1.0,0.25
PostSpark 3,A,e54d47184,q-017,feature-added,1,2,-1,6,0.0,0.0,0.0,0.0,0.0,0.0,0.0,0.0,0.5,0.166667
PostSpark 3,A,e54d47184,q-018,ai-added,1,2,-1,10,0.0,0.0,0.0,0.0,0.0,0.0,0.0,0.0,0.5,0.1
PostSpark 3,A,e54d47184,q-019,feature-stable,1,1,26,55,0.0,0.0,0.0,0.0,0.038462,0.0,0.0,0.0,0.0,0.018182
PostSpark 3,A,e54d47184,q-020,ai-added-late,1,2,-1,7,0.0,0.0,0.0,0.0,0.0,0.0,0.0,0.0,0.5,0.142857
PostSpark 3,A,e54d47184,q-022,ai-added-late,1,1,-1,1,0.0,0.0,0.0,0.0,0.0,1.0,1.0,1.0,1.0,1.0
PostSpark 3,A,e54d47184,q-023,ai-added,1,1,-1,68,0.0,0.0,0.0,0.0,0.0,0.0,0.0,0.0,0.0,0.014706
PostSpark 3,A,e54d47184,q-024,ai-added,1,1,-1,127,0.0,0.0,0.0,0.0,0.0,0.0,0.0,0.0,0.0,0.007874
PostSpark 3,A,e54d47184,q-025,editor-modified,1,2,-1,7,0.0,0.0,0.0,0.0,0.0,0.0,0.0,0.0,0.5,0.142857
PostSpark 3,A,e54d47184,q-026,editor-added,1,1,-1,2,0.0,0.0,0.0,0.0,0.0,0.0,1.0,1.0,1.0,0.5
PostSpark 3,A,e54d47184,q-027,editor-modified,1,2,-1,106,0.0,0.0,0.0,0.0,0.0,0.0,0.0,0.0,0.0,0.009434
PostSpark 3,A,e54d47184,q-028,editor-stable,1,1,1,1,1.0,1.0,1.0,1.0,1.0,1.0,1.0,1.0,1.0,1.0
PostSpark 3,A,e54d47184,q-029,editor-modified,1,1,-1,1,0.0,0.0,0.0,0.0,0.0,1.0,1.0,1.0,1.0,1.0
PostSpark 3,A,e54d47184,q-030,editor-added-late,1,1,-1,2,0.0,0.0,0.0,0.0,0.0,0.0,1.0,1.0,1.0,0.5
PostSpark 3,A,e54d47184,q-031,editor-added-late,1,2,-1,110,0.0,0.0,0.0,0.0,0.0,0.0,0.0,0.0,0.0,0.009091
PostSpark 3,A,e54d47184,q-032,client-central,1,1,15,7,0.0,0.0,0.0,0.0,0.066667,0.0,0.0,0.0,1.0,0.142857
PostSpark 3,A,e54d47184,q-033,client-infra,1,2,4,1,0.0,0.0,0.5,1.0,0.25,0.5,0.5,0.5,0.5,1.0
PostSpark 3,A,e54d47184,q-034,feature-added,1,2,-1,45,0.0,0.0,0.0,0.0,0.0,0.0,0.0,0.0,0.0,0.022222
PostSpark 3,A,e54d47184,q-035,config-central,1,1,113,159,0.0,0.0,0.0,0.0,0.00885,0.0,0.0,0.0,0.0,0.006289
PostSpark 3,A,e54d47184,q-036,infra-central,1,1,52,57,0.0,0.0,0.0,0.0,0.019231,0.0,0.0,0.0,0.0,0.017544
PostSpark 3,A,e54d47184,q-037,api-central,1,1,1,1,1.0,1.0,1.0,1.0,1.0,1.0,1.0,1.0,1.0,1.0
PostSpark 3,A,e54d47184,q-038,feature-stable,1,1,15,16,0.0,0.0,0.0,0.0,0.066667,0.0,0.0,0.0,0.0,0.0625
PostSpark 3,A,e54d47184,q-039,feature-stable,1,1,6,26,0.0,0.0,0.0,1.0,0.166667,0.0,0.0,0.0,0.0,0.038462
PostSpark 3,A,e54d47184,q-040,feature-stable,1,3,51,90,0.0,0.0,0.0,0.0,0.019608,0.0,0.0,0.0,0.0,0.011111
PostSpark 3,A,e54d47184,q-041,subsystem-added-late,1,3,-1,2,0.0,0.0,0.0,0.0,0.0,0.0,0.333333,0.333333,1.0,0.5
PostSpark 3,A,e54d47184,q-042,ui-added-late,1,2,-1,4,0.0,0.0,0.0,0.0,0.0,0.0,0.0,0.5,1.0,0.25
PostSpark 3,A,e54d47184,q-046,view-added,1,1,3,2,0.0,1.0,1.0,1.0,0.333333,0.0,1.0,1.0,1.0,0.5
PostSpark 3,A,5b2c84088,q-001,auth-modified,1,2,122,138,0.0,0.0,0.0,0.0,0.008197,0.0,0.0,0.0,0.0,0.007246
PostSpark 3,A,5b2c84088,q-002,auth-central,1,3,2,56,0.0,0.333333,0.333333,0.333333,0.5,0.0,0.0,0.0,0.0,0.017857
PostSpark 3,A,5b2c84088,q-003,billing-central,1,2,1,2,0.5,0.5,1.0,1.0,1.0,0.0,0.5,0.5,1.0,0.5
PostSpark 3,A,5b2c84088,q-004,billing-infra,1,2,1,1,0.5,0.5,1.0,1.0,1.0,0.5,1.0,1.0,1.0,1.0
PostSpark 3,A,5b2c84088,q-005,ui-peripheral,1,1,1,1,1.0,1.0,1.0,1.0,1.0,1.0,1.0,1.0,1.0,1.0
PostSpark 3,A,5b2c84088,q-006,ui-peripheral,1,1,4,1,0.0,0.0,1.0,1.0,0.25,1.0,1.0,1.0,1.0,1.0
PostSpark 3,A,5b2c84088,q-007,db-config,1,1,74,129,0.0,0.0,0.0,0.0,0.013514,0.0,0.0,0.0,0.0,0.007752
PostSpark 3,A,5b2c84088,q-008,db-central,1,1,55,1,0.0,0.0,0.0,0.0,0.018182,1.0,1.0,1.0,1.0,1.0
PostSpark 3,A,5b2c84088,q-009,db-added,1,1,-1,1,0.0,0.0,0.0,0.0,0.0,1.0,1.0,1.0,1.0,1.0
PostSpark 3,A,5b2c84088,q-010,ai-central,1,1,3,1,0.0,1.0,1.0,1.0,0.333333,1.0,1.0,1.0,1.0,1.0
PostSpark 3,A,5b2c84088,q-011,ai-added,1,1,-1,16,0.0,0.0,0.0,0.0,0.0,0.0,0.0,0.0,0.0,0.0625
PostSpark 3,A,5b2c84088,q-012,ai-added,1,1,-1,12,0.0,0.0,0.0,0.0,0.0,0.0,0.0,0.0,0.0,0.083333
PostSpark 3,A,5b2c84088,q-013,ai-added,1,1,-1,48,0.0,0.0,0.0,0.0,0.0,0.0,0.0,0.0,0.0,0.020833
PostSpark 3,A,5b2c84088,q-014,ai-stable,1,2,7,107,0.0,0.0,0.0,0.5,0.142857,0.0,0.0,0.0,0.0,0.009346
PostSpark 3,A,5b2c84088,q-015,feature-stable,1,3,88,1,0.0,0.0,0.0,0.0,0.011364,0.333333,0.333333,0.333333,0.333333,1.0
PostSpark 3,A,5b2c84088,q-016,feature-added,1,1,-1,4,0.0,0.0,0.0,0.0,0.0,0.0,0.0,1.0,1.0,0.25
PostSpark 3,A,5b2c84088,q-017,feature-added,1,2,-1,6,0.0,0.0,0.0,0.0,0.0,0.0,0.0,0.0,0.5,0.166667
PostSpark 3,A,5b2c84088,q-018,ai-added,1,2,-1,10,0.0,0.0,0.0,0.0,0.0,0.0,0.0,0.0,0.5,0.1
PostSpark 3,A,5b2c84088,q-019,feature-stable,1,1,26,55,0.0,0.0,0.0,0.0,0.038462,0.0,0.0,0.0,0.0,0.018182
PostSpark 3,A,5b2c84088,q-020,ai-added-late,1,2,-1,7,0.0,0.0,0.0,0.0,0.0,0.0,0.0,0.0,0.5,0.142857
PostSpark 3,A,5b2c84088,q-022,ai-added-late,1,1,-1,1,0.0,0.0,0.0,0.0,0.0,1.0,1.0,1.0,1.0,1.0
PostSpark 3,A,5b2c84088,q-023,ai-added,1,1,-1,68,0.0,0.0,0.0,0.0,0.0,0.0,0.0,0.0,0.0,0.014706
PostSpark 3,A,5b2c84088,q-024,ai-added,1,1,-1,127,0.0,0.0,0.0,0.0,0.0,0.0,0.0,0.0,0.0,0.007874
PostSpark 3,A,5b2c84088,q-025,editor-modified,1,2,-1,7,0.0,0.0,0.0,0.0,0.0,0.0,0.0,0.0,0.5,0.142857
PostSpark 3,A,5b2c84088,q-026,editor-added,1,1,-1,2,0.0,0.0,0.0,0.0,0.0,0.0,1.0,1.0,1.0,0.5
PostSpark 3,A,5b2c84088,q-027,editor-modified,1,2,-1,106,0.0,0.0,0.0,0.0,0.0,0.0,0.0,0.0,0.0,0.009434
PostSpark 3,A,5b2c84088,q-028,editor-stable,1,1,1,1,1.0,1.0,1.0,1.0,1.0,1.0,1.0,1.0,1.0,1.0
PostSpark 3,A,5b2c84088,q-029,editor-modified,1,1,-1,1,0.0,0.0,0.0,0.0,0.0,1.0,1.0,1.0,1.0,1.0
PostSpark 3,A,5b2c84088,q-030,editor-added-late,1,1,-1,2,0.0,0.0,0.0,0.0,0.0,0.0,1.0,1.0,1.0,0.5
PostSpark 3,A,5b2c84088,q-031,editor-added-late,1,2,-1,110,0.0,0.0,0.0,0.0,0.0,0.0,0.0,0.0,0.0,0.009091
PostSpark 3,A,5b2c84088,q-032,client-central,1,1,15,7,0.0,0.0,0.0,0.0,0.066667,0.0,0.0,0.0,1.0,0.142857
PostSpark 3,A,5b2c84088,q-033,client-infra,1,2,4,1,0.0,0.0,0.5,1.0,0.25,0.5,0.5,0.5,0.5,1.0
PostSpark 3,A,5b2c84088,q-034,feature-added,1,2,-1,45,0.0,0.0,0.0,0.0,0.0,0.0,0.0,0.0,0.0,0.022222
PostSpark 3,A,5b2c84088,q-035,config-central,1,1,113,159,0.0,0.0,0.0,0.0,0.00885,0.0,0.0,0.0,0.0,0.006289
PostSpark 3,A,5b2c84088,q-036,infra-central,1,1,52,57,0.0,0.0,0.0,0.0,0.019231,0.0,0.0,0.0,0.0,0.017544
PostSpark 3,A,5b2c84088,q-037,api-central,1,1,1,1,1.0,1.0,1.0,1.0,1.0,1.0,1.0,1.0,1.0,1.0
PostSpark 3,A,5b2c84088,q-038,feature-stable,1,1,15,16,0.0,0.0,0.0,0.0,0.066667,0.0,0.0,0.0,0.0,0.0625
PostSpark 3,A,5b2c84088,q-039,feature-stable,1,1,6,25,0.0,0.0,0.0,1.0,0.166667,0.0,0.0,0.0,0.0,0.04
PostSpark 3,A,5b2c84088,q-040,feature-stable,1,3,51,90,0.0,0.0,0.0,0.0,0.019608,0.0,0.0,0.0,0.0,0.011111
PostSpark 3,A,5b2c84088,q-041,subsystem-added-late,1,3,-1,2,0.0,0.0,0.0,0.0,0.0,0.0,0.333333,0.333333,1.0,0.5
PostSpark 3,A,5b2c84088,q-042,ui-added-late,1,2,-1,4,0.0,0.0,0.0,0.0,0.0,0.0,0.0,0.5,1.0,0.25
PostSpark 3,A,5b2c84088,q-046,view-added,1,1,3,2,0.0,1.0,1.0,1.0,0.333333,0.0,1.0,1.0,1.0,0.5
PostSpark 3,A,29a4e15d7,q-001,auth-modified,1,2,122,183,0.0,0.0,0.0,0.0,0.008197,0.0,0.0,0.0,0.0,0.005464
PostSpark 3,A,29a4e15d7,q-002,auth-central,1,3,2,65,0.0,0.333333,0.333333,0.333333,0.5,0.0,0.0,0.0,0.0,0.015385
PostSpark 3,A,29a4e15d7,q-003,billing-central,1,2,1,1,0.5,0.5,1.0,1.0,1.0,0.5,0.5,0.5,1.0,1.0
PostSpark 3,A,29a4e15d7,q-004,billing-infra,1,2,1,1,0.5,0.5,1.0,1.0,1.0,0.5,1.0,1.0,1.0,1.0
PostSpark 3,A,29a4e15d7,q-005,ui-peripheral,1,1,1,1,1.0,1.0,1.0,1.0,1.0,1.0,1.0,1.0,1.0,1.0
PostSpark 3,A,29a4e15d7,q-006,ui-peripheral,1,1,4,1,0.0,0.0,1.0,1.0,0.25,1.0,1.0,1.0,1.0,1.0
PostSpark 3,A,29a4e15d7,q-007,db-config,1,1,74,145,0.0,0.0,0.0,0.0,0.013514,0.0,0.0,0.0,0.0,0.006897
PostSpark 3,A,29a4e15d7,q-008,db-central,1,1,55,18,0.0,0.0,0.0,0.0,0.018182,0.0,0.0,0.0,0.0,0.055556
PostSpark 3,A,29a4e15d7,q-009,db-added,1,1,-1,1,0.0,0.0,0.0,0.0,0.0,1.0,1.0,1.0,1.0,1.0
PostSpark 3,A,29a4e15d7,q-010,ai-central,1,1,3,1,0.0,1.0,1.0,1.0,0.333333,1.0,1.0,1.0,1.0,1.0
PostSpark 3,A,29a4e15d7,q-011,ai-added,1,1,-1,18,0.0,0.0,0.0,0.0,0.0,0.0,0.0,0.0,0.0,0.055556
PostSpark 3,A,29a4e15d7,q-012,ai-added,1,1,-1,10,0.0,0.0,0.0,0.0,0.0,0.0,0.0,0.0,1.0,0.1
PostSpark 3,A,29a4e15d7,q-013,ai-added,1,1,-1,55,0.0,0.0,0.0,0.0,0.0,0.0,0.0,0.0,0.0,0.018182
PostSpark 3,A,29a4e15d7,q-014,ai-stable,1,2,7,146,0.0,0.0,0.0,0.5,0.142857,0.0,0.0,0.0,0.0,0.006849
PostSpark 3,A,29a4e15d7,q-015,feature-stable,1,3,88,1,0.0,0.0,0.0,0.0,0.011364,0.333333,0.333333,0.333333,0.333333,1.0
PostSpark 3,A,29a4e15d7,q-016,feature-added,1,1,-1,4,0.0,0.0,0.0,0.0,0.0,0.0,0.0,1.0,1.0,0.25
PostSpark 3,A,29a4e15d7,q-017,feature-added,1,2,-1,8,0.0,0.0,0.0,0.0,0.0,0.0,0.0,0.0,0.5,0.125
PostSpark 3,A,29a4e15d7,q-018,ai-added,1,2,-1,11,0.0,0.0,0.0,0.0,0.0,0.0,0.0,0.0,0.0,0.090909
PostSpark 3,A,29a4e15d7,q-019,feature-stable,1,1,26,72,0.0,0.0,0.0,0.0,0.038462,0.0,0.0,0.0,0.0,0.013889
PostSpark 3,A,29a4e15d7,q-020,ai-added-late,1,2,-1,9,0.0,0.0,0.0,0.0,0.0,0.0,0.0,0.0,0.5,0.111111
PostSpark 3,A,29a4e15d7,q-021,subsystem-added-late,1,3,-1,5,0.0,0.0,0.0,0.0,0.0,0.0,0.0,0.333333,0.333333,0.2
PostSpark 3,A,29a4e15d7,q-022,ai-added-late,1,2,-1,2,0.0,0.0,0.0,0.0,0.0,0.0,0.5,0.5,0.5,0.5
PostSpark 3,A,29a4e15d7,q-023,ai-added,1,1,-1,78,0.0,0.0,0.0,0.0,0.0,0.0,0.0,0.0,0.0,0.012821
PostSpark 3,A,29a4e15d7,q-024,ai-added,1,1,-1,172,0.0,0.0,0.0,0.0,0.0,0.0,0.0,0.0,0.0,0.005814
PostSpark 3,A,29a4e15d7,q-025,editor-modified,1,2,-1,9,0.0,0.0,0.0,0.0,0.0,0.0,0.0,0.0,0.5,0.111111
PostSpark 3,A,29a4e15d7,q-026,editor-added,1,1,-1,6,0.0,0.0,0.0,0.0,0.0,0.0,0.0,0.0,1.0,0.166667
PostSpark 3,A,29a4e15d7,q-027,editor-modified,1,2,-1,139,0.0,0.0,0.0,0.0,0.0,0.0,0.0,0.0,0.0,0.007194
PostSpark 3,A,29a4e15d7,q-028,editor-stable,1,1,1,1,1.0,1.0,1.0,1.0,1.0,1.0,1.0,1.0,1.0,1.0
PostSpark 3,A,29a4e15d7,q-029,editor-modified,1,1,-1,1,0.0,0.0,0.0,0.0,0.0,1.0,1.0,1.0,1.0,1.0
PostSpark 3,A,29a4e15d7,q-030,editor-added-late,1,1,-1,2,0.0,0.0,0.0,0.0,0.0,0.0,1.0,1.0,1.0,0.5
PostSpark 3,A,29a4e15d7,q-031,editor-added-late,1,2,-1,2,0.0,0.0,0.0,0.0,0.0,0.0,0.5,0.5,0.5,0.5
PostSpark 3,A,29a4e15d7,q-032,client-central,1,1,15,9,0.0,0.0,0.0,0.0,0.066667,0.0,0.0,0.0,1.0,0.111111
PostSpark 3,A,29a4e15d7,q-033,client-infra,1,2,4,1,0.0,0.0,0.5,1.0,0.25,0.5,0.5,0.5,0.5,1.0
PostSpark 3,A,29a4e15d7,q-034,feature-added,1,2,-1,57,0.0,0.0,0.0,0.0,0.0,0.0,0.0,0.0,0.0,0.017544
PostSpark 3,A,29a4e15d7,q-035,config-central,1,1,113,277,0.0,0.0,0.0,0.0,0.00885,0.0,0.0,0.0,0.0,0.00361
PostSpark 3,A,29a4e15d7,q-036,infra-central,1,1,52,78,0.0,0.0,0.0,0.0,0.019231,0.0,0.0,0.0,0.0,0.012821
PostSpark 3,A,29a4e15d7,q-037,api-central,1,1,1,1,1.0,1.0,1.0,1.0,1.0,1.0,1.0,1.0,1.0,1.0
PostSpark 3,A,29a4e15d7,q-038,feature-stable,1,1,15,19,0.0,0.0,0.0,0.0,0.066667,0.0,0.0,0.0,0.0,0.052632
PostSpark 3,A,29a4e15d7,q-039,feature-stable,1,1,6,23,0.0,0.0,0.0,1.0,0.166667,0.0,0.0,0.0,0.0,0.043478
PostSpark 3,A,29a4e15d7,q-040,feature-stable,1,3,51,117,0.0,0.0,0.0,0.0,0.019608,0.0,0.0,0.0,0.0,0.008547
PostSpark 3,A,29a4e15d7,q-041,subsystem-added-late,1,3,-1,2,0.0,0.0,0.0,0.0,0.0,0.0,0.333333,0.333333,1.0,0.5
PostSpark 3,A,29a4e15d7,q-042,ui-added-late,1,2,-1,3,0.0,0.0,0.0,0.0,0.0,0.0,0.5,0.5,1.0,0.333333
PostSpark 3,A,29a4e15d7,q-043,subsystem-added-late,1,4,-1,11,0.0,0.0,0.0,0.0,0.0,0.0,0.0,0.0,0.0,0.090909
PostSpark 3,A,29a4e15d7,q-046,view-added,1,1,3,3,0.0,1.0,1.0,1.0,0.333333,0.0,1.0,1.0,1.0,0.333333
PostSpark 3,A,f4025186a,q-001,auth-modified,1,2,122,185,0.0,0.0,0.0,0.0,0.008197,0.0,0.0,0.0,0.0,0.005405
PostSpark 3,A,f4025186a,q-002,auth-central,1,3,2,65,0.0,0.333333,0.333333,0.333333,0.5,0.0,0.0,0.0,0.0,0.015385
PostSpark 3,A,f4025186a,q-003,billing-central,1,2,1,4,0.5,0.5,1.0,1.0,1.0,0.0,0.0,0.5,1.0,0.25
PostSpark 3,A,f4025186a,q-004,billing-infra,1,2,1,1,0.5,0.5,1.0,1.0,1.0,0.5,1.0,1.0,1.0,1.0
PostSpark 3,A,f4025186a,q-005,ui-peripheral,1,1,1,1,1.0,1.0,1.0,1.0,1.0,1.0,1.0,1.0,1.0,1.0
PostSpark 3,A,f4025186a,q-006,ui-peripheral,1,1,4,1,0.0,0.0,1.0,1.0,0.25,1.0,1.0,1.0,1.0,1.0
PostSpark 3,A,f4025186a,q-007,db-config,1,1,74,154,0.0,0.0,0.0,0.0,0.013514,0.0,0.0,0.0,0.0,0.006494
PostSpark 3,A,f4025186a,q-008,db-central,1,1,55,19,0.0,0.0,0.0,0.0,0.018182,0.0,0.0,0.0,0.0,0.052632
PostSpark 3,A,f4025186a,q-009,db-added,1,1,-1,1,0.0,0.0,0.0,0.0,0.0,1.0,1.0,1.0,1.0,1.0
PostSpark 3,A,f4025186a,q-010,ai-central,1,1,3,1,0.0,1.0,1.0,1.0,0.333333,1.0,1.0,1.0,1.0,1.0
PostSpark 3,A,f4025186a,q-011,ai-added,1,1,-1,24,0.0,0.0,0.0,0.0,0.0,0.0,0.0,0.0,0.0,0.041667
PostSpark 3,A,f4025186a,q-012,ai-added,1,1,-1,13,0.0,0.0,0.0,0.0,0.0,0.0,0.0,0.0,0.0,0.076923
PostSpark 3,A,f4025186a,q-013,ai-added,1,1,-1,59,0.0,0.0,0.0,0.0,0.0,0.0,0.0,0.0,0.0,0.016949
PostSpark 3,A,f4025186a,q-014,ai-stable,1,2,7,154,0.0,0.0,0.0,0.5,0.142857,0.0,0.0,0.0,0.0,0.006494
PostSpark 3,A,f4025186a,q-015,feature-stable,1,3,88,1,0.0,0.0,0.0,0.0,0.011364,0.333333,0.333333,0.333333,0.333333,1.0
PostSpark 3,A,f4025186a,q-016,feature-added,1,1,-1,3,0.0,0.0,0.0,0.0,0.0,0.0,1.0,1.0,1.0,0.333333
PostSpark 3,A,f4025186a,q-017,feature-added,1,2,-1,8,0.0,0.0,0.0,0.0,0.0,0.0,0.0,0.0,0.5,0.125
PostSpark 3,A,f4025186a,q-018,ai-added,1,2,-1,5,0.0,0.0,0.0,0.0,0.0,0.0,0.0,0.5,0.5,0.2
PostSpark 3,A,f4025186a,q-019,feature-stable,1,1,26,72,0.0,0.0,0.0,0.0,0.038462,0.0,0.0,0.0,0.0,0.013889
PostSpark 3,A,f4025186a,q-020,ai-added-late,1,2,-1,10,0.0,0.0,0.0,0.0,0.0,0.0,0.0,0.0,0.5,0.1
PostSpark 3,A,f4025186a,q-021,subsystem-added-late,1,3,-1,6,0.0,0.0,0.0,0.0,0.0,0.0,0.0,0.0,0.333333,0.166667
PostSpark 3,A,f4025186a,q-022,ai-added-late,1,2,-1,2,0.0,0.0,0.0,0.0,0.0,0.0,0.5,0.5,0.5,0.5
PostSpark 3,A,f4025186a,q-023,ai-added,1,1,-1,83,0.0,0.0,0.0,0.0,0.0,0.0,0.0,0.0,0.0,0.012048
PostSpark 3,A,f4025186a,q-024,ai-added,1,1,-1,184,0.0,0.0,0.0,0.0,0.0,0.0,0.0,0.0,0.0,0.005435
PostSpark 3,A,f4025186a,q-025,editor-modified,1,3,-1,8,0.0,0.0,0.0,0.0,0.0,0.0,0.0,0.0,0.333333,0.125
PostSpark 3,A,f4025186a,q-026,editor-added,1,1,-1,6,0.0,0.0,0.0,0.0,0.0,0.0,0.0,0.0,1.0,0.166667
PostSpark 3,A,f4025186a,q-027,editor-modified,1,2,-1,141,0.0,0.0,0.0,0.0,0.0,0.0,0.0,0.0,0.0,0.007092
PostSpark 3,A,f4025186a,q-028,editor-stable,1,1,1,1,1.0,1.0,1.0,1.0,1.0,1.0,1.0,1.0,1.0,1.0
PostSpark 3,A,f4025186a,q-029,editor-modified,1,1,-1,1,0.0,0.0,0.0,0.0,0.0,1.0,1.0,1.0,1.0,1.0
PostSpark 3,A,f4025186a,q-030,editor-added-late,1,1,-1,2,0.0,0.0,0.0,0.0,0.0,0.0,1.0,1.0,1.0,0.5
PostSpark 3,A,f4025186a,q-031,editor-added-late,1,2,-1,2,0.0,0.0,0.0,0.0,0.0,0.0,0.5,0.5,0.5,0.5
PostSpark 3,A,f4025186a,q-032,client-central,1,1,15,9,0.0,0.0,0.0,0.0,0.066667,0.0,0.0,0.0,1.0,0.111111
PostSpark 3,A,f4025186a,q-033,client-infra,1,2,4,1,0.0,0.0,0.5,1.0,0.25,0.5,0.5,0.5,0.5,1.0
PostSpark 3,A,f4025186a,q-034,feature-added,1,2,-1,57,0.0,0.0,0.0,0.0,0.0,0.0,0.0,0.0,0.0,0.017544
PostSpark 3,A,f4025186a,q-035,config-central,1,1,113,140,0.0,0.0,0.0,0.0,0.00885,0.0,0.0,0.0,0.0,0.007143
PostSpark 3,A,f4025186a,q-036,infra-central,1,1,52,82,0.0,0.0,0.0,0.0,0.019231,0.0,0.0,0.0,0.0,0.012195
PostSpark 3,A,f4025186a,q-037,api-central,1,1,1,5,1.0,1.0,1.0,1.0,1.0,0.0,0.0,1.0,1.0,0.2
PostSpark 3,A,f4025186a,q-038,feature-stable,1,1,15,24,0.0,0.0,0.0,0.0,0.066667,0.0,0.0,0.0,0.0,0.041667
PostSpark 3,A,f4025186a,q-039,feature-stable,1,1,6,24,0.0,0.0,0.0,1.0,0.166667,0.0,0.0,0.0,0.0,0.041667
PostSpark 3,A,f4025186a,q-040,feature-stable,1,3,51,120,0.0,0.0,0.0,0.0,0.019608,0.0,0.0,0.0,0.0,0.008333
PostSpark 3,A,f4025186a,q-041,subsystem-added-late,1,3,-1,2,0.0,0.0,0.0,0.0,0.0,0.0,0.333333,0.333333,1.0,0.5
PostSpark 3,A,f4025186a,q-042,ui-added-late,1,2,-1,3,0.0,0.0,0.0,0.0,0.0,0.0,0.5,1.0,1.0,0.333333
PostSpark 3,A,f4025186a,q-043,subsystem-added-late,1,4,-1,12,0.0,0.0,0.0,0.0,0.0,0.0,0.0,0.0,0.0,0.083333
PostSpark 3,A,f4025186a,q-046,view-added,1,1,3,2,0.0,1.0,1.0,1.0,0.333333,0.0,1.0,1.0,1.0,0.5
PostSpark 3,B,55fa51a8b,q-001,auth-modified,1,2,124,130,0.0,0.0,0.0,0.0,0.008065,0.0,0.0,0.0,0.0,0.007692
PostSpark 3,B,55fa51a8b,q-002,auth-central,1,3,46,56,0.0,0.0,0.0,0.0,0.021739,0.0,0.0,0.0,0.0,0.017857
PostSpark 3,B,55fa51a8b,q-003,billing-central,1,2,1,2,0.5,0.5,0.5,1.0,1.0,0.0,0.5,0.5,1.0,0.5
PostSpark 3,B,55fa51a8b,q-004,billing-infra,1,2,1,1,0.5,0.5,1.0,1.0,1.0,0.5,1.0,1.0,1.0,1.0
PostSpark 3,B,55fa51a8b,q-005,ui-peripheral,1,1,1,1,1.0,1.0,1.0,1.0,1.0,1.0,1.0,1.0,1.0,1.0
PostSpark 3,B,55fa51a8b,q-006,ui-peripheral,1,1,3,1,0.0,1.0,1.0,1.0,0.333333,1.0,1.0,1.0,1.0,1.0
PostSpark 3,B,55fa51a8b,q-007,db-config,1,1,121,125,0.0,0.0,0.0,0.0,0.008264,0.0,0.0,0.0,0.0,0.008
PostSpark 3,B,55fa51a8b,q-008,db-central,1,1,85,95,0.0,0.0,0.0,0.0,0.011765,0.0,0.0,0.0,0.0,0.010526
PostSpark 3,B,55fa51a8b,q-009,db-added,1,1,1,1,1.0,1.0,1.0,1.0,1.0,1.0,1.0,1.0,1.0,1.0
PostSpark 3,B,55fa51a8b,q-010,ai-central,1,1,1,1,1.0,1.0,1.0,1.0,1.0,1.0,1.0,1.0,1.0,1.0
PostSpark 3,B,55fa51a8b,q-011,ai-added,1,1,9,15,0.0,0.0,0.0,1.0,0.111111,0.0,0.0,0.0,0.0,0.066667
PostSpark 3,B,55fa51a8b,q-012,ai-added,1,1,8,11,0.0,0.0,0.0,1.0,0.125,0.0,0.0,0.0,0.0,0.090909
PostSpark 3,B,55fa51a8b,q-013,ai-added,1,1,42,51,0.0,0.0,0.0,0.0,0.02381,0.0,0.0,0.0,0.0,0.019608
PostSpark 3,B,55fa51a8b,q-014,ai-stable,1,2,14,100,0.0,0.0,0.0,0.0,0.071429,0.0,0.0,0.0,0.0,0.01
PostSpark 3,B,55fa51a8b,q-015,feature-stable,1,3,2,1,0.0,0.333333,0.333333,0.333333,0.5,0.333333,0.333333,0.333333,0.333333,1.0
PostSpark 3,B,55fa51a8b,q-016,feature-added,1,1,3,4,0.0,1.0,1.0,1.0,0.333333,0.0,0.0,1.0,1.0,0.25
PostSpark 3,B,55fa51a8b,q-017,feature-added,1,2,9,6,0.0,0.0,0.0,0.5,0.111111,0.0,0.0,0.0,0.5,0.166667
PostSpark 3,B,55fa51a8b,q-018,ai-added,1,2,68,8,0.0,0.0,0.0,0.0,0.014706,0.0,0.0,0.0,0.5,0.125
PostSpark 3,B,55fa51a8b,q-019,feature-stable,1,1,47,53,0.0,0.0,0.0,0.0,0.021277,0.0,0.0,0.0,0.0,0.018868
PostSpark 3,B,55fa51a8b,q-020,ai-added-late,1,2,29,7,0.0,0.0,0.0,0.0,0.034483,0.0,0.0,0.0,0.5,0.142857
PostSpark 3,B,55fa51a8b,q-022,ai-added-late,1,1,-1,1,0.0,0.0,0.0,0.0,0.0,1.0,1.0,1.0,1.0,1.0
PostSpark 3,B,55fa51a8b,q-023,ai-added,1,1,92,64,0.0,0.0,0.0,0.0,0.01087,0.0,0.0,0.0,0.0,0.015625
PostSpark 3,B,55fa51a8b,q-024,ai-added,1,1,118,125,0.0,0.0,0.0,0.0,0.008475,0.0,0.0,0.0,0.0,0.008
PostSpark 3,B,55fa51a8b,q-025,editor-modified,1,1,7,10,0.0,0.0,0.0,1.0,0.142857,0.0,0.0,0.0,1.0,0.1
PostSpark 3,B,55fa51a8b,q-026,editor-added,1,1,57,6,0.0,0.0,0.0,0.0,0.017544,0.0,0.0,0.0,1.0,0.166667
PostSpark 3,B,55fa51a8b,q-027,editor-modified,1,1,29,7,0.0,0.0,0.0,0.0,0.034483,0.0,0.0,0.0,1.0,0.142857
PostSpark 3,B,55fa51a8b,q-028,editor-stable,1,1,1,1,1.0,1.0,1.0,1.0,1.0,1.0,1.0,1.0,1.0,1.0
PostSpark 3,B,55fa51a8b,q-029,editor-modified,1,1,1,1,1.0,1.0,1.0,1.0,1.0,1.0,1.0,1.0,1.0,1.0
PostSpark 3,B,55fa51a8b,q-032,client-central,1,1,2,11,0.0,1.0,1.0,1.0,0.5,0.0,0.0,0.0,0.0,0.090909
PostSpark 3,B,55fa51a8b,q-033,client-infra,1,2,1,1,0.5,0.5,0.5,0.5,1.0,0.5,0.5,0.5,0.5,1.0
PostSpark 3,B,55fa51a8b,q-034,feature-added,1,2,42,48,0.0,0.0,0.0,0.0,0.02381,0.0,0.0,0.0,0.0,0.020833
PostSpark 3,B,55fa51a8b,q-035,config-central,1,1,249,153,0.0,0.0,0.0,0.0,0.004016,0.0,0.0,0.0,0.0,0.006536
PostSpark 3,B,55fa51a8b,q-036,infra-central,1,1,92,57,0.0,0.0,0.0,0.0,0.01087,0.0,0.0,0.0,0.0,0.017544
PostSpark 3,B,55fa51a8b,q-037,api-central,1,1,1,1,1.0,1.0,1.0,1.0,1.0,1.0,1.0,1.0,1.0,1.0
PostSpark 3,B,55fa51a8b,q-038,feature-stable,1,1,16,17,0.0,0.0,0.0,0.0,0.0625,0.0,0.0,0.0,0.0,0.058824
PostSpark 3,B,55fa51a8b,q-039,feature-stable,1,1,7,26,0.0,0.0,0.0,1.0,0.142857,0.0,0.0,0.0,0.0,0.038462
PostSpark 3,B,55fa51a8b,q-040,feature-stable,1,3,88,89,0.0,0.0,0.0,0.0,0.011364,0.0,0.0,0.0,0.0,0.011236
PostSpark 3,B,55fa51a8b,q-041,subsystem-added-late,1,3,-1,2,0.0,0.0,0.0,0.0,0.0,0.0,0.333333,0.333333,0.666667,0.5
PostSpark 3,B,55fa51a8b,q-042,ui-added-late,1,2,-1,4,0.0,0.0,0.0,0.0,0.0,0.0,0.0,0.5,1.0,0.25
PostSpark 3,B,55fa51a8b,q-044,editor-deleted,1,2,13,12,0.0,0.0,0.0,0.0,0.076923,0.0,0.0,0.0,0.0,0.083333
PostSpark 3,B,55fa51a8b,q-046,view-added,1,1,2,3,0.0,1.0,1.0,1.0,0.5,0.0,1.0,1.0,1.0,0.333333
PostSpark 3,B,374597feb,q-001,auth-modified,1,2,124,135,0.0,0.0,0.0,0.0,0.008065,0.0,0.0,0.0,0.0,0.007407
PostSpark 3,B,374597feb,q-002,auth-central,1,3,46,58,0.0,0.0,0.0,0.0,0.021739,0.0,0.0,0.0,0.0,0.017241
PostSpark 3,B,374597feb,q-003,billing-central,1,2,1,2,0.5,0.5,0.5,1.0,1.0,0.0,0.5,0.5,1.0,0.5
PostSpark 3,B,374597feb,q-004,billing-infra,1,2,1,1,0.5,0.5,1.0,1.0,1.0,0.5,1.0,1.0,1.0,1.0
PostSpark 3,B,374597feb,q-005,ui-peripheral,1,1,1,1,1.0,1.0,1.0,1.0,1.0,1.0,1.0,1.0,1.0,1.0
PostSpark 3,B,374597feb,q-006,ui-peripheral,1,1,3,1,0.0,1.0,1.0,1.0,0.333333,1.0,1.0,1.0,1.0,1.0
PostSpark 3,B,374597feb,q-007,db-config,1,1,121,129,0.0,0.0,0.0,0.0,0.008264,0.0,0.0,0.0,0.0,0.007752
PostSpark 3,B,374597feb,q-008,db-central,1,1,85,1,0.0,0.0,0.0,0.0,0.011765,1.0,1.0,1.0,1.0,1.0
PostSpark 3,B,374597feb,q-009,db-added,1,1,1,1,1.0,1.0,1.0,1.0,1.0,1.0,1.0,1.0,1.0,1.0
PostSpark 3,B,374597feb,q-010,ai-central,1,1,1,1,1.0,1.0,1.0,1.0,1.0,1.0,1.0,1.0,1.0,1.0
PostSpark 3,B,374597feb,q-011,ai-added,1,1,9,17,0.0,0.0,0.0,1.0,0.111111,0.0,0.0,0.0,0.0,0.058824
PostSpark 3,B,374597feb,q-012,ai-added,1,1,8,11,0.0,0.0,0.0,1.0,0.125,0.0,0.0,0.0,0.0,0.090909
PostSpark 3,B,374597feb,q-013,ai-added,1,1,42,51,0.0,0.0,0.0,0.0,0.02381,0.0,0.0,0.0,0.0,0.019608
PostSpark 3,B,374597feb,q-014,ai-stable,1,2,14,108,0.0,0.0,0.0,0.0,0.071429,0.0,0.0,0.0,0.0,0.009259
PostSpark 3,B,374597feb,q-015,feature-stable,1,3,2,1,0.0,0.333333,0.333333,0.333333,0.5,0.333333,0.333333,0.333333,0.333333,1.0
PostSpark 3,B,374597feb,q-016,feature-added,1,1,3,4,0.0,1.0,1.0,1.0,0.333333,0.0,0.0,1.0,1.0,0.25
PostSpark 3,B,374597feb,q-017,feature-added,1,2,9,6,0.0,0.0,0.0,0.5,0.111111,0.0,0.0,0.0,0.5,0.166667
PostSpark 3,B,374597feb,q-018,ai-added,1,2,68,9,0.0,0.0,0.0,0.0,0.014706,0.0,0.0,0.0,0.5,0.111111
PostSpark 3,B,374597feb,q-019,feature-stable,1,1,47,53,0.0,0.0,0.0,0.0,0.021277,0.0,0.0,0.0,0.0,0.018868
PostSpark 3,B,374597feb,q-020,ai-added-late,1,2,29,7,0.0,0.0,0.0,0.0,0.034483,0.0,0.0,0.0,0.5,0.142857
PostSpark 3,B,374597feb,q-022,ai-added-late,1,1,-1,1,0.0,0.0,0.0,0.0,0.0,1.0,1.0,1.0,1.0,1.0
PostSpark 3,B,374597feb,q-023,ai-added,1,1,92,68,0.0,0.0,0.0,0.0,0.01087,0.0,0.0,0.0,0.0,0.014706
PostSpark 3,B,374597feb,q-024,ai-added,1,1,118,129,0.0,0.0,0.0,0.0,0.008475,0.0,0.0,0.0,0.0,0.007752
PostSpark 3,B,374597feb,q-025,editor-modified,1,1,7,11,0.0,0.0,0.0,1.0,0.142857,0.0,0.0,0.0,0.0,0.090909
PostSpark 3,B,374597feb,q-026,editor-added,1,1,57,3,0.0,0.0,0.0,0.0,0.017544,0.0,1.0,1.0,1.0,0.333333
PostSpark 3,B,374597feb,q-027,editor-modified,1,1,29,10,0.0,0.0,0.0,0.0,0.034483,0.0,0.0,0.0,1.0,0.1
PostSpark 3,B,374597feb,q-028,editor-stable,1,1,1,1,1.0,1.0,1.0,1.0,1.0,1.0,1.0,1.0,1.0,1.0
PostSpark 3,B,374597feb,q-029,editor-modified,1,1,1,1,1.0,1.0,1.0,1.0,1.0,1.0,1.0,1.0,1.0,1.0
PostSpark 3,B,374597feb,q-032,client-central,1,1,2,7,0.0,1.0,1.0,1.0,0.5,0.0,0.0,0.0,1.0,0.142857
PostSpark 3,B,374597feb,q-033,client-infra,1,2,1,1,0.5,0.5,0.5,0.5,1.0,0.5,0.5,0.5,0.5,1.0
PostSpark 3,B,374597feb,q-034,feature-added,1,2,42,49,0.0,0.0,0.0,0.0,0.02381,0.0,0.0,0.0,0.0,0.020408
PostSpark 3,B,374597feb,q-035,config-central,1,1,249,158,0.0,0.0,0.0,0.0,0.004016,0.0,0.0,0.0,0.0,0.006329
PostSpark 3,B,374597feb,q-036,infra-central,1,1,92,58,0.0,0.0,0.0,0.0,0.01087,0.0,0.0,0.0,0.0,0.017241
PostSpark 3,B,374597feb,q-037,api-central,1,1,1,1,1.0,1.0,1.0,1.0,1.0,1.0,1.0,1.0,1.0,1.0
PostSpark 3,B,374597feb,q-038,feature-stable,1,1,16,17,0.0,0.0,0.0,0.0,0.0625,0.0,0.0,0.0,0.0,0.058824
PostSpark 3,B,374597feb,q-039,feature-stable,1,1,7,26,0.0,0.0,0.0,1.0,0.142857,0.0,0.0,0.0,0.0,0.038462
PostSpark 3,B,374597feb,q-040,feature-stable,1,3,88,92,0.0,0.0,0.0,0.0,0.011364,0.0,0.0,0.0,0.0,0.01087
PostSpark 3,B,374597feb,q-041,subsystem-added-late,1,3,-1,2,0.0,0.0,0.0,0.0,0.0,0.0,0.333333,0.333333,1.0,0.5
PostSpark 3,B,374597feb,q-042,ui-added-late,1,2,-1,4,0.0,0.0,0.0,0.0,0.0,0.0,0.0,0.5,1.0,0.25
PostSpark 3,B,374597feb,q-044,editor-deleted,1,2,13,12,0.0,0.0,0.0,0.0,0.076923,0.0,0.0,0.0,0.0,0.083333
PostSpark 3,B,374597feb,q-046,view-added,1,1,2,2,0.0,1.0,1.0,1.0,0.5,0.0,1.0,1.0,1.0,0.5
PostSpark 3,B,808174633,q-001,auth-modified,1,2,124,140,0.0,0.0,0.0,0.0,0.008065,0.0,0.0,0.0,0.0,0.007143
PostSpark 3,B,808174633,q-002,auth-central,1,3,46,56,0.0,0.0,0.0,0.0,0.021739,0.0,0.0,0.0,0.0,0.017857
PostSpark 3,B,808174633,q-003,billing-central,1,2,1,2,0.5,0.5,0.5,1.0,1.0,0.0,0.5,0.5,1.0,0.5
PostSpark 3,B,808174633,q-004,billing-infra,1,2,1,1,0.5,0.5,1.0,1.0,1.0,0.5,1.0,1.0,1.0,1.0
PostSpark 3,B,808174633,q-005,ui-peripheral,1,1,1,1,1.0,1.0,1.0,1.0,1.0,1.0,1.0,1.0,1.0,1.0
PostSpark 3,B,808174633,q-006,ui-peripheral,1,1,3,1,0.0,1.0,1.0,1.0,0.333333,1.0,1.0,1.0,1.0,1.0
PostSpark 3,B,808174633,q-007,db-config,1,1,121,129,0.0,0.0,0.0,0.0,0.008264,0.0,0.0,0.0,0.0,0.007752
PostSpark 3,B,808174633,q-008,db-central,1,1,85,1,0.0,0.0,0.0,0.0,0.011765,1.0,1.0,1.0,1.0,1.0
PostSpark 3,B,808174633,q-009,db-added,1,1,1,1,1.0,1.0,1.0,1.0,1.0,1.0,1.0,1.0,1.0,1.0
PostSpark 3,B,808174633,q-010,ai-central,1,1,1,1,1.0,1.0,1.0,1.0,1.0,1.0,1.0,1.0,1.0,1.0
PostSpark 3,B,808174633,q-011,ai-added,1,1,9,16,0.0,0.0,0.0,1.0,0.111111,0.0,0.0,0.0,0.0,0.0625
PostSpark 3,B,808174633,q-012,ai-added,1,1,8,13,0.0,0.0,0.0,1.0,0.125,0.0,0.0,0.0,0.0,0.076923
PostSpark 3,B,808174633,q-013,ai-added,1,1,42,49,0.0,0.0,0.0,0.0,0.02381,0.0,0.0,0.0,0.0,0.020408
PostSpark 3,B,808174633,q-014,ai-stable,1,2,14,107,0.0,0.0,0.0,0.0,0.071429,0.0,0.0,0.0,0.0,0.009346
PostSpark 3,B,808174633,q-015,feature-stable,1,3,2,1,0.0,0.333333,0.333333,0.333333,0.5,0.333333,0.333333,0.333333,0.333333,1.0
PostSpark 3,B,808174633,q-016,feature-added,1,1,3,4,0.0,1.0,1.0,1.0,0.333333,0.0,0.0,1.0,1.0,0.25
PostSpark 3,B,808174633,q-017,feature-added,1,2,9,6,0.0,0.0,0.0,0.5,0.111111,0.0,0.0,0.0,0.5,0.166667
PostSpark 3,B,808174633,q-018,ai-added,1,2,68,10,0.0,0.0,0.0,0.0,0.014706,0.0,0.0,0.0,0.5,0.1
PostSpark 3,B,808174633,q-019,feature-stable,1,1,47,55,0.0,0.0,0.0,0.0,0.021277,0.0,0.0,0.0,0.0,0.018182
PostSpark 3,B,808174633,q-020,ai-added-late,1,2,29,7,0.0,0.0,0.0,0.0,0.034483,0.0,0.0,0.0,0.5,0.142857
PostSpark 3,B,808174633,q-022,ai-added-late,1,1,-1,1,0.0,0.0,0.0,0.0,0.0,1.0,1.0,1.0,1.0,1.0
PostSpark 3,B,808174633,q-023,ai-added,1,1,92,66,0.0,0.0,0.0,0.0,0.01087,0.0,0.0,0.0,0.0,0.015152
PostSpark 3,B,808174633,q-024,ai-added,1,1,118,126,0.0,0.0,0.0,0.0,0.008475,0.0,0.0,0.0,0.0,0.007937
PostSpark 3,B,808174633,q-025,editor-modified,1,1,7,2,0.0,0.0,0.0,1.0,0.142857,0.0,1.0,1.0,1.0,0.5
PostSpark 3,B,808174633,q-026,editor-added,1,1,57,4,0.0,0.0,0.0,0.0,0.017544,0.0,0.0,1.0,1.0,0.25
PostSpark 3,B,808174633,q-027,editor-modified,1,2,29,108,0.0,0.0,0.0,0.0,0.034483,0.0,0.0,0.0,0.0,0.009259
PostSpark 3,B,808174633,q-028,editor-stable,1,1,1,1,1.0,1.0,1.0,1.0,1.0,1.0,1.0,1.0,1.0,1.0
PostSpark 3,B,808174633,q-029,editor-modified,1,1,1,1,1.0,1.0,1.0,1.0,1.0,1.0,1.0,1.0,1.0,1.0
PostSpark 3,B,808174633,q-032,client-central,1,1,2,7,0.0,1.0,1.0,1.0,0.5,0.0,0.0,0.0,1.0,0.142857
PostSpark 3,B,808174633,q-033,client-infra,1,2,1,1,0.5,0.5,0.5,0.5,1.0,0.5,0.5,0.5,0.5,1.0
PostSpark 3,B,808174633,q-034,feature-added,1,2,42,47,0.0,0.0,0.0,0.0,0.02381,0.0,0.0,0.0,0.0,0.021277
PostSpark 3,B,808174633,q-035,config-central,1,1,249,159,0.0,0.0,0.0,0.0,0.004016,0.0,0.0,0.0,0.0,0.006289
PostSpark 3,B,808174633,q-036,infra-central,1,1,92,58,0.0,0.0,0.0,0.0,0.01087,0.0,0.0,0.0,0.0,0.017241
PostSpark 3,B,808174633,q-037,api-central,1,1,1,1,1.0,1.0,1.0,1.0,1.0,1.0,1.0,1.0,1.0,1.0
PostSpark 3,B,808174633,q-038,feature-stable,1,1,16,16,0.0,0.0,0.0,0.0,0.0625,0.0,0.0,0.0,0.0,0.0625
PostSpark 3,B,808174633,q-039,feature-stable,1,1,7,26,0.0,0.0,0.0,1.0,0.142857,0.0,0.0,0.0,0.0,0.038462
PostSpark 3,B,808174633,q-040,feature-stable,1,3,88,90,0.0,0.0,0.0,0.0,0.011364,0.0,0.0,0.0,0.0,0.011111
PostSpark 3,B,808174633,q-041,subsystem-added-late,1,3,-1,2,0.0,0.0,0.0,0.0,0.0,0.0,0.333333,0.333333,1.0,0.5
PostSpark 3,B,808174633,q-042,ui-added-late,1,2,-1,4,0.0,0.0,0.0,0.0,0.0,0.0,0.0,0.5,1.0,0.25
PostSpark 3,B,808174633,q-046,view-added,1,1,2,2,0.0,1.0,1.0,1.0,0.5,0.0,1.0,1.0,1.0,0.5
PostSpark 3,B,afd9e04a9,q-001,auth-modified,1,2,124,140,0.0,0.0,0.0,0.0,0.008065,0.0,0.0,0.0,0.0,0.007143
PostSpark 3,B,afd9e04a9,q-002,auth-central,1,3,46,56,0.0,0.0,0.0,0.0,0.021739,0.0,0.0,0.0,0.0,0.017857
PostSpark 3,B,afd9e04a9,q-003,billing-central,1,2,1,2,0.5,0.5,0.5,1.0,1.0,0.0,0.5,0.5,1.0,0.5
PostSpark 3,B,afd9e04a9,q-004,billing-infra,1,2,1,1,0.5,0.5,1.0,1.0,1.0,0.5,1.0,1.0,1.0,1.0
PostSpark 3,B,afd9e04a9,q-005,ui-peripheral,1,1,1,1,1.0,1.0,1.0,1.0,1.0,1.0,1.0,1.0,1.0,1.0
PostSpark 3,B,afd9e04a9,q-006,ui-peripheral,1,1,3,1,0.0,1.0,1.0,1.0,0.333333,1.0,1.0,1.0,1.0,1.0
PostSpark 3,B,afd9e04a9,q-007,db-config,1,1,121,129,0.0,0.0,0.0,0.0,0.008264,0.0,0.0,0.0,0.0,0.007752
PostSpark 3,B,afd9e04a9,q-008,db-central,1,1,85,1,0.0,0.0,0.0,0.0,0.011765,1.0,1.0,1.0,1.0,1.0
PostSpark 3,B,afd9e04a9,q-009,db-added,1,1,1,1,1.0,1.0,1.0,1.0,1.0,1.0,1.0,1.0,1.0,1.0
PostSpark 3,B,afd9e04a9,q-010,ai-central,1,1,1,1,1.0,1.0,1.0,1.0,1.0,1.0,1.0,1.0,1.0,1.0
PostSpark 3,B,afd9e04a9,q-011,ai-added,1,1,9,17,0.0,0.0,0.0,1.0,0.111111,0.0,0.0,0.0,0.0,0.058824
PostSpark 3,B,afd9e04a9,q-012,ai-added,1,1,8,12,0.0,0.0,0.0,1.0,0.125,0.0,0.0,0.0,0.0,0.083333
PostSpark 3,B,afd9e04a9,q-013,ai-added,1,1,42,50,0.0,0.0,0.0,0.0,0.02381,0.0,0.0,0.0,0.0,0.02
PostSpark 3,B,afd9e04a9,q-014,ai-stable,1,2,14,107,0.0,0.0,0.0,0.0,0.071429,0.0,0.0,0.0,0.0,0.009346
PostSpark 3,B,afd9e04a9,q-015,feature-stable,1,3,2,1,0.0,0.333333,0.333333,0.333333,0.5,0.333333,0.333333,0.333333,0.333333,1.0
PostSpark 3,B,afd9e04a9,q-016,feature-added,1,1,3,4,0.0,1.0,1.0,1.0,0.333333,0.0,0.0,1.0,1.0,0.25
PostSpark 3,B,afd9e04a9,q-017,feature-added,1,2,9,6,0.0,0.0,0.0,0.5,0.111111,0.0,0.0,0.0,0.5,0.166667
PostSpark 3,B,afd9e04a9,q-018,ai-added,1,2,68,10,0.0,0.0,0.0,0.0,0.014706,0.0,0.0,0.0,0.5,0.1
PostSpark 3,B,afd9e04a9,q-019,feature-stable,1,1,47,55,0.0,0.0,0.0,0.0,0.021277,0.0,0.0,0.0,0.0,0.018182
PostSpark 3,B,afd9e04a9,q-020,ai-added-late,1,2,29,7,0.0,0.0,0.0,0.0,0.034483,0.0,0.0,0.0,0.5,0.142857
PostSpark 3,B,afd9e04a9,q-022,ai-added-late,1,1,-1,1,0.0,0.0,0.0,0.0,0.0,1.0,1.0,1.0,1.0,1.0
PostSpark 3,B,afd9e04a9,q-023,ai-added,1,1,92,66,0.0,0.0,0.0,0.0,0.01087,0.0,0.0,0.0,0.0,0.015152
PostSpark 3,B,afd9e04a9,q-024,ai-added,1,1,118,126,0.0,0.0,0.0,0.0,0.008475,0.0,0.0,0.0,0.0,0.007937
PostSpark 3,B,afd9e04a9,q-025,editor-modified,1,1,7,7,0.0,0.0,0.0,1.0,0.142857,0.0,0.0,0.0,1.0,0.142857
PostSpark 3,B,afd9e04a9,q-026,editor-added,1,1,57,4,0.0,0.0,0.0,0.0,0.017544,0.0,0.0,1.0,1.0,0.25
PostSpark 3,B,afd9e04a9,q-027,editor-modified,1,2,29,108,0.0,0.0,0.0,0.0,0.034483,0.0,0.0,0.0,0.0,0.009259
PostSpark 3,B,afd9e04a9,q-028,editor-stable,1,1,1,1,1.0,1.0,1.0,1.0,1.0,1.0,1.0,1.0,1.0,1.0
PostSpark 3,B,afd9e04a9,q-029,editor-modified,1,1,1,1,1.0,1.0,1.0,1.0,1.0,1.0,1.0,1.0,1.0,1.0
PostSpark 3,B,afd9e04a9,q-032,client-central,1,1,2,7,0.0,1.0,1.0,1.0,0.5,0.0,0.0,0.0,1.0,0.142857
PostSpark 3,B,afd9e04a9,q-033,client-infra,1,2,1,1,0.5,0.5,0.5,0.5,1.0,0.5,0.5,0.5,0.5,1.0
PostSpark 3,B,afd9e04a9,q-034,feature-added,1,2,42,47,0.0,0.0,0.0,0.0,0.02381,0.0,0.0,0.0,0.0,0.021277
PostSpark 3,B,afd9e04a9,q-035,config-central,1,1,249,159,0.0,0.0,0.0,0.0,0.004016,0.0,0.0,0.0,0.0,0.006289
PostSpark 3,B,afd9e04a9,q-036,infra-central,1,1,92,58,0.0,0.0,0.0,0.0,0.01087,0.0,0.0,0.0,0.0,0.017241
PostSpark 3,B,afd9e04a9,q-037,api-central,1,1,1,1,1.0,1.0,1.0,1.0,1.0,1.0,1.0,1.0,1.0,1.0
PostSpark 3,B,afd9e04a9,q-038,feature-stable,1,1,16,17,0.0,0.0,0.0,0.0,0.0625,0.0,0.0,0.0,0.0,0.058824
PostSpark 3,B,afd9e04a9,q-039,feature-stable,1,1,7,26,0.0,0.0,0.0,1.0,0.142857,0.0,0.0,0.0,0.0,0.038462
PostSpark 3,B,afd9e04a9,q-040,feature-stable,1,3,88,90,0.0,0.0,0.0,0.0,0.011364,0.0,0.0,0.0,0.0,0.011111
PostSpark 3,B,afd9e04a9,q-041,subsystem-added-late,1,3,-1,2,0.0,0.0,0.0,0.0,0.0,0.0,0.333333,0.333333,1.0,0.5
PostSpark 3,B,afd9e04a9,q-042,ui-added-late,1,2,-1,4,0.0,0.0,0.0,0.0,0.0,0.0,0.0,0.5,1.0,0.25
PostSpark 3,B,afd9e04a9,q-046,view-added,1,1,2,2,0.0,1.0,1.0,1.0,0.5,0.0,1.0,1.0,1.0,0.5
PostSpark 3,B,0c8534b51,q-001,auth-modified,1,2,124,140,0.0,0.0,0.0,0.0,0.008065,0.0,0.0,0.0,0.0,0.007143
PostSpark 3,B,0c8534b51,q-002,auth-central,1,3,46,56,0.0,0.0,0.0,0.0,0.021739,0.0,0.0,0.0,0.0,0.017857
PostSpark 3,B,0c8534b51,q-003,billing-central,1,2,1,2,0.5,0.5,0.5,1.0,1.0,0.0,0.5,0.5,1.0,0.5
PostSpark 3,B,0c8534b51,q-004,billing-infra,1,2,1,1,0.5,0.5,1.0,1.0,1.0,0.5,1.0,1.0,1.0,1.0
PostSpark 3,B,0c8534b51,q-005,ui-peripheral,1,1,1,1,1.0,1.0,1.0,1.0,1.0,1.0,1.0,1.0,1.0,1.0
PostSpark 3,B,0c8534b51,q-006,ui-peripheral,1,1,3,1,0.0,1.0,1.0,1.0,0.333333,1.0,1.0,1.0,1.0,1.0
PostSpark 3,B,0c8534b51,q-007,db-config,1,1,121,129,0.0,0.0,0.0,0.0,0.008264,0.0,0.0,0.0,0.0,0.007752
PostSpark 3,B,0c8534b51,q-008,db-central,1,1,85,1,0.0,0.0,0.0,0.0,0.011765,1.0,1.0,1.0,1.0,1.0
PostSpark 3,B,0c8534b51,q-009,db-added,1,1,1,1,1.0,1.0,1.0,1.0,1.0,1.0,1.0,1.0,1.0,1.0
PostSpark 3,B,0c8534b51,q-010,ai-central,1,1,1,1,1.0,1.0,1.0,1.0,1.0,1.0,1.0,1.0,1.0,1.0
PostSpark 3,B,0c8534b51,q-011,ai-added,1,1,9,17,0.0,0.0,0.0,1.0,0.111111,0.0,0.0,0.0,0.0,0.058824
PostSpark 3,B,0c8534b51,q-012,ai-added,1,1,8,12,0.0,0.0,0.0,1.0,0.125,0.0,0.0,0.0,0.0,0.083333
PostSpark 3,B,0c8534b51,q-013,ai-added,1,1,42,51,0.0,0.0,0.0,0.0,0.02381,0.0,0.0,0.0,0.0,0.019608
PostSpark 3,B,0c8534b51,q-014,ai-stable,1,2,14,107,0.0,0.0,0.0,0.0,0.071429,0.0,0.0,0.0,0.0,0.009346
PostSpark 3,B,0c8534b51,q-015,feature-stable,1,3,2,1,0.0,0.333333,0.333333,0.333333,0.5,0.333333,0.333333,0.333333,0.333333,1.0
PostSpark 3,B,0c8534b51,q-016,feature-added,1,1,3,4,0.0,1.0,1.0,1.0,0.333333,0.0,0.0,1.0,1.0,0.25
PostSpark 3,B,0c8534b51,q-017,feature-added,1,2,9,7,0.0,0.0,0.0,0.5,0.111111,0.0,0.0,0.0,0.5,0.142857
PostSpark 3,B,0c8534b51,q-018,ai-added,1,2,68,10,0.0,0.0,0.0,0.0,0.014706,0.0,0.0,0.0,0.5,0.1
PostSpark 3,B,0c8534b51,q-019,feature-stable,1,1,47,55,0.0,0.0,0.0,0.0,0.021277,0.0,0.0,0.0,0.0,0.018182
PostSpark 3,B,0c8534b51,q-020,ai-added-late,1,2,29,7,0.0,0.0,0.0,0.0,0.034483,0.0,0.0,0.0,0.5,0.142857
PostSpark 3,B,0c8534b51,q-022,ai-added-late,1,1,-1,1,0.0,0.0,0.0,0.0,0.0,1.0,1.0,1.0,1.0,1.0
PostSpark 3,B,0c8534b51,q-023,ai-added,1,1,92,66,0.0,0.0,0.0,0.0,0.01087,0.0,0.0,0.0,0.0,0.015152
PostSpark 3,B,0c8534b51,q-024,ai-added,1,1,118,127,0.0,0.0,0.0,0.0,0.008475,0.0,0.0,0.0,0.0,0.007874
PostSpark 3,B,0c8534b51,q-025,editor-modified,1,2,7,7,0.0,0.0,0.0,0.5,0.142857,0.0,0.0,0.0,0.5,0.142857
PostSpark 3,B,0c8534b51,q-026,editor-added,1,1,57,2,0.0,0.0,0.0,0.0,0.017544,0.0,1.0,1.0,1.0,0.5
PostSpark 3,B,0c8534b51,q-027,editor-modified,1,2,29,108,0.0,0.0,0.0,0.0,0.034483,0.0,0.0,0.0,0.0,0.009259
PostSpark 3,B,0c8534b51,q-028,editor-stable,1,1,1,1,1.0,1.0,1.0,1.0,1.0,1.0,1.0,1.0,1.0,1.0
PostSpark 3,B,0c8534b51,q-029,editor-modified,1,1,1,1,1.0,1.0,1.0,1.0,1.0,1.0,1.0,1.0,1.0,1.0
PostSpark 3,B,0c8534b51,q-030,editor-added-late,1,1,-1,2,0.0,0.0,0.0,0.0,0.0,0.0,1.0,1.0,1.0,0.5
PostSpark 3,B,0c8534b51,q-032,client-central,1,1,2,7,0.0,1.0,1.0,1.0,0.5,0.0,0.0,0.0,1.0,0.142857
PostSpark 3,B,0c8534b51,q-033,client-infra,1,2,1,1,0.5,0.5,0.5,0.5,1.0,0.5,0.5,0.5,0.5,1.0
PostSpark 3,B,0c8534b51,q-034,feature-added,1,2,42,47,0.0,0.0,0.0,0.0,0.02381,0.0,0.0,0.0,0.0,0.021277
PostSpark 3,B,0c8534b51,q-035,config-central,1,1,249,159,0.0,0.0,0.0,0.0,0.004016,0.0,0.0,0.0,0.0,0.006289
PostSpark 3,B,0c8534b51,q-036,infra-central,1,1,92,58,0.0,0.0,0.0,0.0,0.01087,0.0,0.0,0.0,0.0,0.017241
PostSpark 3,B,0c8534b51,q-037,api-central,1,1,1,1,1.0,1.0,1.0,1.0,1.0,1.0,1.0,1.0,1.0,1.0
PostSpark 3,B,0c8534b51,q-038,feature-stable,1,1,16,18,0.0,0.0,0.0,0.0,0.0625,0.0,0.0,0.0,0.0,0.055556
PostSpark 3,B,0c8534b51,q-039,feature-stable,1,1,7,27,0.0,0.0,0.0,1.0,0.142857,0.0,0.0,0.0,0.0,0.037037
PostSpark 3,B,0c8534b51,q-040,feature-stable,1,3,88,90,0.0,0.0,0.0,0.0,0.011364,0.0,0.0,0.0,0.0,0.011111
PostSpark 3,B,0c8534b51,q-041,subsystem-added-late,1,3,-1,2,0.0,0.0,0.0,0.0,0.0,0.0,0.333333,0.333333,1.0,0.5
PostSpark 3,B,0c8534b51,q-042,ui-added-late,1,2,-1,4,0.0,0.0,0.0,0.0,0.0,0.0,0.0,0.5,1.0,0.25
PostSpark 3,B,0c8534b51,q-046,view-added,1,1,2,2,0.0,1.0,1.0,1.0,0.5,0.0,1.0,1.0,1.0,0.5
PostSpark 3,B,458bf5862,q-001,auth-modified,1,2,124,139,0.0,0.0,0.0,0.0,0.008065,0.0,0.0,0.0,0.0,0.007194
PostSpark 3,B,458bf5862,q-002,auth-central,1,3,46,56,0.0,0.0,0.0,0.0,0.021739,0.0,0.0,0.0,0.0,0.017857
PostSpark 3,B,458bf5862,q-003,billing-central,1,2,1,2,0.5,0.5,0.5,1.0,1.0,0.0,0.5,0.5,1.0,0.5
PostSpark 3,B,458bf5862,q-004,billing-infra,1,2,1,1,0.5,0.5,1.0,1.0,1.0,0.5,1.0,1.0,1.0,1.0
PostSpark 3,B,458bf5862,q-005,ui-peripheral,1,1,1,1,1.0,1.0,1.0,1.0,1.0,1.0,1.0,1.0,1.0,1.0
PostSpark 3,B,458bf5862,q-006,ui-peripheral,1,1,3,1,0.0,1.0,1.0,1.0,0.333333,1.0,1.0,1.0,1.0,1.0
PostSpark 3,B,458bf5862,q-007,db-config,1,1,121,129,0.0,0.0,0.0,0.0,0.008264,0.0,0.0,0.0,0.0,0.007752
PostSpark 3,B,458bf5862,q-008,db-central,1,1,85,1,0.0,0.0,0.0,0.0,0.011765,1.0,1.0,1.0,1.0,1.0
PostSpark 3,B,458bf5862,q-009,db-added,1,1,1,1,1.0,1.0,1.0,1.0,1.0,1.0,1.0,1.0,1.0,1.0
PostSpark 3,B,458bf5862,q-010,ai-central,1,1,1,1,1.0,1.0,1.0,1.0,1.0,1.0,1.0,1.0,1.0,1.0
PostSpark 3,B,458bf5862,q-011,ai-added,1,1,9,17,0.0,0.0,0.0,1.0,0.111111,0.0,0.0,0.0,0.0,0.058824
PostSpark 3,B,458bf5862,q-012,ai-added,1,1,8,12,0.0,0.0,0.0,1.0,0.125,0.0,0.0,0.0,0.0,0.083333
PostSpark 3,B,458bf5862,q-013,ai-added,1,1,42,51,0.0,0.0,0.0,0.0,0.02381,0.0,0.0,0.0,0.0,0.019608
PostSpark 3,B,458bf5862,q-014,ai-stable,1,2,14,107,0.0,0.0,0.0,0.0,0.071429,0.0,0.0,0.0,0.0,0.009346
PostSpark 3,B,458bf5862,q-015,feature-stable,1,3,2,1,0.0,0.333333,0.333333,0.333333,0.5,0.333333,0.333333,0.333333,0.333333,1.0
PostSpark 3,B,458bf5862,q-016,feature-added,1,1,3,4,0.0,1.0,1.0,1.0,0.333333,0.0,0.0,1.0,1.0,0.25
PostSpark 3,B,458bf5862,q-017,feature-added,1,2,9,7,0.0,0.0,0.0,0.5,0.111111,0.0,0.0,0.0,0.5,0.142857
PostSpark 3,B,458bf5862,q-018,ai-added,1,2,68,10,0.0,0.0,0.0,0.0,0.014706,0.0,0.0,0.0,0.5,0.1
PostSpark 3,B,458bf5862,q-019,feature-stable,1,1,47,55,0.0,0.0,0.0,0.0,0.021277,0.0,0.0,0.0,0.0,0.018182
PostSpark 3,B,458bf5862,q-020,ai-added-late,1,2,29,7,0.0,0.0,0.0,0.0,0.034483,0.0,0.0,0.0,0.5,0.142857
PostSpark 3,B,458bf5862,q-022,ai-added-late,1,1,-1,1,0.0,0.0,0.0,0.0,0.0,1.0,1.0,1.0,1.0,1.0
PostSpark 3,B,458bf5862,q-023,ai-added,1,1,92,66,0.0,0.0,0.0,0.0,0.01087,0.0,0.0,0.0,0.0,0.015152
PostSpark 3,B,458bf5862,q-024,ai-added,1,1,118,127,0.0,0.0,0.0,0.0,0.008475,0.0,0.0,0.0,0.0,0.007874
PostSpark 3,B,458bf5862,q-025,editor-modified,1,2,7,7,0.0,0.0,0.0,0.5,0.142857,0.0,0.0,0.0,0.5,0.142857
PostSpark 3,B,458bf5862,q-026,editor-added,1,1,57,2,0.0,0.0,0.0,0.0,0.017544,0.0,1.0,1.0,1.0,0.5
PostSpark 3,B,458bf5862,q-027,editor-modified,1,2,29,106,0.0,0.0,0.0,0.0,0.034483,0.0,0.0,0.0,0.0,0.009434
PostSpark 3,B,458bf5862,q-028,editor-stable,1,1,1,1,1.0,1.0,1.0,1.0,1.0,1.0,1.0,1.0,1.0,1.0
PostSpark 3,B,458bf5862,q-029,editor-modified,1,1,1,1,1.0,1.0,1.0,1.0,1.0,1.0,1.0,1.0,1.0,1.0
PostSpark 3,B,458bf5862,q-030,editor-added-late,1,1,-1,2,0.0,0.0,0.0,0.0,0.0,0.0,1.0,1.0,1.0,0.5
PostSpark 3,B,458bf5862,q-031,editor-added-late,1,2,-1,114,0.0,0.0,0.0,0.0,0.0,0.0,0.0,0.0,0.0,0.008772
PostSpark 3,B,458bf5862,q-032,client-central,1,1,2,7,0.0,1.0,1.0,1.0,0.5,0.0,0.0,0.0,1.0,0.142857
PostSpark 3,B,458bf5862,q-033,client-infra,1,2,1,1,0.5,0.5,0.5,0.5,1.0,0.5,0.5,0.5,0.5,1.0
PostSpark 3,B,458bf5862,q-034,feature-added,1,2,42,47,0.0,0.0,0.0,0.0,0.02381,0.0,0.0,0.0,0.0,0.021277
PostSpark 3,B,458bf5862,q-035,config-central,1,1,249,159,0.0,0.0,0.0,0.0,0.004016,0.0,0.0,0.0,0.0,0.006289
PostSpark 3,B,458bf5862,q-036,infra-central,1,1,92,58,0.0,0.0,0.0,0.0,0.01087,0.0,0.0,0.0,0.0,0.017241
PostSpark 3,B,458bf5862,q-037,api-central,1,1,1,1,1.0,1.0,1.0,1.0,1.0,1.0,1.0,1.0,1.0,1.0
PostSpark 3,B,458bf5862,q-038,feature-stable,1,1,16,18,0.0,0.0,0.0,0.0,0.0625,0.0,0.0,0.0,0.0,0.055556
PostSpark 3,B,458bf5862,q-039,feature-stable,1,1,7,27,0.0,0.0,0.0,1.0,0.142857,0.0,0.0,0.0,0.0,0.037037
PostSpark 3,B,458bf5862,q-040,feature-stable,1,3,88,90,0.0,0.0,0.0,0.0,0.011364,0.0,0.0,0.0,0.0,0.011111
PostSpark 3,B,458bf5862,q-041,subsystem-added-late,1,3,-1,2,0.0,0.0,0.0,0.0,0.0,0.0,0.333333,0.333333,1.0,0.5
PostSpark 3,B,458bf5862,q-042,ui-added-late,1,2,-1,4,0.0,0.0,0.0,0.0,0.0,0.0,0.0,0.5,1.0,0.25
PostSpark 3,B,458bf5862,q-046,view-added,1,1,2,2,0.0,1.0,1.0,1.0,0.5,0.0,1.0,1.0,1.0,0.5
PostSpark 3,B,552aa4343,q-001,auth-modified,1,2,124,138,0.0,0.0,0.0,0.0,0.008065,0.0,0.0,0.0,0.0,0.007246
PostSpark 3,B,552aa4343,q-002,auth-central,1,3,46,56,0.0,0.0,0.0,0.0,0.021739,0.0,0.0,0.0,0.0,0.017857
PostSpark 3,B,552aa4343,q-003,billing-central,1,2,1,2,0.5,0.5,0.5,1.0,1.0,0.0,0.5,0.5,1.0,0.5
PostSpark 3,B,552aa4343,q-004,billing-infra,1,2,1,1,0.5,0.5,1.0,1.0,1.0,0.5,1.0,1.0,1.0,1.0
PostSpark 3,B,552aa4343,q-005,ui-peripheral,1,1,1,1,1.0,1.0,1.0,1.0,1.0,1.0,1.0,1.0,1.0,1.0
PostSpark 3,B,552aa4343,q-006,ui-peripheral,1,1,3,1,0.0,1.0,1.0,1.0,0.333333,1.0,1.0,1.0,1.0,1.0
PostSpark 3,B,552aa4343,q-007,db-config,1,1,121,129,0.0,0.0,0.0,0.0,0.008264,0.0,0.0,0.0,0.0,0.007752
PostSpark 3,B,552aa4343,q-008,db-central,1,1,85,1,0.0,0.0,0.0,0.0,0.011765,1.0,1.0,1.0,1.0,1.0
PostSpark 3,B,552aa4343,q-009,db-added,1,1,1,1,1.0,1.0,1.0,1.0,1.0,1.0,1.0,1.0,1.0,1.0
PostSpark 3,B,552aa4343,q-010,ai-central,1,1,1,1,1.0,1.0,1.0,1.0,1.0,1.0,1.0,1.0,1.0,1.0
PostSpark 3,B,552aa4343,q-011,ai-added,1,1,9,16,0.0,0.0,0.0,1.0,0.111111,0.0,0.0,0.0,0.0,0.0625
PostSpark 3,B,552aa4343,q-012,ai-added,1,1,8,12,0.0,0.0,0.0,1.0,0.125,0.0,0.0,0.0,0.0,0.083333
PostSpark 3,B,552aa4343,q-013,ai-added,1,1,42,50,0.0,0.0,0.0,0.0,0.02381,0.0,0.0,0.0,0.0,0.02
PostSpark 3,B,552aa4343,q-014,ai-stable,1,2,14,107,0.0,0.0,0.0,0.0,0.071429,0.0,0.0,0.0,0.0,0.009346
PostSpark 3,B,552aa4343,q-015,feature-stable,1,3,2,1,0.0,0.333333,0.333333,0.333333,0.5,0.333333,0.333333,0.333333,0.333333,1.0
PostSpark 3,B,552aa4343,q-016,feature-added,1,1,3,4,0.0,1.0,1.0,1.0,0.333333,0.0,0.0,1.0,1.0,0.25
PostSpark 3,B,552aa4343,q-017,feature-added,1,2,9,6,0.0,0.0,0.0,0.5,0.111111,0.0,0.0,0.0,0.5,0.166667
PostSpark 3,B,552aa4343,q-018,ai-added,1,2,68,10,0.0,0.0,0.0,0.0,0.014706,0.0,0.0,0.0,0.5,0.1
PostSpark 3,B,552aa4343,q-019,feature-stable,1,1,47,55,0.0,0.0,0.0,0.0,0.021277,0.0,0.0,0.0,0.0,0.018182
PostSpark 3,B,552aa4343,q-020,ai-added-late,1,2,29,7,0.0,0.0,0.0,0.0,0.034483,0.0,0.0,0.0,0.5,0.142857
PostSpark 3,B,552aa4343,q-022,ai-added-late,1,1,-1,1,0.0,0.0,0.0,0.0,0.0,1.0,1.0,1.0,1.0,1.0
PostSpark 3,B,552aa4343,q-023,ai-added,1,1,92,67,0.0,0.0,0.0,0.0,0.01087,0.0,0.0,0.0,0.0,0.014925
PostSpark 3,B,552aa4343,q-024,ai-added,1,1,118,127,0.0,0.0,0.0,0.0,0.008475,0.0,0.0,0.0,0.0,0.007874
PostSpark 3,B,552aa4343,q-025,editor-modified,1,2,7,7,0.0,0.0,0.0,0.5,0.142857,0.0,0.0,0.0,0.5,0.142857
PostSpark 3,B,552aa4343,q-026,editor-added,1,1,57,2,0.0,0.0,0.0,0.0,0.017544,0.0,1.0,1.0,1.0,0.5
PostSpark 3,B,552aa4343,q-027,editor-modified,1,2,29,106,0.0,0.0,0.0,0.0,0.034483,0.0,0.0,0.0,0.0,0.009434
PostSpark 3,B,552aa4343,q-028,editor-stable,1,1,1,1,1.0,1.0,1.0,1.0,1.0,1.0,1.0,1.0,1.0,1.0
PostSpark 3,B,552aa4343,q-029,editor-modified,1,1,1,1,1.0,1.0,1.0,1.0,1.0,1.0,1.0,1.0,1.0,1.0
PostSpark 3,B,552aa4343,q-030,editor-added-late,1,1,-1,2,0.0,0.0,0.0,0.0,0.0,0.0,1.0,1.0,1.0,0.5
PostSpark 3,B,552aa4343,q-031,editor-added-late,1,2,-1,110,0.0,0.0,0.0,0.0,0.0,0.0,0.0,0.0,0.0,0.009091
PostSpark 3,B,552aa4343,q-032,client-central,1,1,2,7,0.0,1.0,1.0,1.0,0.5,0.0,0.0,0.0,1.0,0.142857
PostSpark 3,B,552aa4343,q-033,client-infra,1,2,1,1,0.5,0.5,0.5,0.5,1.0,0.5,0.5,0.5,0.5,1.0
PostSpark 3,B,552aa4343,q-034,feature-added,1,2,42,47,0.0,0.0,0.0,0.0,0.02381,0.0,0.0,0.0,0.0,0.021277
PostSpark 3,B,552aa4343,q-035,config-central,1,1,249,159,0.0,0.0,0.0,0.0,0.004016,0.0,0.0,0.0,0.0,0.006289
PostSpark 3,B,552aa4343,q-036,infra-central,1,1,92,58,0.0,0.0,0.0,0.0,0.01087,0.0,0.0,0.0,0.0,0.017241
PostSpark 3,B,552aa4343,q-037,api-central,1,1,1,1,1.0,1.0,1.0,1.0,1.0,1.0,1.0,1.0,1.0,1.0
PostSpark 3,B,552aa4343,q-038,feature-stable,1,1,16,17,0.0,0.0,0.0,0.0,0.0625,0.0,0.0,0.0,0.0,0.058824
PostSpark 3,B,552aa4343,q-039,feature-stable,1,1,7,26,0.0,0.0,0.0,1.0,0.142857,0.0,0.0,0.0,0.0,0.038462
PostSpark 3,B,552aa4343,q-040,feature-stable,1,3,88,90,0.0,0.0,0.0,0.0,0.011364,0.0,0.0,0.0,0.0,0.011111
PostSpark 3,B,552aa4343,q-041,subsystem-added-late,1,3,-1,2,0.0,0.0,0.0,0.0,0.0,0.0,0.333333,0.333333,1.0,0.5
PostSpark 3,B,552aa4343,q-042,ui-added-late,1,2,-1,4,0.0,0.0,0.0,0.0,0.0,0.0,0.0,0.5,1.0,0.25
PostSpark 3,B,552aa4343,q-046,view-added,1,1,2,2,0.0,1.0,1.0,1.0,0.5,0.0,1.0,1.0,1.0,0.5
PostSpark 3,B,fbe27e0bf,q-001,auth-modified,1,2,124,138,0.0,0.0,0.0,0.0,0.008065,0.0,0.0,0.0,0.0,0.007246
PostSpark 3,B,fbe27e0bf,q-002,auth-central,1,3,46,57,0.0,0.0,0.0,0.0,0.021739,0.0,0.0,0.0,0.0,0.017544
PostSpark 3,B,fbe27e0bf,q-003,billing-central,1,2,1,2,0.5,0.5,0.5,1.0,1.0,0.0,0.5,0.5,1.0,0.5
PostSpark 3,B,fbe27e0bf,q-004,billing-infra,1,2,1,1,0.5,0.5,1.0,1.0,1.0,0.5,1.0,1.0,1.0,1.0
PostSpark 3,B,fbe27e0bf,q-005,ui-peripheral,1,1,1,1,1.0,1.0,1.0,1.0,1.0,1.0,1.0,1.0,1.0,1.0
PostSpark 3,B,fbe27e0bf,q-006,ui-peripheral,1,1,3,1,0.0,1.0,1.0,1.0,0.333333,1.0,1.0,1.0,1.0,1.0
PostSpark 3,B,fbe27e0bf,q-007,db-config,1,1,121,129,0.0,0.0,0.0,0.0,0.008264,0.0,0.0,0.0,0.0,0.007752
PostSpark 3,B,fbe27e0bf,q-008,db-central,1,1,85,1,0.0,0.0,0.0,0.0,0.011765,1.0,1.0,1.0,1.0,1.0
PostSpark 3,B,fbe27e0bf,q-009,db-added,1,1,1,1,1.0,1.0,1.0,1.0,1.0,1.0,1.0,1.0,1.0,1.0
PostSpark 3,B,fbe27e0bf,q-010,ai-central,1,1,1,1,1.0,1.0,1.0,1.0,1.0,1.0,1.0,1.0,1.0,1.0
PostSpark 3,B,fbe27e0bf,q-011,ai-added,1,1,9,16,0.0,0.0,0.0,1.0,0.111111,0.0,0.0,0.0,0.0,0.0625
PostSpark 3,B,fbe27e0bf,q-012,ai-added,1,1,8,12,0.0,0.0,0.0,1.0,0.125,0.0,0.0,0.0,0.0,0.083333
PostSpark 3,B,fbe27e0bf,q-013,ai-added,1,1,42,51,0.0,0.0,0.0,0.0,0.02381,0.0,0.0,0.0,0.0,0.019608
PostSpark 3,B,fbe27e0bf,q-014,ai-stable,1,2,14,107,0.0,0.0,0.0,0.0,0.071429,0.0,0.0,0.0,0.0,0.009346
PostSpark 3,B,fbe27e0bf,q-015,feature-stable,1,3,2,1,0.0,0.333333,0.333333,0.333333,0.5,0.333333,0.333333,0.333333,0.333333,1.0
PostSpark 3,B,fbe27e0bf,q-016,feature-added,1,1,3,4,0.0,1.0,1.0,1.0,0.333333,0.0,0.0,1.0,1.0,0.25
PostSpark 3,B,fbe27e0bf,q-017,feature-added,1,2,9,6,0.0,0.0,0.0,0.5,0.111111,0.0,0.0,0.0,0.5,0.166667
PostSpark 3,B,fbe27e0bf,q-018,ai-added,1,2,68,10,0.0,0.0,0.0,0.0,0.014706,0.0,0.0,0.0,0.5,0.1
PostSpark 3,B,fbe27e0bf,q-019,feature-stable,1,1,47,55,0.0,0.0,0.0,0.0,0.021277,0.0,0.0,0.0,0.0,0.018182
PostSpark 3,B,fbe27e0bf,q-020,ai-added-late,1,2,29,7,0.0,0.0,0.0,0.0,0.034483,0.0,0.0,0.0,0.5,0.142857
PostSpark 3,B,fbe27e0bf,q-022,ai-added-late,1,1,-1,1,0.0,0.0,0.0,0.0,0.0,1.0,1.0,1.0,1.0,1.0
PostSpark 3,B,fbe27e0bf,q-023,ai-added,1,1,92,67,0.0,0.0,0.0,0.0,0.01087,0.0,0.0,0.0,0.0,0.014925
PostSpark 3,B,fbe27e0bf,q-024,ai-added,1,1,118,127,0.0,0.0,0.0,0.0,0.008475,0.0,0.0,0.0,0.0,0.007874
PostSpark 3,B,fbe27e0bf,q-025,editor-modified,1,2,7,7,0.0,0.0,0.0,0.5,0.142857,0.0,0.0,0.0,0.5,0.142857
PostSpark 3,B,fbe27e0bf,q-026,editor-added,1,1,57,2,0.0,0.0,0.0,0.0,0.017544,0.0,1.0,1.0,1.0,0.5
PostSpark 3,B,fbe27e0bf,q-027,editor-modified,1,2,29,106,0.0,0.0,0.0,0.0,0.034483,0.0,0.0,0.0,0.0,0.009434
PostSpark 3,B,fbe27e0bf,q-028,editor-stable,1,1,1,1,1.0,1.0,1.0,1.0,1.0,1.0,1.0,1.0,1.0,1.0
PostSpark 3,B,fbe27e0bf,q-029,editor-modified,1,1,1,1,1.0,1.0,1.0,1.0,1.0,1.0,1.0,1.0,1.0,1.0
PostSpark 3,B,fbe27e0bf,q-030,editor-added-late,1,1,-1,2,0.0,0.0,0.0,0.0,0.0,0.0,1.0,1.0,1.0,0.5
PostSpark 3,B,fbe27e0bf,q-031,editor-added-late,1,2,-1,110,0.0,0.0,0.0,0.0,0.0,0.0,0.0,0.0,0.0,0.009091
PostSpark 3,B,fbe27e0bf,q-032,client-central,1,1,2,7,0.0,1.0,1.0,1.0,0.5,0.0,0.0,0.0,1.0,0.142857
PostSpark 3,B,fbe27e0bf,q-033,client-infra,1,2,1,1,0.5,0.5,0.5,0.5,1.0,0.5,0.5,0.5,0.5,1.0
PostSpark 3,B,fbe27e0bf,q-034,feature-added,1,2,42,47,0.0,0.0,0.0,0.0,0.02381,0.0,0.0,0.0,0.0,0.021277
PostSpark 3,B,fbe27e0bf,q-035,config-central,1,1,249,159,0.0,0.0,0.0,0.0,0.004016,0.0,0.0,0.0,0.0,0.006289
PostSpark 3,B,fbe27e0bf,q-036,infra-central,1,1,92,58,0.0,0.0,0.0,0.0,0.01087,0.0,0.0,0.0,0.0,0.017241
PostSpark 3,B,fbe27e0bf,q-037,api-central,1,1,1,1,1.0,1.0,1.0,1.0,1.0,1.0,1.0,1.0,1.0,1.0
PostSpark 3,B,fbe27e0bf,q-038,feature-stable,1,1,16,17,0.0,0.0,0.0,0.0,0.0625,0.0,0.0,0.0,0.0,0.058824
PostSpark 3,B,fbe27e0bf,q-039,feature-stable,1,1,7,26,0.0,0.0,0.0,1.0,0.142857,0.0,0.0,0.0,0.0,0.038462
PostSpark 3,B,fbe27e0bf,q-040,feature-stable,1,3,88,90,0.0,0.0,0.0,0.0,0.011364,0.0,0.0,0.0,0.0,0.011111
PostSpark 3,B,fbe27e0bf,q-041,subsystem-added-late,1,3,-1,2,0.0,0.0,0.0,0.0,0.0,0.0,0.333333,0.333333,1.0,0.5
PostSpark 3,B,fbe27e0bf,q-042,ui-added-late,1,2,-1,4,0.0,0.0,0.0,0.0,0.0,0.0,0.0,0.5,1.0,0.25
PostSpark 3,B,fbe27e0bf,q-046,view-added,1,1,2,2,0.0,1.0,1.0,1.0,0.5,0.0,1.0,1.0,1.0,0.5
PostSpark 3,B,10b598724,q-001,auth-modified,1,2,124,138,0.0,0.0,0.0,0.0,0.008065,0.0,0.0,0.0,0.0,0.007246
PostSpark 3,B,10b598724,q-002,auth-central,1,3,46,56,0.0,0.0,0.0,0.0,0.021739,0.0,0.0,0.0,0.0,0.017857
PostSpark 3,B,10b598724,q-003,billing-central,1,2,1,2,0.5,0.5,0.5,1.0,1.0,0.0,0.5,0.5,1.0,0.5
PostSpark 3,B,10b598724,q-004,billing-infra,1,2,1,1,0.5,0.5,1.0,1.0,1.0,0.5,1.0,1.0,1.0,1.0
PostSpark 3,B,10b598724,q-005,ui-peripheral,1,1,1,1,1.0,1.0,1.0,1.0,1.0,1.0,1.0,1.0,1.0,1.0
PostSpark 3,B,10b598724,q-006,ui-peripheral,1,1,3,1,0.0,1.0,1.0,1.0,0.333333,1.0,1.0,1.0,1.0,1.0
PostSpark 3,B,10b598724,q-007,db-config,1,1,121,129,0.0,0.0,0.0,0.0,0.008264,0.0,0.0,0.0,0.0,0.007752
PostSpark 3,B,10b598724,q-008,db-central,1,1,85,1,0.0,0.0,0.0,0.0,0.011765,1.0,1.0,1.0,1.0,1.0
PostSpark 3,B,10b598724,q-009,db-added,1,1,1,1,1.0,1.0,1.0,1.0,1.0,1.0,1.0,1.0,1.0,1.0
PostSpark 3,B,10b598724,q-010,ai-central,1,1,1,1,1.0,1.0,1.0,1.0,1.0,1.0,1.0,1.0,1.0,1.0
PostSpark 3,B,10b598724,q-011,ai-added,1,1,9,16,0.0,0.0,0.0,1.0,0.111111,0.0,0.0,0.0,0.0,0.0625
PostSpark 3,B,10b598724,q-012,ai-added,1,1,8,12,0.0,0.0,0.0,1.0,0.125,0.0,0.0,0.0,0.0,0.083333
PostSpark 3,B,10b598724,q-013,ai-added,1,1,42,49,0.0,0.0,0.0,0.0,0.02381,0.0,0.0,0.0,0.0,0.020408
PostSpark 3,B,10b598724,q-014,ai-stable,1,2,14,107,0.0,0.0,0.0,0.0,0.071429,0.0,0.0,0.0,0.0,0.009346
PostSpark 3,B,10b598724,q-015,feature-stable,1,3,2,1,0.0,0.333333,0.333333,0.333333,0.5,0.333333,0.333333,0.333333,0.333333,1.0
PostSpark 3,B,10b598724,q-016,feature-added,1,1,3,4,0.0,1.0,1.0,1.0,0.333333,0.0,0.0,1.0,1.0,0.25
PostSpark 3,B,10b598724,q-017,feature-added,1,2,9,6,0.0,0.0,0.0,0.5,0.111111,0.0,0.0,0.0,0.5,0.166667
PostSpark 3,B,10b598724,q-018,ai-added,1,2,68,10,0.0,0.0,0.0,0.0,0.014706,0.0,0.0,0.0,0.5,0.1
PostSpark 3,B,10b598724,q-019,feature-stable,1,1,47,55,0.0,0.0,0.0,0.0,0.021277,0.0,0.0,0.0,0.0,0.018182
PostSpark 3,B,10b598724,q-020,ai-added-late,1,2,29,7,0.0,0.0,0.0,0.0,0.034483,0.0,0.0,0.0,0.5,0.142857
PostSpark 3,B,10b598724,q-022,ai-added-late,1,1,-1,1,0.0,0.0,0.0,0.0,0.0,1.0,1.0,1.0,1.0,1.0
PostSpark 3,B,10b598724,q-023,ai-added,1,1,92,68,0.0,0.0,0.0,0.0,0.01087,0.0,0.0,0.0,0.0,0.014706
PostSpark 3,B,10b598724,q-024,ai-added,1,1,118,127,0.0,0.0,0.0,0.0,0.008475,0.0,0.0,0.0,0.0,0.007874
PostSpark 3,B,10b598724,q-025,editor-modified,1,2,7,7,0.0,0.0,0.0,0.5,0.142857,0.0,0.0,0.0,0.5,0.142857
PostSpark 3,B,10b598724,q-026,editor-added,1,1,57,2,0.0,0.0,0.0,0.0,0.017544,0.0,1.0,1.0,1.0,0.5
PostSpark 3,B,10b598724,q-027,editor-modified,1,2,29,106,0.0,0.0,0.0,0.0,0.034483,0.0,0.0,0.0,0.0,0.009434
PostSpark 3,B,10b598724,q-028,editor-stable,1,1,1,1,1.0,1.0,1.0,1.0,1.0,1.0,1.0,1.0,1.0,1.0
PostSpark 3,B,10b598724,q-029,editor-modified,1,1,1,1,1.0,1.0,1.0,1.0,1.0,1.0,1.0,1.0,1.0,1.0
PostSpark 3,B,10b598724,q-030,editor-added-late,1,1,-1,2,0.0,0.0,0.0,0.0,0.0,0.0,1.0,1.0,1.0,0.5
PostSpark 3,B,10b598724,q-031,editor-added-late,1,2,-1,110,0.0,0.0,0.0,0.0,0.0,0.0,0.0,0.0,0.0,0.009091
PostSpark 3,B,10b598724,q-032,client-central,1,1,2,7,0.0,1.0,1.0,1.0,0.5,0.0,0.0,0.0,1.0,0.142857
PostSpark 3,B,10b598724,q-033,client-infra,1,2,1,1,0.5,0.5,0.5,0.5,1.0,0.5,0.5,0.5,0.5,1.0
PostSpark 3,B,10b598724,q-034,feature-added,1,2,42,45,0.0,0.0,0.0,0.0,0.02381,0.0,0.0,0.0,0.0,0.022222
PostSpark 3,B,10b598724,q-035,config-central,1,1,249,159,0.0,0.0,0.0,0.0,0.004016,0.0,0.0,0.0,0.0,0.006289
PostSpark 3,B,10b598724,q-036,infra-central,1,1,92,57,0.0,0.0,0.0,0.0,0.01087,0.0,0.0,0.0,0.0,0.017544
PostSpark 3,B,10b598724,q-037,api-central,1,1,1,1,1.0,1.0,1.0,1.0,1.0,1.0,1.0,1.0,1.0,1.0
PostSpark 3,B,10b598724,q-038,feature-stable,1,1,16,16,0.0,0.0,0.0,0.0,0.0625,0.0,0.0,0.0,0.0,0.0625
PostSpark 3,B,10b598724,q-039,feature-stable,1,1,7,26,0.0,0.0,0.0,1.0,0.142857,0.0,0.0,0.0,0.0,0.038462
PostSpark 3,B,10b598724,q-040,feature-stable,1,3,88,90,0.0,0.0,0.0,0.0,0.011364,0.0,0.0,0.0,0.0,0.011111
PostSpark 3,B,10b598724,q-041,subsystem-added-late,1,3,-1,2,0.0,0.0,0.0,0.0,0.0,0.0,0.333333,0.333333,1.0,0.5
PostSpark 3,B,10b598724,q-042,ui-added-late,1,2,-1,4,0.0,0.0,0.0,0.0,0.0,0.0,0.0,0.5,1.0,0.25
PostSpark 3,B,10b598724,q-046,view-added,1,1,2,2,0.0,1.0,1.0,1.0,0.5,0.0,1.0,1.0,1.0,0.5
PostSpark 3,B,e54d47184,q-001,auth-modified,1,2,124,138,0.0,0.0,0.0,0.0,0.008065,0.0,0.0,0.0,0.0,0.007246
PostSpark 3,B,e54d47184,q-002,auth-central,1,3,46,56,0.0,0.0,0.0,0.0,0.021739,0.0,0.0,0.0,0.0,0.017857
PostSpark 3,B,e54d47184,q-003,billing-central,1,2,1,2,0.5,0.5,0.5,1.0,1.0,0.0,0.5,0.5,1.0,0.5
PostSpark 3,B,e54d47184,q-004,billing-infra,1,2,1,1,0.5,0.5,1.0,1.0,1.0,0.5,1.0,1.0,1.0,1.0
PostSpark 3,B,e54d47184,q-005,ui-peripheral,1,1,1,1,1.0,1.0,1.0,1.0,1.0,1.0,1.0,1.0,1.0,1.0
PostSpark 3,B,e54d47184,q-006,ui-peripheral,1,1,3,1,0.0,1.0,1.0,1.0,0.333333,1.0,1.0,1.0,1.0,1.0
PostSpark 3,B,e54d47184,q-007,db-config,1,1,121,129,0.0,0.0,0.0,0.0,0.008264,0.0,0.0,0.0,0.0,0.007752
PostSpark 3,B,e54d47184,q-008,db-central,1,1,85,1,0.0,0.0,0.0,0.0,0.011765,1.0,1.0,1.0,1.0,1.0
PostSpark 3,B,e54d47184,q-009,db-added,1,1,1,1,1.0,1.0,1.0,1.0,1.0,1.0,1.0,1.0,1.0,1.0
PostSpark 3,B,e54d47184,q-010,ai-central,1,1,1,1,1.0,1.0,1.0,1.0,1.0,1.0,1.0,1.0,1.0,1.0
PostSpark 3,B,e54d47184,q-011,ai-added,1,1,9,16,0.0,0.0,0.0,1.0,0.111111,0.0,0.0,0.0,0.0,0.0625
PostSpark 3,B,e54d47184,q-012,ai-added,1,1,8,12,0.0,0.0,0.0,1.0,0.125,0.0,0.0,0.0,0.0,0.083333
PostSpark 3,B,e54d47184,q-013,ai-added,1,1,42,49,0.0,0.0,0.0,0.0,0.02381,0.0,0.0,0.0,0.0,0.020408
PostSpark 3,B,e54d47184,q-014,ai-stable,1,2,14,107,0.0,0.0,0.0,0.0,0.071429,0.0,0.0,0.0,0.0,0.009346
PostSpark 3,B,e54d47184,q-015,feature-stable,1,3,2,1,0.0,0.333333,0.333333,0.333333,0.5,0.333333,0.333333,0.333333,0.333333,1.0
PostSpark 3,B,e54d47184,q-016,feature-added,1,1,3,4,0.0,1.0,1.0,1.0,0.333333,0.0,0.0,1.0,1.0,0.25
PostSpark 3,B,e54d47184,q-017,feature-added,1,2,9,6,0.0,0.0,0.0,0.5,0.111111,0.0,0.0,0.0,0.5,0.166667
PostSpark 3,B,e54d47184,q-018,ai-added,1,2,68,10,0.0,0.0,0.0,0.0,0.014706,0.0,0.0,0.0,0.5,0.1
PostSpark 3,B,e54d47184,q-019,feature-stable,1,1,47,55,0.0,0.0,0.0,0.0,0.021277,0.0,0.0,0.0,0.0,0.018182
PostSpark 3,B,e54d47184,q-020,ai-added-late,1,2,29,7,0.0,0.0,0.0,0.0,0.034483,0.0,0.0,0.0,0.5,0.142857
PostSpark 3,B,e54d47184,q-022,ai-added-late,1,1,-1,1,0.0,0.0,0.0,0.0,0.0,1.0,1.0,1.0,1.0,1.0
PostSpark 3,B,e54d47184,q-023,ai-added,1,1,92,68,0.0,0.0,0.0,0.0,0.01087,0.0,0.0,0.0,0.0,0.014706
PostSpark 3,B,e54d47184,q-024,ai-added,1,1,118,127,0.0,0.0,0.0,0.0,0.008475,0.0,0.0,0.0,0.0,0.007874
PostSpark 3,B,e54d47184,q-025,editor-modified,1,2,7,7,0.0,0.0,0.0,0.5,0.142857,0.0,0.0,0.0,0.5,0.142857
PostSpark 3,B,e54d47184,q-026,editor-added,1,1,57,2,0.0,0.0,0.0,0.0,0.017544,0.0,1.0,1.0,1.0,0.5
PostSpark 3,B,e54d47184,q-027,editor-modified,1,2,29,106,0.0,0.0,0.0,0.0,0.034483,0.0,0.0,0.0,0.0,0.009434
PostSpark 3,B,e54d47184,q-028,editor-stable,1,1,1,1,1.0,1.0,1.0,1.0,1.0,1.0,1.0,1.0,1.0,1.0
PostSpark 3,B,e54d47184,q-029,editor-modified,1,1,1,1,1.0,1.0,1.0,1.0,1.0,1.0,1.0,1.0,1.0,1.0
PostSpark 3,B,e54d47184,q-030,editor-added-late,1,1,-1,2,0.0,0.0,0.0,0.0,0.0,0.0,1.0,1.0,1.0,0.5
PostSpark 3,B,e54d47184,q-031,editor-added-late,1,2,-1,110,0.0,0.0,0.0,0.0,0.0,0.0,0.0,0.0,0.0,0.009091
PostSpark 3,B,e54d47184,q-032,client-central,1,1,2,7,0.0,1.0,1.0,1.0,0.5,0.0,0.0,0.0,1.0,0.142857
PostSpark 3,B,e54d47184,q-033,client-infra,1,2,1,1,0.5,0.5,0.5,0.5,1.0,0.5,0.5,0.5,0.5,1.0
PostSpark 3,B,e54d47184,q-034,feature-added,1,2,42,45,0.0,0.0,0.0,0.0,0.02381,0.0,0.0,0.0,0.0,0.022222
PostSpark 3,B,e54d47184,q-035,config-central,1,1,249,159,0.0,0.0,0.0,0.0,0.004016,0.0,0.0,0.0,0.0,0.006289
PostSpark 3,B,e54d47184,q-036,infra-central,1,1,92,57,0.0,0.0,0.0,0.0,0.01087,0.0,0.0,0.0,0.0,0.017544
PostSpark 3,B,e54d47184,q-037,api-central,1,1,1,1,1.0,1.0,1.0,1.0,1.0,1.0,1.0,1.0,1.0,1.0
PostSpark 3,B,e54d47184,q-038,feature-stable,1,1,16,16,0.0,0.0,0.0,0.0,0.0625,0.0,0.0,0.0,0.0,0.0625
PostSpark 3,B,e54d47184,q-039,feature-stable,1,1,7,26,0.0,0.0,0.0,1.0,0.142857,0.0,0.0,0.0,0.0,0.038462
PostSpark 3,B,e54d47184,q-040,feature-stable,1,3,88,90,0.0,0.0,0.0,0.0,0.011364,0.0,0.0,0.0,0.0,0.011111
PostSpark 3,B,e54d47184,q-041,subsystem-added-late,1,3,-1,2,0.0,0.0,0.0,0.0,0.0,0.0,0.333333,0.333333,1.0,0.5
PostSpark 3,B,e54d47184,q-042,ui-added-late,1,2,-1,4,0.0,0.0,0.0,0.0,0.0,0.0,0.0,0.5,1.0,0.25
PostSpark 3,B,e54d47184,q-046,view-added,1,1,2,2,0.0,1.0,1.0,1.0,0.5,0.0,1.0,1.0,1.0,0.5
PostSpark 3,B,a0bea6137,q-001,auth-modified,1,2,124,138,0.0,0.0,0.0,0.0,0.008065,0.0,0.0,0.0,0.0,0.007246
PostSpark 3,B,a0bea6137,q-002,auth-central,1,3,46,56,0.0,0.0,0.0,0.0,0.021739,0.0,0.0,0.0,0.0,0.017857
PostSpark 3,B,a0bea6137,q-003,billing-central,1,2,1,2,0.5,0.5,0.5,1.0,1.0,0.0,0.5,0.5,1.0,0.5
PostSpark 3,B,a0bea6137,q-004,billing-infra,1,2,1,1,0.5,0.5,1.0,1.0,1.0,0.5,1.0,1.0,1.0,1.0
PostSpark 3,B,a0bea6137,q-005,ui-peripheral,1,1,1,1,1.0,1.0,1.0,1.0,1.0,1.0,1.0,1.0,1.0,1.0
PostSpark 3,B,a0bea6137,q-006,ui-peripheral,1,1,3,1,0.0,1.0,1.0,1.0,0.333333,1.0,1.0,1.0,1.0,1.0
PostSpark 3,B,a0bea6137,q-007,db-config,1,1,121,129,0.0,0.0,0.0,0.0,0.008264,0.0,0.0,0.0,0.0,0.007752
PostSpark 3,B,a0bea6137,q-008,db-central,1,1,85,1,0.0,0.0,0.0,0.0,0.011765,1.0,1.0,1.0,1.0,1.0
PostSpark 3,B,a0bea6137,q-009,db-added,1,1,1,1,1.0,1.0,1.0,1.0,1.0,1.0,1.0,1.0,1.0,1.0
PostSpark 3,B,a0bea6137,q-010,ai-central,1,1,1,1,1.0,1.0,1.0,1.0,1.0,1.0,1.0,1.0,1.0,1.0
PostSpark 3,B,a0bea6137,q-011,ai-added,1,1,9,16,0.0,0.0,0.0,1.0,0.111111,0.0,0.0,0.0,0.0,0.0625
PostSpark 3,B,a0bea6137,q-012,ai-added,1,1,8,12,0.0,0.0,0.0,1.0,0.125,0.0,0.0,0.0,0.0,0.083333
PostSpark 3,B,a0bea6137,q-013,ai-added,1,1,42,48,0.0,0.0,0.0,0.0,0.02381,0.0,0.0,0.0,0.0,0.020833
PostSpark 3,B,a0bea6137,q-014,ai-stable,1,2,14,107,0.0,0.0,0.0,0.0,0.071429,0.0,0.0,0.0,0.0,0.009346
PostSpark 3,B,a0bea6137,q-015,feature-stable,1,3,2,1,0.0,0.333333,0.333333,0.333333,0.5,0.333333,0.333333,0.333333,0.333333,1.0
PostSpark 3,B,a0bea6137,q-016,feature-added,1,1,3,4,0.0,1.0,1.0,1.0,0.333333,0.0,0.0,1.0,1.0,0.25
PostSpark 3,B,a0bea6137,q-017,feature-added,1,2,9,6,0.0,0.0,0.0,0.5,0.111111,0.0,0.0,0.0,0.5,0.166667
PostSpark 3,B,a0bea6137,q-018,ai-added,1,2,68,10,0.0,0.0,0.0,0.0,0.014706,0.0,0.0,0.0,0.5,0.1
PostSpark 3,B,a0bea6137,q-019,feature-stable,1,1,47,55,0.0,0.0,0.0,0.0,0.021277,0.0,0.0,0.0,0.0,0.018182
PostSpark 3,B,a0bea6137,q-020,ai-added-late,1,2,29,7,0.0,0.0,0.0,0.0,0.034483,0.0,0.0,0.0,0.5,0.142857
PostSpark 3,B,a0bea6137,q-022,ai-added-late,1,1,-1,1,0.0,0.0,0.0,0.0,0.0,1.0,1.0,1.0,1.0,1.0
PostSpark 3,B,a0bea6137,q-023,ai-added,1,1,92,68,0.0,0.0,0.0,0.0,0.01087,0.0,0.0,0.0,0.0,0.014706
PostSpark 3,B,a0bea6137,q-024,ai-added,1,1,118,127,0.0,0.0,0.0,0.0,0.008475,0.0,0.0,0.0,0.0,0.007874
PostSpark 3,B,a0bea6137,q-025,editor-modified,1,2,7,7,0.0,0.0,0.0,0.5,0.142857,0.0,0.0,0.0,0.5,0.142857
PostSpark 3,B,a0bea6137,q-026,editor-added,1,1,57,2,0.0,0.0,0.0,0.0,0.017544,0.0,1.0,1.0,1.0,0.5
PostSpark 3,B,a0bea6137,q-027,editor-modified,1,2,29,106,0.0,0.0,0.0,0.0,0.034483,0.0,0.0,0.0,0.0,0.009434
PostSpark 3,B,a0bea6137,q-028,editor-stable,1,1,1,1,1.0,1.0,1.0,1.0,1.0,1.0,1.0,1.0,1.0,1.0
PostSpark 3,B,a0bea6137,q-029,editor-modified,1,1,1,1,1.0,1.0,1.0,1.0,1.0,1.0,1.0,1.0,1.0,1.0
PostSpark 3,B,a0bea6137,q-030,editor-added-late,1,1,-1,2,0.0,0.0,0.0,0.0,0.0,0.0,1.0,1.0,1.0,0.5
PostSpark 3,B,a0bea6137,q-031,editor-added-late,1,2,-1,110,0.0,0.0,0.0,0.0,0.0,0.0,0.0,0.0,0.0,0.009091
PostSpark 3,B,a0bea6137,q-032,client-central,1,1,2,7,0.0,1.0,1.0,1.0,0.5,0.0,0.0,0.0,1.0,0.142857
PostSpark 3,B,a0bea6137,q-033,client-infra,1,2,1,1,0.5,0.5,0.5,0.5,1.0,0.5,0.5,0.5,0.5,1.0
PostSpark 3,B,a0bea6137,q-034,feature-added,1,2,42,45,0.0,0.0,0.0,0.0,0.02381,0.0,0.0,0.0,0.0,0.022222
PostSpark 3,B,a0bea6137,q-035,config-central,1,1,249,159,0.0,0.0,0.0,0.0,0.004016,0.0,0.0,0.0,0.0,0.006289
PostSpark 3,B,a0bea6137,q-036,infra-central,1,1,92,57,0.0,0.0,0.0,0.0,0.01087,0.0,0.0,0.0,0.0,0.017544
PostSpark 3,B,a0bea6137,q-037,api-central,1,1,1,1,1.0,1.0,1.0,1.0,1.0,1.0,1.0,1.0,1.0,1.0
PostSpark 3,B,a0bea6137,q-038,feature-stable,1,1,16,16,0.0,0.0,0.0,0.0,0.0625,0.0,0.0,0.0,0.0,0.0625
PostSpark 3,B,a0bea6137,q-039,feature-stable,1,1,7,25,0.0,0.0,0.0,1.0,0.142857,0.0,0.0,0.0,0.0,0.04
PostSpark 3,B,a0bea6137,q-040,feature-stable,1,3,88,90,0.0,0.0,0.0,0.0,0.011364,0.0,0.0,0.0,0.0,0.011111
PostSpark 3,B,a0bea6137,q-041,subsystem-added-late,1,3,-1,2,0.0,0.0,0.0,0.0,0.0,0.0,0.333333,0.333333,1.0,0.5
PostSpark 3,B,a0bea6137,q-042,ui-added-late,1,2,-1,4,0.0,0.0,0.0,0.0,0.0,0.0,0.0,0.5,1.0,0.25
PostSpark 3,B,a0bea6137,q-046,view-added,1,1,2,2,0.0,1.0,1.0,1.0,0.5,0.0,1.0,1.0,1.0,0.5
PostSpark 3,B,5b2c84088,q-001,auth-modified,1,2,124,138,0.0,0.0,0.0,0.0,0.008065,0.0,0.0,0.0,0.0,0.007246
PostSpark 3,B,5b2c84088,q-002,auth-central,1,3,46,56,0.0,0.0,0.0,0.0,0.021739,0.0,0.0,0.0,0.0,0.017857
PostSpark 3,B,5b2c84088,q-003,billing-central,1,2,1,2,0.5,0.5,0.5,1.0,1.0,0.0,0.5,0.5,1.0,0.5
PostSpark 3,B,5b2c84088,q-004,billing-infra,1,2,1,1,0.5,0.5,1.0,1.0,1.0,0.5,1.0,1.0,1.0,1.0
PostSpark 3,B,5b2c84088,q-005,ui-peripheral,1,1,1,1,1.0,1.0,1.0,1.0,1.0,1.0,1.0,1.0,1.0,1.0
PostSpark 3,B,5b2c84088,q-006,ui-peripheral,1,1,3,1,0.0,1.0,1.0,1.0,0.333333,1.0,1.0,1.0,1.0,1.0
PostSpark 3,B,5b2c84088,q-007,db-config,1,1,121,129,0.0,0.0,0.0,0.0,0.008264,0.0,0.0,0.0,0.0,0.007752
PostSpark 3,B,5b2c84088,q-008,db-central,1,1,85,1,0.0,0.0,0.0,0.0,0.011765,1.0,1.0,1.0,1.0,1.0
PostSpark 3,B,5b2c84088,q-009,db-added,1,1,1,1,1.0,1.0,1.0,1.0,1.0,1.0,1.0,1.0,1.0,1.0
PostSpark 3,B,5b2c84088,q-010,ai-central,1,1,1,1,1.0,1.0,1.0,1.0,1.0,1.0,1.0,1.0,1.0,1.0
PostSpark 3,B,5b2c84088,q-011,ai-added,1,1,9,16,0.0,0.0,0.0,1.0,0.111111,0.0,0.0,0.0,0.0,0.0625
PostSpark 3,B,5b2c84088,q-012,ai-added,1,1,8,12,0.0,0.0,0.0,1.0,0.125,0.0,0.0,0.0,0.0,0.083333
PostSpark 3,B,5b2c84088,q-013,ai-added,1,1,42,48,0.0,0.0,0.0,0.0,0.02381,0.0,0.0,0.0,0.0,0.020833
PostSpark 3,B,5b2c84088,q-014,ai-stable,1,2,14,107,0.0,0.0,0.0,0.0,0.071429,0.0,0.0,0.0,0.0,0.009346
PostSpark 3,B,5b2c84088,q-015,feature-stable,1,3,2,1,0.0,0.333333,0.333333,0.333333,0.5,0.333333,0.333333,0.333333,0.333333,1.0
PostSpark 3,B,5b2c84088,q-016,feature-added,1,1,3,4,0.0,1.0,1.0,1.0,0.333333,0.0,0.0,1.0,1.0,0.25
PostSpark 3,B,5b2c84088,q-017,feature-added,1,2,9,6,0.0,0.0,0.0,0.5,0.111111,0.0,0.0,0.0,0.5,0.166667
PostSpark 3,B,5b2c84088,q-018,ai-added,1,2,68,10,0.0,0.0,0.0,0.0,0.014706,0.0,0.0,0.0,0.5,0.1
PostSpark 3,B,5b2c84088,q-019,feature-stable,1,1,47,55,0.0,0.0,0.0,0.0,0.021277,0.0,0.0,0.0,0.0,0.018182
PostSpark 3,B,5b2c84088,q-020,ai-added-late,1,2,29,7,0.0,0.0,0.0,0.0,0.034483,0.0,0.0,0.0,0.5,0.142857
PostSpark 3,B,5b2c84088,q-022,ai-added-late,1,1,-1,1,0.0,0.0,0.0,0.0,0.0,1.0,1.0,1.0,1.0,1.0
PostSpark 3,B,5b2c84088,q-023,ai-added,1,1,92,68,0.0,0.0,0.0,0.0,0.01087,0.0,0.0,0.0,0.0,0.014706
PostSpark 3,B,5b2c84088,q-024,ai-added,1,1,118,127,0.0,0.0,0.0,0.0,0.008475,0.0,0.0,0.0,0.0,0.007874
PostSpark 3,B,5b2c84088,q-025,editor-modified,1,2,7,7,0.0,0.0,0.0,0.5,0.142857,0.0,0.0,0.0,0.5,0.142857
PostSpark 3,B,5b2c84088,q-026,editor-added,1,1,57,2,0.0,0.0,0.0,0.0,0.017544,0.0,1.0,1.0,1.0,0.5
PostSpark 3,B,5b2c84088,q-027,editor-modified,1,2,29,106,0.0,0.0,0.0,0.0,0.034483,0.0,0.0,0.0,0.0,0.009434
PostSpark 3,B,5b2c84088,q-028,editor-stable,1,1,1,1,1.0,1.0,1.0,1.0,1.0,1.0,1.0,1.0,1.0,1.0
PostSpark 3,B,5b2c84088,q-029,editor-modified,1,1,1,1,1.0,1.0,1.0,1.0,1.0,1.0,1.0,1.0,1.0,1.0
PostSpark 3,B,5b2c84088,q-030,editor-added-late,1,1,-1,2,0.0,0.0,0.0,0.0,0.0,0.0,1.0,1.0,1.0,0.5
PostSpark 3,B,5b2c84088,q-031,editor-added-late,1,2,-1,110,0.0,0.0,0.0,0.0,0.0,0.0,0.0,0.0,0.0,0.009091
PostSpark 3,B,5b2c84088,q-032,client-central,1,1,2,7,0.0,1.0,1.0,1.0,0.5,0.0,0.0,0.0,1.0,0.142857
PostSpark 3,B,5b2c84088,q-033,client-infra,1,2,1,1,0.5,0.5,0.5,0.5,1.0,0.5,0.5,0.5,0.5,1.0
PostSpark 3,B,5b2c84088,q-034,feature-added,1,2,42,45,0.0,0.0,0.0,0.0,0.02381,0.0,0.0,0.0,0.0,0.022222
PostSpark 3,B,5b2c84088,q-035,config-central,1,1,249,159,0.0,0.0,0.0,0.0,0.004016,0.0,0.0,0.0,0.0,0.006289
PostSpark 3,B,5b2c84088,q-036,infra-central,1,1,92,57,0.0,0.0,0.0,0.0,0.01087,0.0,0.0,0.0,0.0,0.017544
PostSpark 3,B,5b2c84088,q-037,api-central,1,1,1,1,1.0,1.0,1.0,1.0,1.0,1.0,1.0,1.0,1.0,1.0
PostSpark 3,B,5b2c84088,q-038,feature-stable,1,1,16,16,0.0,0.0,0.0,0.0,0.0625,0.0,0.0,0.0,0.0,0.0625
PostSpark 3,B,5b2c84088,q-039,feature-stable,1,1,7,25,0.0,0.0,0.0,1.0,0.142857,0.0,0.0,0.0,0.0,0.04
PostSpark 3,B,5b2c84088,q-040,feature-stable,1,3,88,90,0.0,0.0,0.0,0.0,0.011364,0.0,0.0,0.0,0.0,0.011111
PostSpark 3,B,5b2c84088,q-041,subsystem-added-late,1,3,-1,2,0.0,0.0,0.0,0.0,0.0,0.0,0.333333,0.333333,1.0,0.5
PostSpark 3,B,5b2c84088,q-042,ui-added-late,1,2,-1,4,0.0,0.0,0.0,0.0,0.0,0.0,0.0,0.5,1.0,0.25
PostSpark 3,B,5b2c84088,q-046,view-added,1,1,2,2,0.0,1.0,1.0,1.0,0.5,0.0,1.0,1.0,1.0,0.5
PostSpark 3,B,a69eacf17,q-001,auth-modified,1,2,124,139,0.0,0.0,0.0,0.0,0.008065,0.0,0.0,0.0,0.0,0.007194
PostSpark 3,B,a69eacf17,q-002,auth-central,1,3,46,56,0.0,0.0,0.0,0.0,0.021739,0.0,0.0,0.0,0.0,0.017857
PostSpark 3,B,a69eacf17,q-003,billing-central,1,2,1,2,0.5,0.5,0.5,1.0,1.0,0.0,0.5,0.5,1.0,0.5
PostSpark 3,B,a69eacf17,q-004,billing-infra,1,2,1,1,0.5,0.5,1.0,1.0,1.0,0.5,1.0,1.0,1.0,1.0
PostSpark 3,B,a69eacf17,q-005,ui-peripheral,1,1,1,1,1.0,1.0,1.0,1.0,1.0,1.0,1.0,1.0,1.0,1.0
PostSpark 3,B,a69eacf17,q-006,ui-peripheral,1,1,3,1,0.0,1.0,1.0,1.0,0.333333,1.0,1.0,1.0,1.0,1.0
PostSpark 3,B,a69eacf17,q-007,db-config,1,1,121,131,0.0,0.0,0.0,0.0,0.008264,0.0,0.0,0.0,0.0,0.007634
PostSpark 3,B,a69eacf17,q-008,db-central,1,1,85,1,0.0,0.0,0.0,0.0,0.011765,1.0,1.0,1.0,1.0,1.0
PostSpark 3,B,a69eacf17,q-009,db-added,1,1,1,1,1.0,1.0,1.0,1.0,1.0,1.0,1.0,1.0,1.0,1.0
PostSpark 3,B,a69eacf17,q-010,ai-central,1,1,1,1,1.0,1.0,1.0,1.0,1.0,1.0,1.0,1.0,1.0,1.0
PostSpark 3,B,a69eacf17,q-011,ai-added,1,1,9,16,0.0,0.0,0.0,1.0,0.111111,0.0,0.0,0.0,0.0,0.0625
PostSpark 3,B,a69eacf17,q-012,ai-added,1,1,8,10,0.0,0.0,0.0,1.0,0.125,0.0,0.0,0.0,1.0,0.1
PostSpark 3,B,a69eacf17,q-013,ai-added,1,1,42,46,0.0,0.0,0.0,0.0,0.02381,0.0,0.0,0.0,0.0,0.021739
PostSpark 3,B,a69eacf17,q-014,ai-stable,1,2,14,108,0.0,0.0,0.0,0.0,0.071429,0.0,0.0,0.0,0.0,0.009259
PostSpark 3,B,a69eacf17,q-015,feature-stable,1,3,2,1,0.0,0.333333,0.333333,0.333333,0.5,0.333333,0.333333,0.333333,0.333333,1.0
PostSpark 3,B,a69eacf17,q-016,feature-added,1,1,3,4,0.0,1.0,1.0,1.0,0.333333,0.0,0.0,1.0,1.0,0.25
PostSpark 3,B,a69eacf17,q-017,feature-added,1,2,9,7,0.0,0.0,0.0,0.5,0.111111,0.0,0.0,0.0,0.5,0.142857
PostSpark 3,B,a69eacf17,q-018,ai-added,1,2,68,10,0.0,0.0,0.0,0.0,0.014706,0.0,0.0,0.0,0.5,0.1
PostSpark 3,B,a69eacf17,q-019,feature-stable,1,1,47,55,0.0,0.0,0.0,0.0,0.021277,0.0,0.0,0.0,0.0,0.018182
PostSpark 3,B,a69eacf17,q-020,ai-added-late,1,2,29,8,0.0,0.0,0.0,0.0,0.034483,0.0,0.0,0.0,0.5,0.125
PostSpark 3,B,a69eacf17,q-022,ai-added-late,1,1,-1,2,0.0,0.0,0.0,0.0,0.0,0.0,1.0,1.0,1.0,0.5
PostSpark 3,B,a69eacf17,q-023,ai-added,1,1,92,67,0.0,0.0,0.0,0.0,0.01087,0.0,0.0,0.0,0.0,0.014925
PostSpark 3,B,a69eacf17,q-024,ai-added,1,1,118,129,0.0,0.0,0.0,0.0,0.008475,0.0,0.0,0.0,0.0,0.007752
PostSpark 3,B,a69eacf17,q-025,editor-modified,1,2,7,7,0.0,0.0,0.0,0.5,0.142857,0.0,0.0,0.0,0.5,0.142857
PostSpark 3,B,a69eacf17,q-026,editor-added,1,1,57,6,0.0,0.0,0.0,0.0,0.017544,0.0,0.0,0.0,1.0,0.166667
PostSpark 3,B,a69eacf17,q-027,editor-modified,1,2,29,106,0.0,0.0,0.0,0.0,0.034483,0.0,0.0,0.0,0.0,0.009434
PostSpark 3,B,a69eacf17,q-028,editor-stable,1,1,1,1,1.0,1.0,1.0,1.0,1.0,1.0,1.0,1.0,1.0,1.0
PostSpark 3,B,a69eacf17,q-029,editor-modified,1,1,1,1,1.0,1.0,1.0,1.0,1.0,1.0,1.0,1.0,1.0,1.0
PostSpark 3,B,a69eacf17,q-030,editor-added-late,1,1,-1,2,0.0,0.0,0.0,0.0,0.0,0.0,1.0,1.0,1.0,0.5
PostSpark 3,B,a69eacf17,q-031,editor-added-late,1,2,-1,2,0.0,0.0,0.0,0.0,0.0,0.0,0.5,0.5,0.5,0.5
PostSpark 3,B,a69eacf17,q-032,client-central,1,1,2,7,0.0,1.0,1.0,1.0,0.5,0.0,0.0,0.0,1.0,0.142857
PostSpark 3,B,a69eacf17,q-033,client-infra,1,2,1,1,0.5,0.5,0.5,0.5,1.0,0.5,0.5,0.5,0.5,1.0
PostSpark 3,B,a69eacf17,q-034,feature-added,1,2,42,45,0.0,0.0,0.0,0.0,0.02381,0.0,0.0,0.0,0.0,0.022222
PostSpark 3,B,a69eacf17,q-035,config-central,1,1,249,162,0.0,0.0,0.0,0.0,0.004016,0.0,0.0,0.0,0.0,0.006173
PostSpark 3,B,a69eacf17,q-036,infra-central,1,1,92,57,0.0,0.0,0.0,0.0,0.01087,0.0,0.0,0.0,0.0,0.017544
PostSpark 3,B,a69eacf17,q-037,api-central,1,1,1,1,1.0,1.0,1.0,1.0,1.0,1.0,1.0,1.0,1.0,1.0
PostSpark 3,B,a69eacf17,q-038,feature-stable,1,1,16,15,0.0,0.0,0.0,0.0,0.0625,0.0,0.0,0.0,0.0,0.066667
PostSpark 3,B,a69eacf17,q-039,feature-stable,1,1,7,24,0.0,0.0,0.0,1.0,0.142857,0.0,0.0,0.0,0.0,0.041667
PostSpark 3,B,a69eacf17,q-040,feature-stable,1,3,88,91,0.0,0.0,0.0,0.0,0.011364,0.0,0.0,0.0,0.0,0.010989
PostSpark 3,B,a69eacf17,q-041,subsystem-added-late,1,3,-1,2,0.0,0.0,0.0,0.0,0.0,0.0,0.333333,0.333333,1.0,0.5
PostSpark 3,B,a69eacf17,q-042,ui-added-late,1,2,-1,4,0.0,0.0,0.0,0.0,0.0,0.0,0.0,0.5,1.0,0.25
PostSpark 3,B,a69eacf17,q-046,view-added,1,1,2,2,0.0,1.0,1.0,1.0,0.5,0.0,1.0,1.0,1.0,0.5
PostSpark 3,B,29a4e15d7,q-001,auth-modified,1,2,124,183,0.0,0.0,0.0,0.0,0.008065,0.0,0.0,0.0,0.0,0.005464
PostSpark 3,B,29a4e15d7,q-002,auth-central,1,3,46,65,0.0,0.0,0.0,0.0,0.021739,0.0,0.0,0.0,0.0,0.015385
PostSpark 3,B,29a4e15d7,q-003,billing-central,1,2,1,1,0.5,0.5,0.5,1.0,1.0,0.5,0.5,0.5,1.0,1.0
PostSpark 3,B,29a4e15d7,q-004,billing-infra,1,2,1,1,0.5,0.5,1.0,1.0,1.0,0.5,1.0,1.0,1.0,1.0
PostSpark 3,B,29a4e15d7,q-005,ui-peripheral,1,1,1,1,1.0,1.0,1.0,1.0,1.0,1.0,1.0,1.0,1.0,1.0
PostSpark 3,B,29a4e15d7,q-006,ui-peripheral,1,1,3,1,0.0,1.0,1.0,1.0,0.333333,1.0,1.0,1.0,1.0,1.0
PostSpark 3,B,29a4e15d7,q-007,db-config,1,1,121,145,0.0,0.0,0.0,0.0,0.008264,0.0,0.0,0.0,0.0,0.006897
PostSpark 3,B,29a4e15d7,q-008,db-central,1,1,85,18,0.0,0.0,0.0,0.0,0.011765,0.0,0.0,0.0,0.0,0.055556
PostSpark 3,B,29a4e15d7,q-009,db-added,1,1,1,1,1.0,1.0,1.0,1.0,1.0,1.0,1.0,1.0,1.0,1.0
PostSpark 3,B,29a4e15d7,q-010,ai-central,1,1,1,1,1.0,1.0,1.0,1.0,1.0,1.0,1.0,1.0,1.0,1.0
PostSpark 3,B,29a4e15d7,q-011,ai-added,1,1,9,18,0.0,0.0,0.0,1.0,0.111111,0.0,0.0,0.0,0.0,0.055556
PostSpark 3,B,29a4e15d7,q-012,ai-added,1,1,8,10,0.0,0.0,0.0,1.0,0.125,0.0,0.0,0.0,1.0,0.1
PostSpark 3,B,29a4e15d7,q-013,ai-added,1,1,42,55,0.0,0.0,0.0,0.0,0.02381,0.0,0.0,0.0,0.0,0.018182
PostSpark 3,B,29a4e15d7,q-014,ai-stable,1,2,14,146,0.0,0.0,0.0,0.0,0.071429,0.0,0.0,0.0,0.0,0.006849
PostSpark 3,B,29a4e15d7,q-015,feature-stable,1,3,2,1,0.0,0.333333,0.333333,0.333333,0.5,0.333333,0.333333,0.333333,0.333333,1.0
PostSpark 3,B,29a4e15d7,q-016,feature-added,1,1,3,4,0.0,1.0,1.0,1.0,0.333333,0.0,0.0,1.0,1.0,0.25
PostSpark 3,B,29a4e15d7,q-017,feature-added,1,2,9,8,0.0,0.0,0.0,0.5,0.111111,0.0,0.0,0.0,0.5,0.125
PostSpark 3,B,29a4e15d7,q-018,ai-added,1,2,68,11,0.0,0.0,0.0,0.0,0.014706,0.0,0.0,0.0,0.0,0.090909
PostSpark 3,B,29a4e15d7,q-019,feature-stable,1,1,47,72,0.0,0.0,0.0,0.0,0.021277,0.0,0.0,0.0,0.0,0.013889
PostSpark 3,B,29a4e15d7,q-020,ai-added-late,1,2,29,9,0.0,0.0,0.0,0.0,0.034483,0.0,0.0,0.0,0.5,0.111111
PostSpark 3,B,29a4e15d7,q-021,subsystem-added-late,1,3,-1,5,0.0,0.0,0.0,0.0,0.0,0.0,0.0,0.333333,0.333333,0.2
PostSpark 3,B,29a4e15d7,q-022,ai-added-late,1,2,-1,2,0.0,0.0,0.0,0.0,0.0,0.0,0.5,0.5,0.5,0.5
PostSpark 3,B,29a4e15d7,q-023,ai-added,1,1,92,78,0.0,0.0,0.0,0.0,0.01087,0.0,0.0,0.0,0.0,0.012821
PostSpark 3,B,29a4e15d7,q-024,ai-added,1,1,118,172,0.0,0.0,0.0,0.0,0.008475,0.0,0.0,0.0,0.0,0.005814
PostSpark 3,B,29a4e15d7,q-025,editor-modified,1,2,7,9,0.0,0.0,0.0,0.5,0.142857,0.0,0.0,0.0,0.5,0.111111
PostSpark 3,B,29a4e15d7,q-026,editor-added,1,1,57,6,0.0,0.0,0.0,0.0,0.017544,0.0,0.0,0.0,1.0,0.166667
PostSpark 3,B,29a4e15d7,q-027,editor-modified,1,2,29,139,0.0,0.0,0.0,0.0,0.034483,0.0,0.0,0.0,0.0,0.007194
PostSpark 3,B,29a4e15d7,q-028,editor-stable,1,1,1,1,1.0,1.0,1.0,1.0,1.0,1.0,1.0,1.0,1.0,1.0
PostSpark 3,B,29a4e15d7,q-029,editor-modified,1,1,1,1,1.0,1.0,1.0,1.0,1.0,1.0,1.0,1.0,1.0,1.0
PostSpark 3,B,29a4e15d7,q-030,editor-added-late,1,1,-1,2,0.0,0.0,0.0,0.0,0.0,0.0,1.0,1.0,1.0,0.5
PostSpark 3,B,29a4e15d7,q-031,editor-added-late,1,2,-1,2,0.0,0.0,0.0,0.0,0.0,0.0,0.5,0.5,0.5,0.5
PostSpark 3,B,29a4e15d7,q-032,client-central,1,1,2,9,0.0,1.0,1.0,1.0,0.5,0.0,0.0,0.0,1.0,0.111111
PostSpark 3,B,29a4e15d7,q-033,client-infra,1,2,1,1,0.5,0.5,0.5,0.5,1.0,0.5,0.5,0.5,0.5,1.0
PostSpark 3,B,29a4e15d7,q-034,feature-added,1,2,42,57,0.0,0.0,0.0,0.0,0.02381,0.0,0.0,0.0,0.0,0.017544
PostSpark 3,B,29a4e15d7,q-035,config-central,1,1,249,277,0.0,0.0,0.0,0.0,0.004016,0.0,0.0,0.0,0.0,0.00361
PostSpark 3,B,29a4e15d7,q-036,infra-central,1,1,92,78,0.0,0.0,0.0,0.0,0.01087,0.0,0.0,0.0,0.0,0.012821
PostSpark 3,B,29a4e15d7,q-037,api-central,1,1,1,1,1.0,1.0,1.0,1.0,1.0,1.0,1.0,1.0,1.0,1.0
PostSpark 3,B,29a4e15d7,q-038,feature-stable,1,1,16,19,0.0,0.0,0.0,0.0,0.0625,0.0,0.0,0.0,0.0,0.052632
PostSpark 3,B,29a4e15d7,q-039,feature-stable,1,1,7,23,0.0,0.0,0.0,1.0,0.142857,0.0,0.0,0.0,0.0,0.043478
PostSpark 3,B,29a4e15d7,q-040,feature-stable,1,3,88,117,0.0,0.0,0.0,0.0,0.011364,0.0,0.0,0.0,0.0,0.008547
PostSpark 3,B,29a4e15d7,q-041,subsystem-added-late,1,3,-1,2,0.0,0.0,0.0,0.0,0.0,0.0,0.333333,0.333333,1.0,0.5
PostSpark 3,B,29a4e15d7,q-042,ui-added-late,1,2,-1,3,0.0,0.0,0.0,0.0,0.0,0.0,0.5,0.5,1.0,0.333333
PostSpark 3,B,29a4e15d7,q-043,subsystem-added-late,1,4,-1,11,0.0,0.0,0.0,0.0,0.0,0.0,0.0,0.0,0.0,0.090909
PostSpark 3,B,29a4e15d7,q-046,view-added,1,1,2,3,0.0,1.0,1.0,1.0,0.5,0.0,1.0,1.0,1.0,0.333333
PostSpark 3,B,4854517f7,q-001,auth-modified,1,2,124,183,0.0,0.0,0.0,0.0,0.008065,0.0,0.0,0.0,0.0,0.005464
PostSpark 3,B,4854517f7,q-002,auth-central,1,3,46,64,0.0,0.0,0.0,0.0,0.021739,0.0,0.0,0.0,0.0,0.015625
PostSpark 3,B,4854517f7,q-003,billing-central,1,2,1,2,0.5,0.5,0.5,1.0,1.0,0.0,0.5,0.5,1.0,0.5
PostSpark 3,B,4854517f7,q-004,billing-infra,1,2,1,1,0.5,0.5,1.0,1.0,1.0,0.5,1.0,1.0,1.0,1.0
PostSpark 3,B,4854517f7,q-005,ui-peripheral,1,1,1,1,1.0,1.0,1.0,1.0,1.0,1.0,1.0,1.0,1.0,1.0
PostSpark 3,B,4854517f7,q-006,ui-peripheral,1,1,3,1,0.0,1.0,1.0,1.0,0.333333,1.0,1.0,1.0,1.0,1.0
PostSpark 3,B,4854517f7,q-007,db-config,1,1,121,144,0.0,0.0,0.0,0.0,0.008264,0.0,0.0,0.0,0.0,0.006944
PostSpark 3,B,4854517f7,q-008,db-central,1,1,85,19,0.0,0.0,0.0,0.0,0.011765,0.0,0.0,0.0,0.0,0.052632
PostSpark 3,B,4854517f7,q-009,db-added,1,1,1,1,1.0,1.0,1.0,1.0,1.0,1.0,1.0,1.0,1.0,1.0
PostSpark 3,B,4854517f7,q-010,ai-central,1,1,1,1,1.0,1.0,1.0,1.0,1.0,1.0,1.0,1.0,1.0,1.0
PostSpark 3,B,4854517f7,q-011,ai-added,1,1,9,21,0.0,0.0,0.0,1.0,0.111111,0.0,0.0,0.0,0.0,0.047619
PostSpark 3,B,4854517f7,q-012,ai-added,1,1,8,11,0.0,0.0,0.0,1.0,0.125,0.0,0.0,0.0,0.0,0.090909
PostSpark 3,B,4854517f7,q-013,ai-added,1,1,42,57,0.0,0.0,0.0,0.0,0.02381,0.0,0.0,0.0,0.0,0.017544
PostSpark 3,B,4854517f7,q-014,ai-stable,1,2,14,147,0.0,0.0,0.0,0.0,0.071429,0.0,0.0,0.0,0.0,0.006803
PostSpark 3,B,4854517f7,q-015,feature-stable,1,3,2,1,0.0,0.333333,0.333333,0.333333,0.5,0.333333,0.333333,0.333333,0.333333,1.0
PostSpark 3,B,4854517f7,q-016,feature-added,1,1,3,4,0.0,1.0,1.0,1.0,0.333333,0.0,0.0,1.0,1.0,0.25
PostSpark 3,B,4854517f7,q-017,feature-added,1,2,9,8,0.0,0.0,0.0,0.5,0.111111,0.0,0.0,0.0,0.5,0.125
PostSpark 3,B,4854517f7,q-018,ai-added,1,2,68,67,0.0,0.0,0.0,0.0,0.014706,0.0,0.0,0.0,0.0,0.014925
PostSpark 3,B,4854517f7,q-019,feature-stable,1,1,47,70,0.0,0.0,0.0,0.0,0.021277,0.0,0.0,0.0,0.0,0.014286
PostSpark 3,B,4854517f7,q-020,ai-added-late,1,2,29,10,0.0,0.0,0.0,0.0,0.034483,0.0,0.0,0.0,0.5,0.1
PostSpark 3,B,4854517f7,q-021,subsystem-added-late,1,3,-1,5,0.0,0.0,0.0,0.0,0.0,0.0,0.0,0.333333,0.333333,0.2
PostSpark 3,B,4854517f7,q-022,ai-added-late,1,2,-1,2,0.0,0.0,0.0,0.0,0.0,0.0,0.5,0.5,0.5,0.5
PostSpark 3,B,4854517f7,q-023,ai-added,1,1,92,80,0.0,0.0,0.0,0.0,0.01087,0.0,0.0,0.0,0.0,0.0125
PostSpark 3,B,4854517f7,q-024,ai-added,1,1,118,93,0.0,0.0,0.0,0.0,0.008475,0.0,0.0,0.0,0.0,0.010753
PostSpark 3,B,4854517f7,q-025,editor-modified,1,2,7,6,0.0,0.0,0.0,0.5,0.142857,0.0,0.0,0.0,0.5,0.166667
PostSpark 3,B,4854517f7,q-026,editor-added,1,1,57,6,0.0,0.0,0.0,0.0,0.017544,0.0,0.0,0.0,1.0,0.166667
PostSpark 3,B,4854517f7,q-027,editor-modified,1,2,29,139,0.0,0.0,0.0,0.0,0.034483,0.0,0.0,0.0,0.0,0.007194
PostSpark 3,B,4854517f7,q-028,editor-stable,1,1,1,1,1.0,1.0,1.0,1.0,1.0,1.0,1.0,1.0,1.0,1.0
PostSpark 3,B,4854517f7,q-029,editor-modified,1,1,1,1,1.0,1.0,1.0,1.0,1.0,1.0,1.0,1.0,1.0,1.0
PostSpark 3,B,4854517f7,q-030,editor-added-late,1,1,-1,2,0.0,0.0,0.0,0.0,0.0,0.0,1.0,1.0,1.0,0.5
PostSpark 3,B,4854517f7,q-031,editor-added-late,1,2,-1,2,0.0,0.0,0.0,0.0,0.0,0.0,0.5,0.5,0.5,0.5
PostSpark 3,B,4854517f7,q-032,client-central,1,1,2,9,0.0,1.0,1.0,1.0,0.5,0.0,0.0,0.0,1.0,0.111111
PostSpark 3,B,4854517f7,q-033,client-infra,1,2,1,1,0.5,0.5,0.5,0.5,1.0,0.5,0.5,0.5,0.5,1.0
PostSpark 3,B,4854517f7,q-034,feature-added,1,2,42,57,0.0,0.0,0.0,0.0,0.02381,0.0,0.0,0.0,0.0,0.017544
PostSpark 3,B,4854517f7,q-035,config-central,1,1,249,278,0.0,0.0,0.0,0.0,0.004016,0.0,0.0,0.0,0.0,0.003597
PostSpark 3,B,4854517f7,q-036,infra-central,1,1,92,79,0.0,0.0,0.0,0.0,0.01087,0.0,0.0,0.0,0.0,0.012658
PostSpark 3,B,4854517f7,q-037,api-central,1,1,1,1,1.0,1.0,1.0,1.0,1.0,1.0,1.0,1.0,1.0,1.0
PostSpark 3,B,4854517f7,q-038,feature-stable,1,1,16,23,0.0,0.0,0.0,0.0,0.0625,0.0,0.0,0.0,0.0,0.043478
PostSpark 3,B,4854517f7,q-039,feature-stable,1,1,7,24,0.0,0.0,0.0,1.0,0.142857,0.0,0.0,0.0,0.0,0.041667
PostSpark 3,B,4854517f7,q-040,feature-stable,1,3,88,118,0.0,0.0,0.0,0.0,0.011364,0.0,0.0,0.0,0.0,0.008475
PostSpark 3,B,4854517f7,q-041,subsystem-added-late,1,3,-1,2,0.0,0.0,0.0,0.0,0.0,0.0,0.333333,0.333333,1.0,0.5
PostSpark 3,B,4854517f7,q-042,ui-added-late,1,2,-1,3,0.0,0.0,0.0,0.0,0.0,0.0,0.5,1.0,1.0,0.333333
PostSpark 3,B,4854517f7,q-043,subsystem-added-late,1,4,-1,11,0.0,0.0,0.0,0.0,0.0,0.0,0.0,0.0,0.0,0.090909
PostSpark 3,B,4854517f7,q-046,view-added,1,1,2,2,0.0,1.0,1.0,1.0,0.5,0.0,1.0,1.0,1.0,0.5
PostSpark 3,B,f4025186a,q-001,auth-modified,1,2,124,185,0.0,0.0,0.0,0.0,0.008065,0.0,0.0,0.0,0.0,0.005405
PostSpark 3,B,f4025186a,q-002,auth-central,1,3,46,65,0.0,0.0,0.0,0.0,0.021739,0.0,0.0,0.0,0.0,0.015385
PostSpark 3,B,f4025186a,q-003,billing-central,1,2,1,4,0.5,0.5,0.5,1.0,1.0,0.0,0.0,0.5,1.0,0.25
PostSpark 3,B,f4025186a,q-004,billing-infra,1,2,1,1,0.5,0.5,1.0,1.0,1.0,0.5,1.0,1.0,1.0,1.0
PostSpark 3,B,f4025186a,q-005,ui-peripheral,1,1,1,1,1.0,1.0,1.0,1.0,1.0,1.0,1.0,1.0,1.0,1.0
PostSpark 3,B,f4025186a,q-006,ui-peripheral,1,1,3,1,0.0,1.0,1.0,1.0,0.333333,1.0,1.0,1.0,1.0,1.0
PostSpark 3,B,f4025186a,q-007,db-config,1,1,121,154,0.0,0.0,0.0,0.0,0.008264,0.0,0.0,0.0,0.0,0.006494
PostSpark 3,B,f4025186a,q-008,db-central,1,1,85,19,0.0,0.0,0.0,0.0,0.011765,0.0,0.0,0.0,0.0,0.052632
PostSpark 3,B,f4025186a,q-009,db-added,1,1,1,1,1.0,1.0,1.0,1.0,1.0,1.0,1.0,1.0,1.0,1.0
PostSpark 3,B,f4025186a,q-010,ai-central,1,1,1,1,1.0,1.0,1.0,1.0,1.0,1.0,1.0,1.0,1.0,1.0
PostSpark 3,B,f4025186a,q-011,ai-added,1,1,9,24,0.0,0.0,0.0,1.0,0.111111,0.0,0.0,0.0,0.0,0.041667
PostSpark 3,B,f4025186a,q-012,ai-added,1,1,8,13,0.0,0.0,0.0,1.0,0.125,0.0,0.0,0.0,0.0,0.076923
PostSpark 3,B,f4025186a,q-013,ai-added,1,1,42,59,0.0,0.0,0.0,0.0,0.02381,0.0,0.0,0.0,0.0,0.016949
PostSpark 3,B,f4025186a,q-014,ai-stable,1,2,14,154,0.0,0.0,0.0,0.0,0.071429,0.0,0.0,0.0,0.0,0.006494
PostSpark 3,B,f4025186a,q-015,feature-stable,1,3,2,1,0.0,0.333333,0.333333,0.333333,0.5,0.333333,0.333333,0.333333,0.333333,1.0
PostSpark 3,B,f4025186a,q-016,feature-added,1,1,3,3,0.0,1.0,1.0,1.0,0.333333,0.0,1.0,1.0,1.0,0.333333
PostSpark 3,B,f4025186a,q-017,feature-added,1,2,9,8,0.0,0.0,0.0,0.5,0.111111,0.0,0.0,0.0,0.5,0.125
PostSpark 3,B,f4025186a,q-018,ai-added,1,2,68,5,0.0,0.0,0.0,0.0,0.014706,0.0,0.0,0.5,0.5,0.2
PostSpark 3,B,f4025186a,q-019,feature-stable,1,1,47,72,0.0,0.0,0.0,0.0,0.021277,0.0,0.0,0.0,0.0,0.013889
PostSpark 3,B,f4025186a,q-020,ai-added-late,1,2,29,10,0.0,0.0,0.0,0.0,0.034483,0.0,0.0,0.0,0.5,0.1
PostSpark 3,B,f4025186a,q-021,subsystem-added-late,1,3,-1,6,0.0,0.0,0.0,0.0,0.0,0.0,0.0,0.0,0.333333,0.166667
PostSpark 3,B,f4025186a,q-022,ai-added-late,1,2,-1,2,0.0,0.0,0.0,0.0,0.0,0.0,0.5,0.5,0.5,0.5
PostSpark 3,B,f4025186a,q-023,ai-added,1,1,92,83,0.0,0.0,0.0,0.0,0.01087,0.0,0.0,0.0,0.0,0.012048
PostSpark 3,B,f4025186a,q-024,ai-added,1,1,118,184,0.0,0.0,0.0,0.0,0.008475,0.0,0.0,0.0,0.0,0.005435
PostSpark 3,B,f4025186a,q-025,editor-modified,1,3,7,8,0.0,0.0,0.0,0.333333,0.142857,0.0,0.0,0.0,0.333333,0.125
PostSpark 3,B,f4025186a,q-026,editor-added,1,1,57,6,0.0,0.0,0.0,0.0,0.017544,0.0,0.0,0.0,1.0,0.166667
PostSpark 3,B,f4025186a,q-027,editor-modified,1,2,29,141,0.0,0.0,0.0,0.0,0.034483,0.0,0.0,0.0,0.0,0.007092
PostSpark 3,B,f4025186a,q-028,editor-stable,1,1,1,1,1.0,1.0,1.0,1.0,1.0,1.0,1.0,1.0,1.0,1.0
PostSpark 3,B,f4025186a,q-029,editor-modified,1,1,1,1,1.0,1.0,1.0,1.0,1.0,1.0,1.0,1.0,1.0,1.0
PostSpark 3,B,f4025186a,q-030,editor-added-late,1,1,-1,2,0.0,0.0,0.0,0.0,0.0,0.0,1.0,1.0,1.0,0.5
PostSpark 3,B,f4025186a,q-031,editor-added-late,1,2,-1,2,0.0,0.0,0.0,0.0,0.0,0.0,0.5,0.5,0.5,0.5
PostSpark 3,B,f4025186a,q-032,client-central,1,1,2,9,0.0,1.0,1.0,1.0,0.5,0.0,0.0,0.0,1.0,0.111111
PostSpark 3,B,f4025186a,q-033,client-infra,1,2,1,1,0.5,0.5,0.5,0.5,1.0,0.5,0.5,0.5,0.5,1.0
PostSpark 3,B,f4025186a,q-034,feature-added,1,2,42,57,0.0,0.0,0.0,0.0,0.02381,0.0,0.0,0.0,0.0,0.017544
PostSpark 3,B,f4025186a,q-035,config-central,1,1,249,140,0.0,0.0,0.0,0.0,0.004016,0.0,0.0,0.0,0.0,0.007143
PostSpark 3,B,f4025186a,q-036,infra-central,1,1,92,82,0.0,0.0,0.0,0.0,0.01087,0.0,0.0,0.0,0.0,0.012195
PostSpark 3,B,f4025186a,q-037,api-central,1,1,1,5,1.0,1.0,1.0,1.0,1.0,0.0,0.0,1.0,1.0,0.2
PostSpark 3,B,f4025186a,q-038,feature-stable,1,1,16,24,0.0,0.0,0.0,0.0,0.0625,0.0,0.0,0.0,0.0,0.041667
PostSpark 3,B,f4025186a,q-039,feature-stable,1,1,7,24,0.0,0.0,0.0,1.0,0.142857,0.0,0.0,0.0,0.0,0.041667
PostSpark 3,B,f4025186a,q-040,feature-stable,1,3,88,120,0.0,0.0,0.0,0.0,0.011364,0.0,0.0,0.0,0.0,0.008333
PostSpark 3,B,f4025186a,q-041,subsystem-added-late,1,3,-1,2,0.0,0.0,0.0,0.0,0.0,0.0,0.333333,0.333333,1.0,0.5
PostSpark 3,B,f4025186a,q-042,ui-added-late,1,2,-1,3,0.0,0.0,0.0,0.0,0.0,0.0,0.5,1.0,1.0,0.333333
PostSpark 3,B,f4025186a,q-043,subsystem-added-late,1,4,-1,12,0.0,0.0,0.0,0.0,0.0,0.0,0.0,0.0,0.0,0.083333
PostSpark 3,B,f4025186a,q-046,view-added,1,1,2,2,0.0,1.0,1.0,1.0,0.5,0.0,1.0,1.0,1.0,0.5
