repo,baseline,state,query_id,query_type,eligible,n_relevant,stale_rank,fresh_rank,recall1_stale,recall3_stale,recall5_stale,recall10_stale,mrr_stale,recall1_fresh,recall3_fresh,recall5_fresh,recall10_fresh,mrr_fresh
PostSpark 3,A,9262d1dff,q-001,auth-modified,1,2,15,15,0.0,0.0,0.0,0.0,0.066667,0.0,0.0,0.0,0.0,0.066667
PostSpark 3,A,9262d1dff,q-002,auth-central,1,3,3,3,0.0,0.333333,0.666667,0.666667,0.333333,0.0,0.333333,0.666667,0.666667,0.333333
PostSpark 3,A,9262d1dff,q-003,billing-central,1,2,1,1,0.5,1.0,1.0,1.0,1.0,0.5,1.0,1.0,1.0,1.0
PostSpark 3,A,9262d1dff,q-004,billing-infra,1,2,1,1,0.5,1.0,1.0,1.0,1.0,0.5,1.0,1.0,1.0,1.0
PostSpark 3,A,9262d1dff,q-005,ui-peripheral,1,1,1,1,1.0,1.0,1.0,1.0,1.0,1.0,1.0,1.0,1.0,1.0
PostSpark 3,A,9262d1dff,q-006,ui-peripheral,1,1,1,1,1.0,1.0,1.0,1.0,1.0,1.0,1.0,1.0,1.0,1.0
PostSpark 3,A,9262d1dff,q-007,db-config,1,1,6,6,0.0,0.0,0.0,1.0,0.166667,0.0,0.0,0.0,1.0,0.166667
PostSpark 3,A,9262d1dff,q-008,db-central,1,1,39,41,0.0,0.0,0.0,0.0,0.025641,0.0,0.0,0.0,0.0,0.02439
PostSpark 3,A,9262d1dff,q-010,ai-central,1,1,2,3,0.0,1.0,1.0,1.0,0.5,0.0,1.0,1.0,1.0,0.333333
PostSpark 3,A,9262d1dff,q-014,ai-stable,1,2,1,4,0.5,0.5,0.5,0.5,1.0,0.0,0.0,0.5,0.5,0.25
PostSpark 3,A,9262d1dff,q-015,feature-stable,1,3,16,1,0.0,0.0,0.0,0.0,0.0625,0.333333,0.333333,0.333333,0.666667,1.0
PostSpark 3,A,9262d1dff,q-016,feature-added,1,1,-1,3,0.0,0.0,0.0,0.0,0.0,0.0,1.0,1.0,1.0,0.333333
PostSpark 3,A,9262d1dff,q-018,ai-added,1,1,-1,24,0.0,0.0,0.0,0.0,0.0,0.0,0.0,0.0,0.0,0.041667
PostSpark 3,A,9262d1dff,q-019,feature-stable,1,1,1,1,1.0,1.0,1.0,1.0,1.0,1.0,1.0,1.0,1.0,1.0
PostSpark 3,A,9262d1dff,q-027,editor-modified,1,1,-1,9,0.0,0.0,0.0,0.0,0.0,0.0,0.0,0.0,1.0,0.111111
PostSpark 3,A,9262d1dff,q-028,editor-stable,1,1,1,1,1.0,1.0,1.0,1.0,1.0,1.0,1.0,1.0,1.0,1.0
PostSpark 3,A,9262d1dff,q-029,editor-modified,1,1,1,2,1.0,1.0,1.0,1.0,1.0,0.0,1.0,1.0,1.0,0.5
PostSpark 3,A,9262d1dff,q-032,client-central,1,1,10,12,0.0,0.0,0.0,1.0,0.1,0.0,0.0,0.0,0.0,0.083333
PostSpark 3,A,9262d1dff,q-033,client-infra,1,2,1,1,0.5,0.5,0.5,1.0,1.0,0.5,0.5,1.0,1.0,1.0
PostSpark 3,A,9262d1dff,q-035,config-central,1,1,88,93,0.0,0.0,0.0,0.0,0.011364,0.0,0.0,0.0,0.0,0.010753
PostSpark 3,A,9262d1dff,q-036,infra-central,1,1,13,13,0.0,0.0,0.0,0.0,0.076923,0.0,0.0,0.0,0.0,0.076923
PostSpark 3,A,9262d1dff,q-037,api-central,1,1,3,2,0.0,1.0,1.0,1.0,0.333333,0.0,1.0,1.0,1.0,0.5
PostSpark 3,A,9262d1dff,q-038,feature-stable,1,1,5,3,0.0,0.0,1.0,1.0,0.2,0.0,1.0,1.0,1.0,0.333333
PostSpark 3,A,9262d1dff,q-039,feature-stable,1,1,1,1,1.0,1.0,1.0,1.0,1.0,1.0,1.0,1.0,1.0,1.0
PostSpark 3,A,9262d1dff,q-040,feature-stable,1,3,3,4,0.0,0.333333,0.666667,0.666667,0.333333,0.0,0.0,0.333333,0.666667,0.25
PostSpark 3,A,9262d1dff,q-044,editor-deleted,1,2,1,1,0.5,1.0,1.0,1.0,1.0,0.5,1.0,1.0,1.0,1.0
PostSpark 3,A,9262d1dff,q-045,ui-deleted,1,1,6,3,0.0,0.0,0.0,1.0,0.166667,0.0,1.0,1.0,1.0,0.333333
PostSpark 3,A,9262d1dff,q-046,view-added,1,1,2,1,0.0,1.0,1.0,1.0,0.5,1.0,1.0,1.0,1.0,1.0
PostSpark 3,A,a4d32bab9,q-001,auth-modified,1,2,60,13,0.0,0.0,0.0,0.0,0.016667,0.0,0.0,0.0,0.0,0.076923
PostSpark 3,A,a4d32bab9,q-002,auth-central,1,3,3,2,0.0,0.333333,0.666667,0.666667,0.333333,0.0,0.666667,0.666667,0.666667,0.5
PostSpark 3,A,a4d32bab9,q-003,billing-central,1,2,1,1,0.5,1.0,1.0,1.0,1.0,0.5,1.0,1.0,1.0,1.0
PostSpark 3,A,a4d32bab9,q-004,billing-infra,1,2,1,1,0.5,1.0,1.0,1.0,1.0,0.5,1.0,1.0,1.0,1.0
PostSpark 3,A,a4d32bab9,q-005,ui-peripheral,1,1,1,1,1.0,1.0,1.0,1.0,1.0,1.0,1.0,1.0,1.0,1.0
PostSpark 3,A,a4d32bab9,q-006,ui-peripheral,1,1,1,1,1.0,1.0,1.0,1.0,1.0,1.0,1.0,1.0,1.0,1.0
PostSpark 3,A,a4d32bab9,q-007,db-config,1,1,6,4,0.0,0.0,0.0,1.0,0.166667,0.0,0.0,1.0,1.0,0.25
PostSpark 3,A,a4d32bab9,q-008,db-central,1,1,39,29,0.0,0.0,0.0,0.0,0.025641,0.0,0.0,0.0,0.0,0.034483
PostSpark 3,A,a4d32bab9,q-009,db-added,1,1,-1,1,0.0,0.0,0.0,0.0,0.0,1.0,1.0,1.0,1.0,1.0
PostSpark 3,A,a4d32bab9,q-010,ai-central,1,1,2,2,0.0,1.0,1.0,1.0,0.5,0.0,1.0,1.0,1.0,0.5
PostSpark 3,A,a4d32bab9,q-014,ai-stable,1,2,1,5,0.5,0.5,0.5,0.5,1.0,0.0,0.0,0.5,0.5,0.2
PostSpark 3,A,a4d32bab9,q-015,feature-stable,1,3,16,1,0.0,0.0,0.0,0.0,0.0625,0.333333,0.333333,0.333333,0.333333,1.0
PostSpark 3,A,a4d32bab9,q-016,feature-added,1,1,-1,2,0.0,0.0,0.0,0.0,0.0,0.0,1.0,1.0,1.0,0.5
PostSpark 3,A,a4d32bab9,q-018,ai-added,1,1,-1,33,0.0,0.0,0.0,0.0,0.0,0.0,0.0,0.0,0.0,0.030303
PostSpark 3,A,a4d32bab9,q-019,feature-stable,1,1,1,1,1.0,1.0,1.0,1.0,1.0,1.0,1.0,1.0,1.0,1.0
PostSpark 3,A,a4d32bab9,q-026,editor-added,1,1,-1,2,0.0,0.0,0.0,0.0,0.0,0.0,1.0,1.0,1.0,0.5
PostSpark 3,A,a4d32bab9,q-027,editor-modified,1,1,-1,10,0.0,0.0,0.0,0.0,0.0,0.0,0.0,0.0,1.0,0.1
PostSpark 3,A,a4d32bab9,q-028,editor-stable,1,1,1,1,1.0,1.0,1.0,1.0,1.0,1.0,1.0,1.0,1.0,1.0
PostSpark 3,A,a4d32bab9,q-029,editor-modified,1,2,1,1,0.5,0.5,0.5,0.5,1.0,0.5,0.5,1.0,1.0,1.0
PostSpark 3,A,a4d32bab9,q-032,client-central,1,1,10,3,0.0,0.0,0.0,1.0,0.1,0.0,1.0,1.0,1.0,0.333333
PostSpark 3,A,a4d32bab9,q-033,client-infra,1,2,1,1,0.5,0.5,0.5,1.0,1.0,0.5,0.5,1.0,1.0,1.0
PostSpark 3,A,a4d32bab9,q-035,config-central,1,1,88,188,0.0,0.0,0.0,0.0,0.011364,0.0,0.0,0.0,0.0,0.005319
PostSpark 3,A,a4d32bab9,q-036,infra-central,1,1,13,21,0.0,0.0,0.0,0.0,0.076923,0.0,0.0,0.0,0.0,0.047619
PostSpark 3,A,a4d32bab9,q-037,api-central,1,1,3,2,0.0,1.0,1.0,1.0,0.333333,0.0,1.0,1.0,1.0,0.5
PostSpark 3,A,a4d32bab9,q-038,feature-stable,1,1,5,2,0.0,0.0,1.0,1.0,0.2,0.0,1.0,1.0,1.0,0.5
PostSpark 3,A,a4d32bab9,q-039,feature-stable,1,1,1,1,1.0,1.0,1.0,1.0,1.0,1.0,1.0,1.0,1.0,1.0
PostSpark 3,A,a4d32bab9,q-040,feature-stable,1,3,3,2,0.0,0.333333,0.666667,0.666667,0.333333,0.0,0.333333,0.333333,0.666667,0.5
PostSpark 3,A,a4d32bab9,q-044,editor-deleted,1,2,1,1,0.5,1.0,1.0,1.0,1.0,0.5,1.0,1.0,1.0,1.0
PostSpark 3,A,a4d32bab9,q-045,ui-deleted,1,1,6,3,0.0,0.0,0.0,1.0,0.166667,0.0,1.0,1.0,1.0,0.333333
PostSpark 3,A,a4d32bab9,q-046,view-added,1,1,2,2,0.0,1.0,1.0,1.0,0.5,0.0,1.0,1.0,1.0,0.5
PostSpark 3,A,f7c0b2d2f,q-001,auth-modified,1,2,60,13,0.0,0.0,0.0,0.0,0.016667,0.0,0.0,0.0,0.0,0.076923
PostSpark 3,A,f7c0b2d2f,q-002,auth-central,1,3,3,1,0.0,0.333333,0.666667,0.666667,0.333333,0.333333,0.666667,0.666667,0.666667,1.0
PostSpark 3,A,f7c0b2d2f,q-003,billing-central,1,2,1,1,0.5,1.0,1.0,1.0,1.0,0.5,1.0,1.0,1.0,1.0
PostSpark 3,A,f7c0b2d2f,q-004,billing-infra,1,2,1,1,0.5,1.0,1.0,1.0,1.0,0.5,1.0,1.0,1.0,1.0
PostSpark 3,A,f7c0b2d2f,q-005,ui-peripheral,1,1,1,1,1.0,1.0,1.0,1.0,1.0,1.0,1.0,1.0,1.0,1.0
PostSpark 3,A,f7c0b2d2f,q-006,ui-peripheral,1,1,1,1,1.0,1.0,1.0,1.0,1.0,1.0,1.0,1.0,1.0,1.0
PostSpark 3,A,f7c0b2d2f,q-007,db-config,1,1,6,5,0.0,0.0,0.0,1.0,0.166667,0.0,0.0,1.0,1.0,0.2
PostSpark 3,A,f7c0b2d2f,q-008,db-central,1,1,39,24,0.0,0.0,0.0,0.0,0.025641,0.0,0.0,0.0,0.0,0.041667
PostSpark 3,A,f7c0b2d2f,q-009,db-added,1,1,-1,1,0.0,0.0,0.0,0.0,0.0,1.0,1.0,1.0,1.0,1.0
PostSpark 3,A,f7c0b2d2f,q-010,ai-central,1,1,2,1,0.0,1.0,1.0,1.0,0.5,1.0,1.0,1.0,1.0,1.0
PostSpark 3,A,f7c0b2d2f,q-014,ai-stable,1,2,1,7,0.5,0.5,0.5,0.5,1.0,0.0,0.0,0.0,0.5,0.142857
PostSpark 3,A,f7c0b2d2f,q-015,feature-stable,1,3,16,1,0.0,0.0,0.0,0.0,0.0625,0.333333,0.333333,0.333333,0.333333,1.0
PostSpark 3,A,f7c0b2d2f,q-016,feature-added,1,1,-1,1,0.0,0.0,0.0,0.0,0.0,1.0,1.0,1.0,1.0,1.0
PostSpark 3,A,f7c0b2d2f,q-018,ai-added,1,1,-1,32,0.0,0.0,0.0,0.0,0.0,0.0,0.0,0.0,0.0,0.03125
PostSpark 3,A,f7c0b2d2f,q-019,feature-stable,1,1,1,1,1.0,1.0,1.0,1.0,1.0,1.0,1.0,1.0,1.0,1.0
PostSpark 3,A,f7c0b2d2f,q-026,editor-added,1,1,-1,2,0.0,0.0,0.0,0.0,0.0,0.0,1.0,1.0,1.0,0.5
PostSpark 3,A,f7c0b2d2f,q-027,editor-modified,1,1,-1,10,0.0,0.0,0.0,0.0,0.0,0.0,0.0,0.0,1.0,0.1
PostSpark 3,A,f7c0b2d2f,q-028,editor-stable,1,1,1,1,1.0,1.0,1.0,1.0,1.0,1.0,1.0,1.0,1.0,1.0
PostSpark 3,A,f7c0b2d2f,q-029,editor-modified,1,2,1,1,0.5,0.5,0.5,0.5,1.0,0.5,0.5,1.0,1.0,1.0
PostSpark 3,A,f7c0b2d2f,q-032,client-central,1,1,10,2,0.0,0.0,0.0,1.0,0.1,0.0,1.0,1.0,1.0,0.5
PostSpark 3,A,f7c0b2d2f,q-033,client-infra,1,2,1,1,0.5,0.5,0.5,1.0,1.0,0.5,0.5,1.0,1.0,1.0
PostSpark 3,A,f7c0b2d2f,q-035,config-central,1,1,88,189,0.0,0.0,0.0,0.0,0.011364,0.0,0.0,0.0,0.0,0.005291
PostSpark 3,A,f7c0b2d2f,q-036,infra-central,1,1,13,22,0.0,0.0,0.0,0.0,0.076923,0.0,0.0,0.0,0.0,0.045455
PostSpark 3,A,f7c0b2d2f,q-037,api-central,1,1,3,14,0.0,1.0,1.0,1.0,0.333333,0.0,0.0,0.0,0.0,0.071429
PostSpark 3,A,f7c0b2d2f,q-038,feature-stable,1,1,5,1,0.0,0.0,1.0,1.0,0.2,1.0,1.0,1.0,1.0,1.0
PostSpark 3,A,f7c0b2d2f,q-039,feature-stable,1,1,1,1,1.0,1.0,1.0,1.0,1.0,1.0,1.0,1.0,1.0,1.0
PostSpark 3,A,f7c0b2d2f,q-040,feature-stable,1,3,3,4,0.0,0.333333,0.666667,0.666667,0.333333,0.0,0.0,0.333333,0.666667,0.25
PostSpark 3,A,f7c0b2d2f,q-044,editor-deleted,1,2,1,1,0.5,1.0,1.0,1.0,1.0,0.5,1.0,1.0,1.0,1.0
PostSpark 3,A,f7c0b2d2f,q-045,ui-deleted,1,1,6,3,0.0,0.0,0.0,1.0,0.166667,0.0,1.0,1.0,1.0,0.333333
PostSpark 3,A,f7c0b2d2f,q-046,view-added,1,1,2,3,0.0,1.0,1.0,1.0,0.5,0.0,1.0,1.0,1.0,0.333333
PostSpark 3,A,aa2521c96,q-001,auth-modified,1,2,60,16,0.0,0.0,0.0,0.0,0.016667,0.0,0.0,0.0,0.0,0.0625
PostSpark 3,A,aa2521c96,q-002,auth-central,1,3,3,1,0.0,0.333333,0.666667,0.666667,0.333333,0.333333,0.666667,0.666667,0.666667,1.0
PostSpark 3,A,aa2521c96,q-003,billing-central,1,2,1,1,0.5,1.0,1.0,1.0,1.0,0.5,1.0,1.0,1.0,1.0
PostSpark 3,A,aa2521c96,q-004,billing-infra,1,2,1,1,0.5,1.0,1.0,1.0,1.0,0.5,1.0,1.0,1.0,1.0
PostSpark 3,A,aa2521c96,q-005,ui-peripheral,1,1,1,1,1.0,1.0,1.0,1.0,1.0,1.0,1.0,1.0,1.0,1.0
PostSpark 3,A,aa2521c96,q-006,ui-peripheral,1,1,1,1,1.0,1.0,1.0,1.0,1.0,1.0,1.0,1.0,1.0,1.0
PostSpark 3,A,aa2521c96,q-007,db-config,1,1,6,5,0.0,0.0,0.0,1.0,0.166667,0.0,0.0,1.0,1.0,0.2
PostSpark 3,A,aa2521c96,q-008,db-central,1,1,39,26,0.0,0.0,0.0,0.0,0.025641,0.0,0.0,0.0,0.0,0.038462
PostSpark 3,A,aa2521c96,q-009,db-added,1,1,-1,1,0.0,0.0,0.0,0.0,0.0,1.0,1.0,1.0,1.0,1.0
PostSpark 3,A,aa2521c96,q-010,ai-central,1,1,2,1,0.0,1.0,1.0,1.0,0.5,1.0,1.0,1.0,1.0,1.0
PostSpark 3,A,aa2521c96,q-014,ai-stable,1,2,1,7,0.5,0.5,0.5,0.5,1.0,0.0,0.0,0.0,0.5,0.142857
PostSpark 3,A,aa2521c96,q-015,feature-stable,1,3,16,1,0.0,0.0,0.0,0.0,0.0625,0.333333,0.333333,0.333333,0.333333,1.0
PostSpark 3,A,aa2521c96,q-016,feature-added,1,1,-1,2,0.0,0.0,0.0,0.0,0.0,0.0,1.0,1.0,1.0,0.5
PostSpark 3,A,aa2521c96,q-018,ai-added,1,1,-1,32,0.0,0.0,0.0,0.0,0.0,0.0,0.0,0.0,0.0,0.03125
PostSpark 3,A,aa2521c96,q-019,feature-stable,1,1,1,2,1.0,1.0,1.0,1.0,1.0,0.0,1.0,1.0,1.0,0.5
PostSpark 3,A,aa2521c96,q-026,editor-added,1,1,-1,2,0.0,0.0,0.0,0.0,0.0,0.0,1.0,1.0,1.0,0.5
PostSpark 3,A,aa2521c96,q-027,editor-modified,1,1,-1,12,0.0,0.0,0.0,0.0,0.0,0.0,0.0,0.0,0.0,0.083333
PostSpark 3,A,aa2521c96,q-028,editor-stable,1,1,1,2,1.0,1.0,1.0,1.0,1.0,0.0,1.0,1.0,1.0,0.5
PostSpark 3,A,aa2521c96,q-029,editor-modified,1,2,1,1,0.5,0.5,0.5,0.5,1.0,0.5,0.5,1.0,1.0,1.0
PostSpark 3,A,aa2521c96,q-032,client-central,1,1,10,3,0.0,0.0,0.0,1.0,0.1,0.0,1.0,1.0,1.0,0.333333
PostSpark 3,A,aa2521c96,q-033,client-infra,1,2,1,1,0.5,0.5,0.5,1.0,1.0,0.5,0.5,1.0,1.0,1.0
PostSpark 3,A,aa2521c96,q-035,config-central,1,1,88,190,0.0,0.0,0.0,0.0,0.011364,0.0,0.0,0.0,0.0,0.005263
PostSpark 3,A,aa2521c96,q-036,infra-central,1,1,13,22,0.0,0.0,0.0,0.0,0.076923,0.0,0.0,0.0,0.0,0.045455
PostSpark 3,A,aa2521c96,q-037,api-central,1,1,3,3,0.0,1.0,1.0,1.0,0.333333,0.0,1.0,1.0,1.0,0.333333
PostSpark 3,A,aa2521c96,q-038,feature-stable,1,1,5,1,0.0,0.0,1.0,1.0,0.2,1.0,1.0,1.0,1.0,1.0
PostSpark 3,A,aa2521c96,q-039,feature-stable,1,1,1,1,1.0,1.0,1.0,1.0,1.0,1.0,1.0,1.0,1.0,1.0
PostSpark 3,A,aa2521c96,q-040,feature-stable,1,3,3,7,0.0,0.333333,0.666667,0.666667,0.333333,0.0,0.0,0.0,0.666667,0.142857
PostSpark 3,A,aa2521c96,q-044,editor-deleted,1,2,1,1,0.5,1.0,1.0,1.0,1.0,0.5,1.0,1.0,1.0,1.0
PostSpark 3,A,aa2521c96,q-045,ui-deleted,1,1,6,3,0.0,0.0,0.0,1.0,0.166667,0.0,1.0,1.0,1.0,0.333333
PostSpark 3,A,aa2521c96,q-046,view-added,1,1,2,2,0.0,1.0,1.0,1.0,0.5,0.0,1.0,1.0,1.0,0.5
PostSpark 3,A,5192f8bcc,q-001,auth-modified,1,2,60,17,0.0,0.0,0.0,0.0,0.016667,0.0,0.0,0.0,0.0,0.058824
PostSpark 3,A,5192f8bcc,q-002,auth-central,1,3,3,2,0.0,0.333333,0.666667,0.666667,0.333333,0.0,0.666667,0.666667,0.666667,0.5
PostSpark 3,A,5192f8bcc,q-003,billing-central,1,2,1,1,0.5,1.0,1.0,1.0,1.0,0.5,1.0,1.0,1.0,1.0
PostSpark 3,A,5192f8bcc,q-004,billing-infra,1,2,1,1,0.5,1.0,1.0,1.0,1.0,0.5,1.0,1.0,1.0,1.0
PostSpark 3,A,5192f8bcc,q-005,ui-peripheral,1,1,1,1,1.0,1.0,1.0,1.0,1.0,1.0,1.0,1.0,1.0,1.0
PostSpark 3,A,5192f8bcc,q-006,ui-peripheral,1,1,1,1,1.0,1.0,1.0,1.0,1.0,1.0,1.0,1.0,1.0,1.0
PostSpark 3,A,5192f8bcc,q-007,db-config,1,1,6,5,0.0,0.0,0.0,1.0,0.166667,0.0,0.0,1.0,1.0,0.2
PostSpark 3,A,5192f8bcc,q-008,db-central,1,1,39,27,0.0,0.0,0.0,0.0,0.025641,0.0,0.0,0.0,0.0,0.037037
PostSpark 3,A,5192f8bcc,q-009,db-added,1,1,-1,1,0.0,0.0,0.0,0.0,0.0,1.0,1.0,1.0,1.0,1.0
PostSpark 3,A,5192f8bcc,q-010,ai-central,1,1,2,1,0.0,1.0,1.0,1.0,0.5,1.0,1.0,1.0,1.0,1.0
PostSpark 3,A,5192f8bcc,q-014,ai-stable,1,2,1,7,0.5,0.5,0.5,0.5,1.0,0.0,0.0,0.0,0.5,0.142857
PostSpark 3,A,5192f8bcc,q-015,feature-stable,1,3,16,1,0.0,0.0,0.0,0.0,0.0625,0.333333,0.333333,0.333333,0.333333,1.0
PostSpark 3,A,5192f8bcc,q-016,feature-added,1,1,-1,2,0.0,0.0,0.0,0.0,0.0,0.0,1.0,1.0,1.0,0.5
PostSpark 3,A,5192f8bcc,q-018,ai-added,1,1,-1,34,0.0,0.0,0.0,0.0,0.0,0.0,0.0,0.0,0.0,0.029412
PostSpark 3,A,5192f8bcc,q-019,feature-stable,1,1,1,2,1.0,1.0,1.0,1.0,1.0,0.0,1.0,1.0,1.0,0.5
PostSpark 3,A,5192f8bcc,q-026,editor-added,1,1,-1,2,0.0,0.0,0.0,0.0,0.0,0.0,1.0,1.0,1.0,0.5
PostSpark 3,A,5192f8bcc,q-027,editor-modified,1,1,-1,12,0.0,0.0,0.0,0.0,0.0,0.0,0.0,0.0,0.0,0.083333
PostSpark 3,A,5192f8bcc,q-028,editor-stable,1,1,1,2,1.0,1.0,1.0,1.0,1.0,0.0,1.0,1.0,1.0,0.5
PostSpark 3,A,5192f8bcc,q-029,editor-modified,1,2,1,1,0.5,0.5,0.5,0.5,1.0,0.5,0.5,1.0,1.0,1.0
PostSpark 3,A,5192f8bcc,q-032,client-central,1,1,10,39,0.0,0.0,0.0,1.0,0.1,0.0,0.0,0.0,0.0,0.025641
PostSpark 3,A,5192f8bcc,q-033,client-infra,1,2,1,1,0.5,0.5,0.5,1.0,1.0,0.5,0.5,1.0,1.0,1.0
PostSpark 3,A,5192f8bcc,q-035,config-central,1,1,88,194,0.0,0.0,0.0,0.0,0.011364,0.0,0.0,0.0,0.0,0.005155
PostSpark 3,A,5192f8bcc,q-036,infra-central,1,1,13,23,0.0,0.0,0.0,0.0,0.076923,0.0,0.0,0.0,0.0,0.043478
PostSpark 3,A,5192f8bcc,q-037,api-central,1,1,3,3,0.0,1.0,1.0,1.0,0.333333,0.0,1.0,1.0,1.0,0.333333
PostSpark 3,A,5192f8bcc,q-038,feature-stable,1,1,5,1,0.0,0.0,1.0,1.0,0.2,1.0,1.0,1.0,1.0,1.0
PostSpark 3,A,5192f8bcc,q-039,feature-stable,1,1,1,1,1.0,1.0,1.0,1.0,1.0,1.0,1.0,1.0,1.0,1.0
PostSpark 3,A,5192f8bcc,q-040,feature-stable,1,3,3,7,0.0,0.333333,0.666667,0.666667,0.333333,0.0,0.0,0.0,0.666667,0.142857
PostSpark 3,A,5192f8bcc,q-044,editor-deleted,1,2,1,1,0.5,1.0,1.0,1.0,1.0,0.5,1.0,1.0,1.0,1.0
PostSpark 3,A,5192f8bcc,q-045,ui-deleted,1,1,6,3,0.0,0.0,0.0,1.0,0.166667,0.0,1.0,1.0,1.0,0.333333
PostSpark 3,A,5192f8bcc,q-046,view-added,1,1,2,2,0.0,1.0,1.0,1.0,0.5,0.0,1.0,1.0,1.0,0.5
PostSpark 3,A,fd26cb58f,q-001,auth-modified,1,2,60,18,0.0,0.0,0.0,0.0,0.016667,0.0,0.0,0.0,0.0,0.055556
PostSpark 3,A,fd26cb58f,q-002,auth-central,1,3,3,2,0.0,0.333333,0.666667,0.666667,0.333333,0.0,0.666667,0.666667,0.666667,0.5
PostSpark 3,A,fd26cb58f,q-003,billing-central,1,2,1,1,0.5,1.0,1.0,1.0,1.0,0.5,1.0,1.0,1.0,1.0
PostSpark 3,A,fd26cb58f,q-004,billing-infra,1,2,1,1,0.5,1.0,1.0,1.0,1.0,0.5,1.0,1.0,1.0,1.0
PostSpark 3,A,fd26cb58f,q-005,ui-peripheral,1,1,1,1,1.0,1.0,1.0,1.0,1.0,1.0,1.0,1.0,1.0,1.0
PostSpark 3,A,fd26cb58f,q-006,ui-peripheral,1,1,1,1,1.0,1.0,1.0,1.0,1.0,1.0,1.0,1.0,1.0,1.0
PostSpark 3,A,fd26cb58f,q-007,db-config,1,1,6,5,0.0,0.0,0.0,1.0,0.166667,0.0,0.0,1.0,1.0,0.2
PostSpark 3,A,fd26cb58f,q-008,db-central,1,1,39,28,0.0,0.0,0.0,0.0,0.025641,0.0,0.0,0.0,0.0,0.035714
PostSpark 3,A,fd26cb58f,q-009,db-added,1,1,-1,1,0.0,0.0,0.0,0.0,0.0,1.0,1.0,1.0,1.0,1.0
PostSpark 3,A,fd26cb58f,q-010,ai-central,1,1,2,1,0.0,1.0,1.0,1.0,0.5,1.0,1.0,1.0,1.0,1.0
PostSpark 3,A,fd26cb58f,q-014,ai-stable,1,2,1,7,0.5,0.5,0.5,0.5,1.0,0.0,0.0,0.0,0.5,0.142857
PostSpark 3,A,fd26cb58f,q-015,feature-stable,1,3,16,1,0.0,0.0,0.0,0.0,0.0625,0.333333,0.333333,0.333333,0.333333,1.0
PostSpark 3,A,fd26cb58f,q-016,feature-added,1,1,-1,2,0.0,0.0,0.0,0.0,0.0,0.0,1.0,1.0,1.0,0.5
PostSpark 3,A,fd26cb58f,q-018,ai-added,1,1,-1,35,0.0,0.0,0.0,0.0,0.0,0.0,0.0,0.0,0.0,0.028571
PostSpark 3,A,fd26cb58f,q-019,feature-stable,1,1,1,2,1.0,1.0,1.0,1.0,1.0,0.0,1.0,1.0,1.0,0.5
PostSpark 3,A,fd26cb58f,q-026,editor-added,1,1,-1,2,0.0,0.0,0.0,0.0,0.0,0.0,1.0,1.0,1.0,0.5
PostSpark 3,A,fd26cb58f,q-027,editor-modified,1,1,-1,12,0.0,0.0,0.0,0.0,0.0,0.0,0.0,0.0,0.0,0.083333
PostSpark 3,A,fd26cb58f,q-028,editor-stable,1,1,1,2,1.0,1.0,1.0,1.0,1.0,0.0,1.0,1.0,1.0,0.5
PostSpark 3,A,fd26cb58f,q-029,editor-modified,1,2,1,1,0.5,0.5,0.5,0.5,1.0,0.5,0.5,1.0,1.0,1.0
PostSpark 3,A,fd26cb58f,q-032,client-central,1,1,10,39,0.0,0.0,0.0,1.0,0.1,0.0,0.0,0.0,0.0,0.025641
PostSpark 3,A,fd26cb58f,q-033,client-infra,1,2,1,1,0.5,0.5,0.5,1.0,1.0,0.5,1.0,1.0,1.0,1.0
PostSpark 3,A,fd26cb58f,q-035,config-central,1,1,88,194,0.0,0.0,0.0,0.0,0.011364,0.0,0.0,0.0,0.0,0.005155
PostSpark 3,A,fd26cb58f,q-036,infra-central,1,1,13,24,0.0,0.0,0.0,0.0,0.076923,0.0,0.0,0.0,0.0,0.041667
PostSpark 3,A,fd26cb58f,q-037,api-central,1,1,3,3,0.0,1.0,1.0,1.0,0.333333,0.0,1.0,1.0,1.0,0.333333
PostSpark 3,A,fd26cb58f,q-038,feature-stable,1,1,5,1,0.0,0.0,1.0,1.0,0.2,1.0,1.0,1.0,1.0,1.0
PostSpark 3,A,fd26cb58f,q-039,feature-stable,1,1,1,1,1.0,1.0,1.0,1.0,1.0,1.0,1.0,1.0,1.0,1.0
PostSpark 3,A,fd26cb58f,q-040,feature-stable,1,3,3,7,0.0,0.333333,0.666667,0.666667,0.333333,0.0,0.0,0.0,0.666667,0.142857
PostSpark 3,A,fd26cb58f,q-044,editor-deleted,1,2,1,1,0.5,1.0,1.0,1.0,1.0,0.5,1.0,1.0,1.0,1.0
PostSpark 3,A,fd26cb58f,q-045,ui-deleted,1,1,6,3,0.0,0.0,0.0,1.0,0.166667,0.0,1.0,1.0,1.0,0.333333
PostSpark 3,A,fd26cb58f,q-046,view-added,1,1,2,2,0.0,1.0,1.0,1.0,0.5,0.0,1.0,1.0,1.0,0.5
PostSpark 3,A,ec3dbfd29,q-001,auth-modified,1,2,60,36,0.0,0.0,0.0,0.0,0.016667,0.0,0.0,0.0,0.0,0.027778
PostSpark 3,A,ec3dbfd29,q-002,auth-central,1,3,3,3,0.0,0.333333,0.666667,0.666667,0.333333,0.0,0.333333,0.666667,0.666667,0.333333
PostSpark 3,A,ec3dbfd29,q-003,billing-central,1,2,1,1,0.5,1.0,1.0,1.0,1.0,0.5,1.0,1.0,1.0,1.0
PostSpark 3,A,ec3dbfd29,q-004,billing-infra,1,2,1,1,0.5,1.0,1.0,1.0,1.0,0.5,1.0,1.0,1.0,1.0
PostSpark 3,A,ec3dbfd29,q-005,ui-peripheral,1,1,1,1,1.0,1.0,1.0,1.0,1.0,1.0,1.0,1.0,1.0,1.0
PostSpark 3,A,ec3dbfd29,q-006,ui-peripheral,1,1,1,1,1.0,1.0,1.0,1.0,1.0,1.0,1.0,1.0,1.0,1.0
PostSpark 3,A,ec3dbfd29,q-007,db-config,1,1,6,5,0.0,0.0,0.0,1.0,0.166667,0.0,0.0,1.0,1.0,0.2
PostSpark 3,A,ec3dbfd29,q-008,db-central,1,1,39,23,0.0,0.0,0.0,0.0,0.025641,0.0,0.0,0.0,0.0,0.043478
PostSpark 3,A,ec3dbfd29,q-009,db-added,1,1,-1,1,0.0,0.0,0.0,0.0,0.0,1.0,1.0,1.0,1.0,1.0
PostSpark 3,A,ec3dbfd29,q-010,ai-central,1,1,2,1,0.0,1.0,1.0,1.0,0.5,1.0,1.0,1.0,1.0,1.0
PostSpark 3,A,ec3dbfd29,q-011,ai-added,1,1,-1,3,0.0,0.0,0.0,0.0,0.0,0.0,1.0,1.0,1.0,0.333333
PostSpark 3,A,ec3dbfd29,q-012,ai-added,1,1,-1,6,0.0,0.0,0.0,0.0,0.0,0.0,0.0,0.0,1.0,0.166667
PostSpark 3,A,ec3dbfd29,q-013,ai-added,1,1,-1,1,0.0,0.0,0.0,0.0,0.0,1.0,1.0,1.0,1.0,1.0
PostSpark 3,A,ec3dbfd29,q-014,ai-stable,1,2,1,8,0.5,0.5,0.5,0.5,1.0,0.0,0.0,0.0,0.5,0.125
PostSpark 3,A,ec3dbfd29,q-015,feature-stable,1,3,16,1,0.0,0.0,0.0,0.0,0.0625,0.333333,0.333333,0.333333,0.333333,1.0
PostSpark 3,A,ec3dbfd29,q-016,feature-added,1,1,-1,4,0.0,0.0,0.0,0.0,0.0,0.0,0.0,1.0,1.0,0.25
PostSpark 3,A,ec3dbfd29,q-017,feature-added,1,2,-1,2,0.0,0.0,0.0,0.0,0.0,0.0,0.5,0.5,0.5,0.5
PostSpark 3,A,ec3dbfd29,q-018,ai-added,1,2,-1,25,0.0,0.0,0.0,0.0,0.0,0.0,0.0,0.0,0.0,0.04
PostSpark 3,A,ec3dbfd29,q-019,feature-stable,1,1,1,2,1.0,1.0,1.0,1.0,1.0,0.0,1.0,1.0,1.0,0.5
PostSpark 3,A,ec3dbfd29,q-020,ai-added-late,1,1,-1,9,0.0,0.0,0.0,0.0,0.0,0.0,0.0,0.0,1.0,0.111111
PostSpark 3,A,ec3dbfd29,q-023,ai-added,1,1,-1,3,0.0,0.0,0.0,0.0,0.0,0.0,1.0,1.0,1.0,0.333333
PostSpark 3,A,ec3dbfd29,q-024,ai-added,1,1,-1,42,0.0,0.0,0.0,0.0,0.0,0.0,0.0,0.0,0.0,0.02381
PostSpark 3,A,ec3dbfd29,q-025,editor-modified,1,1,-1,3,0.0,0.0,0.0,0.0,0.0,0.0,1.0,1.0,1.0,0.333333
PostSpark 3,A,ec3dbfd29,q-026,editor-added,1,1,-1,3,0.0,0.0,0.0,0.0,0.0,0.0,1.0,1.0,1.0,0.333333
PostSpark 3,A,ec3dbfd29,q-027,editor-modified,1,1,-1,23,0.0,0.0,0.0,0.0,0.0,0.0,0.0,0.0,0.0,0.043478
PostSpark 3,A,ec3dbfd29,q-028,editor-stable,1,1,1,1,1.0,1.0,1.0,1.0,1.0,1.0,1.0,1.0,1.0,1.0
PostSpark 3,A,ec3dbfd29,q-029,editor-modified,1,2,1,1,0.5,0.5,0.5,0.5,1.0,0.5,0.5,1.0,1.0,1.0
PostSpark 3,A,ec3dbfd29,q-032,client-central,1,1,10,26,0.0,0.0,0.0,1.0,0.1,0.0,0.0,0.0,0.0,0.038462
PostSpark 3,A,ec3dbfd29,q-033,client-infra,1,2,1,1,0.5,0.5,0.5,1.0,1.0,0.5,1.0,1.0,1.0,1.0
PostSpark 3,A,ec3dbfd29,q-034,feature-added,1,2,-1,16,0.0,0.0,0.0,0.0,0.0,0.0,0.0,0.0,0.0,0.0625
PostSpark 3,A,ec3dbfd29,q-035,config-central,1,1,88,201,0.0,0.0,0.0,0.0,0.011364,0.0,0.0,0.0,0.0,0.004975
PostSpark 3,A,ec3dbfd29,q-036,infra-central,1,1,13,25,0.0,0.0,0.0,0.0,0.076923,0.0,0.0,0.0,0.0,0.04
PostSpark 3,A,ec3dbfd29,q-037,api-central,1,1,3,2,0.0,1.0,1.0,1.0,0.333333,0.0,1.0,1.0,1.0,0.5
PostSpark 3,A,ec3dbfd29,q-038,feature-stable,1,1,5,1,0.0,0.0,1.0,1.0,0.2,1.0,1.0,1.0,1.0,1.0
PostSpark 3,A,ec3dbfd29,q-039,feature-stable,1,1,1,1,1.0,1.0,1.0,1.0,1.0,1.0,1.0,1.0,1.0,1.0
PostSpark 3,A,ec3dbfd29,q-040,feature-stable,1,3,3,7,0.0,0.333333,0.666667,0.666667,0.333333,0.0,0.0,0.0,0.666667,0.142857
PostSpark 3,A,ec3dbfd29,q-044,editor-deleted,1,2,1,1,0.5,1.0,1.0,1.0,1.0,0.5,1.0,1.0,1.0,1.0
PostSpark 3,A,ec3dbfd29,q-045,ui-deleted,1,1,6,3,0.0,0.0,0.0,1.0,0.166667,0.0,1.0,1.0,1.0,0.333333
PostSpark 3,A,ec3dbfd29,q-046,view-added,1,1,2,1,0.0,1.0,1.0,1.0,0.5,1.0,1.0,1.0,1.0,1.0
PostSpark 3,A,374597feb,q-001,auth-modified,1,2,60,45,0.0,0.0,0.0,0.0,0.016667,0.0,0.0,0.0,0.0,0.022222
PostSpark 3,A,374597feb,q-002,auth-central,1,3,3,6,0.0,0.333333,0.666667,0.666667,0.333333,0.0,0.0,0.0,0.666667,0.166667
PostSpark 3,A,374597feb,q-003,billing-central,1,2,1,1,0.5,1.0,1.0,1.0,1.0,0.5,1.0,1.0,1.0,1.0
PostSpark 3,A,374597feb,q-004,billing-infra,1,2,1,1,0.5,1.0,1.0,1.0,1.0,0.5,1.0,1.0,1.0,1.0
PostSpark 3,A,374597feb,q-005,ui-peripheral,1,1,1,1,1.0,1.0,1.0,1.0,1.0,1.0,1.0,1.0,1.0,1.0
PostSpark 3,A,374597feb,q-006,ui-peripheral,1,1,1,1,1.0,1.0,1.0,1.0,1.0,1.0,1.0,1.0,1.0,1.0
PostSpark 3,A,374597feb,q-007,db-config,1,1,6,12,0.0,0.0,0.0,1.0,0.166667,0.0,0.0,0.0,0.0,0.083333
PostSpark 3,A,374597feb,q-008,db-central,1,1,39,28,0.0,0.0,0.0,0.0,0.025641,0.0,0.0,0.0,0.0,0.035714
PostSpark 3,A,374597feb,q-009,db-added,1,1,-1,1,0.0,0.0,0.0,0.0,0.0,1.0,1.0,1.0,1.0,1.0
PostSpark 3,A,374597feb,q-010,ai-central,1,1,2,2,0.0,1.0,1.0,1.0,0.5,0.0,1.0,1.0,1.0,0.5
PostSpark 3,A,374597feb,q-011,ai-added,1,1,-1,4,0.0,0.0,0.0,0.0,0.0,0.0,0.0,1.0,1.0,0.25
PostSpark 3,A,374597feb,q-012,ai-added,1,1,-1,6,0.0,0.0,0.0,0.0,0.0,0.0,0.0,0.0,1.0,0.166667
PostSpark 3,A,374597feb,q-013,ai-added,1,1,-1,1,0.0,0.0,0.0,0.0,0.0,1.0,1.0,1.0,1.0,1.0
PostSpark 3,A,374597feb,q-014,ai-stable,1,2,1,16,0.5,0.5,0.5,0.5,1.0,0.0,0.0,0.0,0.0,0.0625
PostSpark 3,A,374597feb,q-015,feature-stable,1,3,16,1,0.0,0.0,0.0,0.0,0.0625,0.333333,0.333333,0.333333,0.333333,1.0
PostSpark 3,A,374597feb,q-016,feature-added,1,1,-1,4,0.0,0.0,0.0,0.0,0.0,0.0,0.0,1.0,1.0,0.25
PostSpark 3,A,374597feb,q-017,feature-added,1,2,-1,1,0.0,0.0,0.0,0.0,0.0,0.5,0.5,0.5,0.5,1.0
PostSpark 3,A,374597feb,q-018,ai-added,1,2,-1,17,0.0,0.0,0.0,0.0,0.0,0.0,0.0,0.0,0.0,0.058824
PostSpark 3,A,374597feb,q-019,feature-stable,1,1,1,1,1.0,1.0,1.0,1.0,1.0,1.0,1.0,1.0,1.0,1.0
PostSpark 3,A,374597feb,q-020,ai-added-late,1,2,-1,9,0.0,0.0,0.0,0.0,0.0,0.0,0.0,0.0,0.5,0.111111
PostSpark 3,A,374597feb,q-022,ai-added-late,1,1,-1,1,0.0,0.0,0.0,0.0,0.0,1.0,1.0,1.0,1.0,1.0
PostSpark 3,A,374597feb,q-023,ai-added,1,1,-1,2,0.0,0.0,0.0,0.0,0.0,0.0,1.0,1.0,1.0,0.5
PostSpark 3,A,374597feb,q-024,ai-added,1,1,-1,52,0.0,0.0,0.0,0.0,0.0,0.0,0.0,0.0,0.0,0.019231
PostSpark 3,A,374597feb,q-025,editor-modified,1,1,-1,4,0.0,0.0,0.0,0.0,0.0,0.0,0.0,1.0,1.0,0.25
PostSpark 3,A,374597feb,q-026,editor-added,1,1,-1,1,0.0,0.0,0.0,0.0,0.0,1.0,1.0,1.0,1.0,1.0
PostSpark 3,A,374597feb,q-027,editor-modified,1,1,-1,25,0.0,0.0,0.0,0.0,0.0,0.0,0.0,0.0,0.0,0.04
PostSpark 3,A,374597feb,q-028,editor-stable,1,1,1,1,1.0,1.0,1.0,1.0,1.0,1.0,1.0,1.0,1.0,1.0
PostSpark 3,A,374597feb,q-029,editor-modified,1,1,-1,1,0.0,0.0,0.0,0.0,0.0,1.0,1.0,1.0,1.0,1.0
PostSpark 3,A,374597feb,q-032,client-central,1,1,10,19,0.0,0.0,0.0,1.0,0.1,0.0,0.0,0.0,0.0,0.052632
PostSpark 3,A,374597feb,q-033,client-infra,1,2,1,1,0.5,0.5,0.5,1.0,1.0,0.5,0.5,1.0,1.0,1.0
PostSpark 3,A,374597feb,q-034,feature-added,1,2,-1,20,0.0,0.0,0.0,0.0,0.0,0.0,0.0,0.0,0.0,0.05
PostSpark 3,A,374597feb,q-035,config-central,1,1,88,108,0.0,0.0,0.0,0.0,0.011364,0.0,0.0,0.0,0.0,0.009259
PostSpark 3,A,374597feb,q-036,infra-central,1,1,13,48,0.0,0.0,0.0,0.0,0.076923,0.0,0.0,0.0,0.0,0.020833
PostSpark 3,A,374597feb,q-037,api-central,1,1,3,5,0.0,1.0,1.0,1.0,0.333333,0.0,0.0,1.0,1.0,0.2
PostSpark 3,A,374597feb,q-038,feature-stable,1,1,5,2,0.0,0.0,1.0,1.0,0.2,0.0,1.0,1.0,1.0,0.5
PostSpark 3,A,374597feb,q-039,feature-stable,1,1,1,1,1.0,1.0,1.0,1.0,1.0,1.0,1.0,1.0,1.0,1.0
PostSpark 3,A,374597feb,q-040,feature-stable,1,3,3,7,0.0,0.333333,0.666667,0.666667,0.333333,0.0,0.0,0.0,0.333333,0.142857
PostSpark 3,A,374597feb,q-041,subsystem-added-late,1,3,-1,2,0.0,0.0,0.0,0.0,0.0,0.0,0.333333,0.666667,1.0,0.5
PostSpark 3,A,374597feb,q-042,ui-added-late,1,2,-1,1,0.0,0.0,0.0,0.0,0.0,0.5,1.0,1.0,1.0,1.0
PostSpark 3,A,374597feb,q-044,editor-deleted,1,2,1,1,0.5,1.0,1.0,1.0,1.0,0.5,1.0,1.0,1.0,1.0
PostSpark 3,A,374597feb,q-046,view-added,1,1,2,1,0.0,1.0,1.0,1.0,0.5,1.0,1.0,1.0,1.0,1.0
PostSpark 3,A,afd9e04a9,q-001,auth-modified,1,2,60,44,0.0,0.0,0.0,0.0,0.016667,0.0,0.0,0.0,0.0,0.022727
PostSpark 3,A,afd9e04a9,q-002,auth-central,1,3,3,6,0.0,0.333333,0.666667,0.666667,0.333333,0.0,0.0,0.0,0.666667,0.166667
PostSpark 3,A,afd9e04a9,q-003,billing-central,1,2,1,1,0.5,1.0,1.0,1.0,1.0,0.5,1.0,1.0,1.0,1.0
PostSpark 3,A,afd9e04a9,q-004,billing-infra,1,2,1,1,0.5,1.0,1.0,1.0,1.0,0.5,1.0,1.0,1.0,1.0
PostSpark 3,A,afd9e04a9,q-005,ui-peripheral,1,1,1,1,1.0,1.0,1.0,1.0,1.0,1.0,1.0,1.0,1.0,1.0
PostSpark 3,A,afd9e04a9,q-006,ui-peripheral,1,1,1,1,1.0,1.0,1.0,1.0,1.0,1.0,1.0,1.0,1.0,1.0
PostSpark 3,A,afd9e04a9,q-007,db-config,1,1,6,12,0.0,0.0,0.0,1.0,0.166667,0.0,0.0,0.0,0.0,0.083333
PostSpark 3,A,afd9e04a9,q-008,db-central,1,1,39,28,0.0,0.0,0.0,0.0,0.025641,0.0,0.0,0.0,0.0,0.035714
PostSpark 3,A,afd9e04a9,q-009,db-added,1,1,-1,1,0.0,0.0,0.0,0.0,0.0,1.0,1.0,1.0,1.0,1.0
PostSpark 3,A,afd9e04a9,q-010,ai-central,1,1,2,2,0.0,1.0,1.0,1.0,0.5,0.0,1.0,1.0,1.0,0.5
PostSpark 3,A,afd9e04a9,q-011,ai-added,1,1,-1,5,0.0,0.0,0.0,0.0,0.0,0.0,0.0,1.0,1.0,0.2
PostSpark 3,A,afd9e04a9,q-012,ai-added,1,1,-1,6,0.0,0.0,0.0,0.0,0.0,0.0,0.0,0.0,1.0,0.166667
PostSpark 3,A,afd9e04a9,q-013,ai-added,1,1,-1,1,0.0,0.0,0.0,0.0,0.0,1.0,1.0,1.0,1.0,1.0
PostSpark 3,A,afd9e04a9,q-014,ai-stable,1,2,1,15,0.5,0.5,0.5,0.5,1.0,0.0,0.0,0.0,0.0,0.066667
PostSpark 3,A,afd9e04a9,q-015,feature-stable,1,3,16,1,0.0,0.0,0.0,0.0,0.0625,0.333333,0.333333,0.333333,0.333333,1.0
PostSpark 3,A,afd9e04a9,q-016,feature-added,1,1,-1,5,0.0,0.0,0.0,0.0,0.0,0.0,0.0,1.0,1.0,0.2
PostSpark 3,A,afd9e04a9,q-017,feature-added,1,2,-1,1,0.0,0.0,0.0,0.0,0.0,0.5,0.5,0.5,0.5,1.0
PostSpark 3,A,afd9e04a9,q-018,ai-added,1,2,-1,17,0.0,0.0,0.0,0.0,0.0,0.0,0.0,0.0,0.0,0.058824
PostSpark 3,A,afd9e04a9,q-019,feature-stable,1,1,1,1,1.0,1.0,1.0,1.0,1.0,1.0,1.0,1.0,1.0,1.0
PostSpark 3,A,afd9e04a9,q-020,ai-added-late,1,2,-1,9,0.0,0.0,0.0,0.0,0.0,0.0,0.0,0.0,0.5,0.111111
PostSpark 3,A,afd9e04a9,q-022,ai-added-late,1,1,-1,1,0.0,0.0,0.0,0.0,0.0,1.0,1.0,1.0,1.0,1.0
PostSpark 3,A,afd9e04a9,q-023,ai-added,1,1,-1,2,0.0,0.0,0.0,0.0,0.0,0.0,1.0,1.0,1.0,0.5
PostSpark 3,A,afd9e04a9,q-024,ai-added,1,1,-1,50,0.0,0.0,0.0,0.0,0.0,0.0,0.0,0.0,0.0,0.02
PostSpark 3,A,afd9e04a9,q-025,editor-modified,1,1,-1,6,0.0,0.0,0.0,0.0,0.0,0.0,0.0,0.0,1.0,0.166667
PostSpark 3,A,afd9e04a9,q-026,editor-added,1,1,-1,3,0.0,0.0,0.0,0.0,0.0,0.0,1.0,1.0,1.0,0.333333
PostSpark 3,A,afd9e04a9,q-027,editor-modified,1,2,-1,98,0.0,0.0,0.0,0.0,0.0,0.0,0.0,0.0,0.0,0.010204
PostSpark 3,A,afd9e04a9,q-028,editor-stable,1,1,1,1,1.0,1.0,1.0,1.0,1.0,1.0,1.0,1.0,1.0,1.0
PostSpark 3,A,afd9e04a9,q-029,editor-modified,1,1,-1,1,0.0,0.0,0.0,0.0,0.0,1.0,1.0,1.0,1.0,1.0
PostSpark 3,A,afd9e04a9,q-032,client-central,1,1,10,17,0.0,0.0,0.0,1.0,0.1,0.0,0.0,0.0,0.0,0.058824
PostSpark 3,A,afd9e04a9,q-033,client-infra,1,2,1,1,0.5,0.5,0.5,1.0,1.0,0.5,0.5,1.0,1.0,1.0
PostSpark 3,A,afd9e04a9,q-034,feature-added,1,2,-1,19,0.0,0.0,0.0,0.0,0.0,0.0,0.0,0.0,0.0,0.052632
PostSpark 3,A,afd9e04a9,q-035,config-central,1,1,88,107,0.0,0.0,0.0,0.0,0.011364,0.0,0.0,0.0,0.0,0.009346
PostSpark 3,A,afd9e04a9,q-036,infra-central,1,1,13,47,0.0,0.0,0.0,0.0,0.076923,0.0,0.0,0.0,0.0,0.021277
PostSpark 3,A,afd9e04a9,q-037,api-central,1,1,3,5,0.0,1.0,1.0,1.0,0.333333,0.0,0.0,1.0,1.0,0.2
PostSpark 3,A,afd9e04a9,q-038,feature-stable,1,1,5,2,0.0,0.0,1.0,1.0,0.2,0.0,1.0,1.0,1.0,0.5
PostSpark 3,A,afd9e04a9,q-039,feature-stable,1,1,1,1,1.0,1.0,1.0,1.0,1.0,1.0,1.0,1.0,1.0,1.0
PostSpark 3,A,afd9e04a9,q-040,feature-stable,1,3,3,6,0.0,0.333333,0.666667,0.666667,0.333333,0.0,0.0,0.0,0.333333,0.166667
PostSpark 3,A,afd9e04a9,q-041,subsystem-added-late,1,3,-1,2,0.0,0.0,0.0,0.0,0.0,0.0,0.333333,0.666667,1.0,0.5
PostSpark 3,A,afd9e04a9,q-042,ui-added-late,1,2,-1,1,0.0,0.0,0.0,0.0,0.0,0.5,1.0,1.0,1.0,1.0
PostSpark 3,A,afd9e04a9,q-046,view-added,1,1,2,2,0.0,1.0,1.0,1.0,0.5,0.0,1.0,1.0,1.0,0.5
PostSpark 3,A,458bf5862,q-001,auth-modified,1,2,60,44,0.0,0.0,0.0,0.0,0.016667,0.0,0.0,0.0,0.0,0.022727
PostSpark 3,A,458bf5862,q-002,auth-central,1,3,3,6,0.0,0.333333,0.666667,0.666667,0.333333,0.0,0.0,0.0,0.666667,0.166667
PostSpark 3,A,458bf5862,q-003,billing-central,1,2,1,1,0.5,1.0,1.0,1.0,1.0,0.5,1.0,1.0,1.0,1.0
PostSpark 3,A,458bf5862,q-004,billing-infra,1,2,1,1,0.5,1.0,1.0,1.0,1.0,0.5,1.0,1.0,1.0,1.0
PostSpark 3,A,458bf5862,q-005,ui-peripheral,1,1,1,1,1.0,1.0,1.0,1.0,1.0,1.0,1.0,1.0,1.0,1.0
PostSpark 3,A,458bf5862,q-006,ui-peripheral,1,1,1,1,1.0,1.0,1.0,1.0,1.0,1.0,1.0,1.0,1.0,1.0
PostSpark 3,A,458bf5862,q-007,db-config,1,1,6,12,0.0,0.0,0.0,1.0,0.166667,0.0,0.0,0.0,0.0,0.083333
PostSpark 3,A,458bf5862,q-008,db-central,1,1,39,28,0.0,0.0,0.0,0.0,0.025641,0.0,0.0,0.0,0.0,0.035714
PostSpark 3,A,458bf5862,q-009,db-added,1,1,-1,1,0.0,0.0,0.0,0.0,0.0,1.0,1.0,1.0,1.0,1.0
PostSpark 3,A,458bf5862,q-010,ai-central,1,1,2,2,0.0,1.0,1.0,1.0,0.5,0.0,1.0,1.0,1.0,0.5
PostSpark 3,A,458bf5862,q-011,ai-added,1,1,-1,5,0.0,0.0,0.0,0.0,0.0,0.0,0.0,1.0,1.0,0.2
PostSpark 3,A,458bf5862,q-012,ai-added,1,1,-1,6,0.0,0.0,0.0,0.0,0.0,0.0,0.0,0.0,1.0,0.166667
PostSpark 3,A,458bf5862,q-013,ai-added,1,1,-1,1,0.0,0.0,0.0,0.0,0.0,1.0,1.0,1.0,1.0,1.0
PostSpark 3,A,458bf5862,q-014,ai-stable,1,2,1,15,0.5,0.5,0.5,0.5,1.0,0.0,0.0,0.0,0.0,0.066667
PostSpark 3,A,458bf5862,q-015,feature-stable,1,3,16,1,0.0,0.0,0.0,0.0,0.0625,0.333333,0.333333,0.333333,0.333333,1.0
PostSpark 3,A,458bf5862,q-016,feature-added,1,1,-1,5,0.0,0.0,0.0,0.0,0.0,0.0,0.0,1.0,1.0,0.2
PostSpark 3,A,458bf5862,q-017,feature-added,1,2,-1,1,0.0,0.0,0.0,0.0,0.0,0.5,0.5,0.5,0.5,1.0
PostSpark 3,A,458bf5862,q-018,ai-added,1,2,-1,17,0.0,0.0,0.0,0.0,0.0,0.0,0.0,0.0,0.0,0.058824
PostSpark 3,A,458bf5862,q-019,feature-stable,1,1,1,1,1.0,1.0,1.0,1.0,1.0,1.0,1.0,1.0,1.0,1.0
PostSpark 3,A,458bf5862,q-020,ai-added-late,1,2,-1,9,0.0,0.0,0.0,0.0,0.0,0.0,0.0,0.0,0.5,0.111111
PostSpark 3,A,458bf5862,q-022,ai-added-late,1,1,-1,1,0.0,0.0,0.0,0.0,0.0,1.0,1.0,1.0,1.0,1.0
PostSpark 3,A,458bf5862,q-023,ai-added,1,1,-1,2,0.0,0.0,0.0,0.0,0.0,0.0,1.0,1.0,1.0,0.5
PostSpark 3,A,458bf5862,q-024,ai-added,1,1,-1,50,0.0,0.0,0.0,0.0,0.0,0.0,0.0,0.0,0.0,0.02
PostSpark 3,A,458bf5862,q-025,editor-modified,1,2,-1,5,0.0,0.0,0.0,0.0,0.0,0.0,0.0,0.5,1.0,0.2
PostSpark 3,A,458bf5862,q-026,editor-added,1,1,-1,4,0.0,0.0,0.0,0.0,0.0,0.0,0.0,1.0,1.0,0.25
PostSpark 3,A,458bf5862,q-027,editor-modified,1,2,-1,98,0.0,0.0,0.0,0.0,0.0,0.0,0.0,0.0,0.0,0.010204
PostSpark 3,A,458bf5862,q-028,editor-stable,1,1,1,1,1.0,1.0,1.0,1.0,1.0,1.0,1.0,1.0,1.0,1.0
PostSpark 3,A,458bf5862,q-029,editor-modified,1,1,-1,1,0.0,0.0,0.0,0.0,0.0,1.0,1.0,1.0,1.0,1.0
PostSpark 3,A,458bf5862,q-030,editor-added-late,1,1,-1,1,0.0,0.0,0.0,0.0,0.0,1.0,1.0,1.0,1.0,1.0
PostSpark 3,A,458bf5862,q-031,editor-added-late,1,2,-1,34,0.0,0.0,0.0,0.0,0.0,0.0,0.0,0.0,0.0,0.029412
PostSpark 3,A,458bf5862,q-032,client-central,1,1,10,18,0.0,0.0,0.0,1.0,0.1,0.0,0.0,0.0,0.0,0.055556
PostSpark 3,A,458bf5862,q-033,client-infra,1,2,1,1,0.5,0.5,0.5,1.0,1.0,0.5,0.5,1.0,1.0,1.0
PostSpark 3,A,458bf5862,q-034,feature-added,1,2,-1,19,0.0,0.0,0.0,0.0,0.0,0.0,0.0,0.0,0.0,0.052632
PostSpark 3,A,458bf5862,q-035,config-central,1,1,88,108,0.0,0.0,0.0,0.0,0.011364,0.0,0.0,0.0,0.0,0.009259
PostSpark 3,A,458bf5862,q-036,infra-central,1,1,13,47,0.0,0.0,0.0,0.0,0.076923,0.0,0.0,0.0,0.0,0.021277
PostSpark 3,A,458bf5862,q-037,api-central,1,1,3,5,0.0,1.0,1.0,1.0,0.333333,0.0,0.0,1.0,1.0,0.2
PostSpark 3,A,458bf5862,q-038,feature-stable,1,1,5,2,0.0,0.0,1.0,1.0,0.2,0.0,1.0,1.0,1.0,0.5
PostSpark 3,A,458bf5862,q-039,feature-stable,1,1,1,1,1.0,1.0,1.0,1.0,1.0,1.0,1.0,1.0,1.0,1.0
PostSpark 3,A,458bf5862,q-040,feature-stable,1,3,3,6,0.0,0.333333,0.666667,0.666667,0.333333,0.0,0.0,0.0,0.666667,0.166667
PostSpark 3,A,458bf5862,q-041,subsystem-added-late,1,3,-1,2,0.0,0.0,0.0,0.0,0.0,0.0,0.333333,0.666667,1.0,0.5
PostSpark 3,A,458bf5862,q-042,ui-added-late,1,2,-1,1,0.0,0.0,0.0,0.0,0.0,0.5,1.0,1.0,1.0,1.0
PostSpark 3,A,458bf5862,q-046,view-added,1,1,2,2,0.0,1.0,1.0,1.0,0.5,0.0,1.0,1.0,1.0,0.5
PostSpark 3,A,fbe27e0bf,q-001,auth-modified,1,2,60,43,0.0,0.0,0.0,0.0,0.016667,0.0,0.0,0.0,0.0,0.023256
PostSpark 3,A,fbe27e0bf,q-002,auth-central,1,3,3,6,0.0,0.333333,0.666667,0.666667,0.333333,0.0,0.0,0.0,0.666667,0.166667
PostSpark 3,A,fbe27e0bf,q-003,billing-central,1,2,1,1,0.5,1.0,1.0,1.0,1.0,0.5,1.0,1.0,1.0,1.0
PostSpark 3,A,fbe27e0bf,q-004,billing-infra,1,2,1,1,0.5,1.0,1.0,1.0,1.0,0.5,1.0,1.0,1.0,1.0
PostSpark 3,A,fbe27e0bf,q-005,ui-peripheral,1,1,1,1,1.0,1.0,1.0,1.0,1.0,1.0,1.0,1.0,1.0,1.0
PostSpark 3,A,fbe27e0bf,q-006,ui-peripheral,1,1,1,1,1.0,1.0,1.0,1.0,1.0,1.0,1.0,1.0,1.0,1.0
PostSpark 3,A,fbe27e0bf,q-007,db-config,1,1,6,12,0.0,0.0,0.0,1.0,0.166667,0.0,0.0,0.0,0.0,0.083333
PostSpark 3,A,fbe27e0bf,q-008,db-central,1,1,39,28,0.0,0.0,0.0,0.0,0.025641,0.0,0.0,0.0,0.0,0.035714
PostSpark 3,A,fbe27e0bf,q-009,db-added,1,1,-1,1,0.0,0.0,0.0,0.0,0.0,1.0,1.0,1.0,1.0,1.0
PostSpark 3,A,fbe27e0bf,q-010,ai-central,1,1,2,2,0.0,1.0,1.0,1.0,0.5,0.0,1.0,1.0,1.0,0.5
PostSpark 3,A,fbe27e0bf,q-011,ai-added,1,1,-1,5,0.0,0.0,0.0,0.0,0.0,0.0,0.0,1.0,1.0,0.2
PostSpark 3,A,fbe27e0bf,q-012,ai-added,1,1,-1,6,0.0,0.0,0.0,0.0,0.0,0.0,0.0,0.0,1.0,0.166667
PostSpark 3,A,fbe27e0bf,q-013,ai-added,1,1,-1,1,0.0,0.0,0.0,0.0,0.0,1.0,1.0,1.0,1.0,1.0
PostSpark 3,A,fbe27e0bf,q-014,ai-stable,1,2,1,16,0.5,0.5,0.5,0.5,1.0,0.0,0.0,0.0,0.0,0.0625
PostSpark 3,A,fbe27e0bf,q-015,feature-stable,1,3,16,1,0.0,0.0,0.0,0.0,0.0625,0.333333,0.333333,0.333333,0.333333,1.0
PostSpark 3,A,fbe27e0bf,q-016,feature-added,1,1,-1,5,0.0,0.0,0.0,0.0,0.0,0.0,0.0,1.0,1.0,0.2
PostSpark 3,A,fbe27e0bf,q-017,feature-added,1,2,-1,1,0.0,0.0,0.0,0.0,0.0,0.5,0.5,0.5,0.5,1.0
PostSpark 3,A,fbe27e0bf,q-018,ai-added,1,2,-1,17,0.0,0.0,0.0,0.0,0.0,0.0,0.0,0.0,0.0,0.058824
PostSpark 3,A,fbe27e0bf,q-019,feature-stable,1,1,1,1,1.0,1.0,1.0,1.0,1.0,1.0,1.0,1.0,1.0,1.0
PostSpark 3,A,fbe27e0bf,q-020,ai-added-late,1,2,-1,9,0.0,0.0,0.0,0.0,0.0,0.0,0.0,0.0,0.5,0.111111
PostSpark 3,A,fbe27e0bf,q-022,ai-added-late,1,1,-1,1,0.0,0.0,0.0,0.0,0.0,1.0,1.0,1.0,1.0,1.0
PostSpark 3,A,fbe27e0bf,q-023,ai-added,1,1,-1,2,0.0,0.0,0.0,0.0,0.0,0.0,1.0,1.0,1.0,0.5
PostSpark 3,A,fbe27e0bf,q-024,ai-added,1,1,-1,50,0.0,0.0,0.0,0.0,0.0,0.0,0.0,0.0,0.0,0.02
PostSpark 3,A,fbe27e0bf,q-025,editor-modified,1,2,-1,5,0.0,0.0,0.0,0.0,0.0,0.0,0.0,0.5,1.0,0.2
PostSpark 3,A,fbe27e0bf,q-026,editor-added,1,1,-1,2,0.0,0.0,0.0,0.0,0.0,0.0,1.0,1.0,1.0,0.5
PostSpark 3,A,fbe27e0bf,q-027,editor-modified,1,2,-1,78,0.0,0.0,0.0,0.0,0.0,0.0,0.0,0.0,0.0,0.012821
PostSpark 3,A,fbe27e0bf,q-028,editor-stable,1,1,1,1,1.0,1.0,1.0,1.0,1.0,1.0,1.0,1.0,1.0,1.0
PostSpark 3,A,fbe27e0bf,q-029,editor-modified,1,1,-1,1,0.0,0.0,0.0,0.0,0.0,1.0,1.0,1.0,1.0,1.0
PostSpark 3,A,fbe27e0bf,q-030,editor-added-late,1,1,-1,1,0.0,0.0,0.0,0.0,0.0,1.0,1.0,1.0,1.0,1.0
PostSpark 3,A,fbe27e0bf,q-031,editor-added-late,1,2,-1,32,0.0,0.0,0.0,0.0,0.0,0.0,0.0,0.0,0.0,0.03125
PostSpark 3,A,fbe27e0bf,q-032,client-central,1,1,10,18,0.0,0.0,0.0,1.0,0.1,0.0,0.0,0.0,0.0,0.055556
PostSpark 3,A,fbe27e0bf,q-033,client-infra,1,2,1,1,0.5,0.5,0.5,1.0,1.0,0.5,0.5,1.0,1.0,1.0
PostSpark 3,A,fbe27e0bf,q-034,feature-added,1,2,-1,18,0.0,0.0,0.0,0.0,0.0,0.0,0.0,0.0,0.0,0.055556
PostSpark 3,A,fbe27e0bf,q-035,config-central,1,1,88,108,0.0,0.0,0.0,0.0,0.011364,0.0,0.0,0.0,0.0,0.009259
PostSpark 3,A,fbe27e0bf,q-036,infra-central,1,1,13,46,0.0,0.0,0.0,0.0,0.076923,0.0,0.0,0.0,0.0,0.021739
PostSpark 3,A,fbe27e0bf,q-037,api-central,1,1,3,5,0.0,1.0,1.0,1.0,0.333333,0.0,0.0,1.0,1.0,0.2
PostSpark 3,A,fbe27e0bf,q-038,feature-stable,1,1,5,2,0.0,0.0,1.0,1.0,0.2,0.0,1.0,1.0,1.0,0.5
PostSpark 3,A,fbe27e0bf,q-039,feature-stable,1,1,1,1,1.0,1.0,1.0,1.0,1.0,1.0,1.0,1.0,1.0,1.0
PostSpark 3,A,fbe27e0bf,q-040,feature-stable,1,3,3,6,0.0,0.333333,0.666667,0.666667,0.333333,0.0,0.0,0.0,0.666667,0.166667
PostSpark 3,A,fbe27e0bf,q-041,subsystem-added-late,1,3,-1,2,0.0,0.0,0.0,0.0,0.0,0.0,0.333333,0.666667,1.0,0.5
PostSpark 3,A,fbe27e0bf,q-042,ui-added-late,1,2,-1,1,0.0,0.0,0.0,0.0,0.0,0.5,1.0,1.0,1.0,1.0
PostSpark 3,A,fbe27e0bf,q-046,view-added,1,1,2,2,0.0,1.0,1.0,1.0,0.5,0.0,1.0,1.0,1.0,0.5
PostSpark 3,A,e54d47184,q-001,auth-modified,1,2,60,43,0.0,0.0,0.0,0.0,0.016667,0.0,0.0,0.0,0.0,0.023256
PostSpark 3,A,e54d47184,q-002,auth-central,1,3,3,6,0.0,0.333333,0.666667,0.666667,0.333333,0.0,0.0,0.0,0.666667,0.166667
PostSpark 3,A,e54d47184,q-003,billing-central,1,2,1,1,0.5,1.0,1.0,1.0,1.0,0.5,1.0,1.0,1.0,1.0
PostSpark 3,A,e54d47184,q-004,billing-infra,1,2,1,1,0.5,1.0,1.0,1.0,1.0,0.5,1.0,1.0,1.0,1.0
PostSpark 3,A,e54d47184,q-005,ui-peripheral,1,1,1,1,1.0,1.0,1.0,1.0,1.0,1.0,1.0,1.0,1.0,1.0
PostSpark 3,A,e54d47184,q-006,ui-peripheral,1,1,1,1,1.0,1.0,1.0,1.0,1.0,1.0,1.0,1.0,1.0,1.0
PostSpark 3,A,e54d47184,q-007,db-config,1,1,6,12,0.0,0.0,0.0,1.0,0.166667,0.0,0.0,0.0,0.0,0.083333
PostSpark 3,A,e54d47184,q-008,db-central,1,1,39,29,0.0,0.0,0.0,0.0,0.025641,0.0,0.0,0.0,0.0,0.034483
PostSpark 3,A,e54d47184,q-009,db-added,1,1,-1,1,0.0,0.0,0.0,0.0,0.0,1.0,1.0,1.0,1.0,1.0
PostSpark 3,A,e54d47184,q-010,ai-central,1,1,2,2,0.0,1.0,1.0,1.0,0.5,0.0,1.0,1.0,1.0,0.5
PostSpark 3,A,e54d47184,q-011,ai-added,1,1,-1,5,0.0,0.0,0.0,0.0,0.0,0.0,0.0,1.0,1.0,0.2
PostSpark 3,A,e54d47184,q-012,ai-added,1,1,-1,6,0.0,0.0,0.0,0.0,0.0,0.0,0.0,0.0,1.0,0.166667
PostSpark 3,A,e54d47184,q-013,ai-added,1,1,-1,1,0.0,0.0,0.0,0.0,0.0,1.0,1.0,1.0,1.0,1.0
PostSpark 3,A,e54d47184,q-014,ai-stable,1,2,1,16,0.5,0.5,0.5,0.5,1.0,0.0,0.0,0.0,0.0,0.0625
PostSpark 3,A,e54d47184,q-015,feature-stable,1,3,16,1,0.0,0.0,0.0,0.0,0.0625,0.333333,0.333333,0.666667,0.666667,1.0
PostSpark 3,A,e54d47184,q-016,feature-added,1,1,-1,5,0.0,0.0,0.0,0.0,0.0,0.0,0.0,1.0,1.0,0.2
PostSpark 3,A,e54d47184,q-017,feature-added,1,2,-1,1,0.0,0.0,0.0,0.0,0.0,0.5,0.5,0.5,0.5,1.0
PostSpark 3,A,e54d47184,q-018,ai-added,1,2,-1,17,0.0,0.0,0.0,0.0,0.0,0.0,0.0,0.0,0.0,0.058824
PostSpark 3,A,e54d47184,q-019,feature-stable,1,1,1,1,1.0,1.0,1.0,1.0,1.0,1.0,1.0,1.0,1.0,1.0
PostSpark 3,A,e54d47184,q-020,ai-added-late,1,2,-1,9,0.0,0.0,0.0,0.0,0.0,0.0,0.0,0.0,0.5,0.111111
PostSpark 3,A,e54d47184,q-022,ai-added-late,1,1,-1,1,0.0,0.0,0.0,0.0,0.0,1.0,1.0,1.0,1.0,1.0
PostSpark 3,A,e54d47184,q-023,ai-added,1,1,-1,2,0.0,0.0,0.0,0.0,0.0,0.0,1.0,1.0,1.0,0.5
PostSpark 3,A,e54d47184,q-024,ai-added,1,1,-1,50,0.0,0.0,0.0,0.0,0.0,0.0,0.0,0.0,0.0,0.02
PostSpark 3,A,e54d47184,q-025,editor-modified,1,2,-1,5,0.0,0.0,0.0,0.0,0.0,0.0,0.0,0.5,1.0,0.2
PostSpark 3,A,e54d47184,q-026,editor-added,1,1,-1,2,0.0,0.0,0.0,0.0,0.0,0.0,1.0,1.0,1.0,0.5
PostSpark 3,A,e54d47184,q-027,editor-modified,1,2,-1,78,0.0,0.0,0.0,0.0,0.0,0.0,0.0,0.0,0.0,0.012821
PostSpark 3,A,e54d47184,q-028,editor-stable,1,1,1,1,1.0,1.0,1.0,1.0,1.0,1.0,1.0,1.0,1.0,1.0
PostSpark 3,A,e54d47184,q-029,editor-modified,1,1,-1,1,0.0,0.0,0.0,0.0,0.0,1.0,1.0,1.0,1.0,1.0
PostSpark 3,A,e54d47184,q-030,editor-added-late,1,1,-1,1,0.0,0.0,0.0,0.0,0.0,1.0,1.0,1.0,1.0,1.0
PostSpark 3,A,e54d47184,q-031,editor-added-late,1,2,-1,32,0.0,0.0,0.0,0.0,0.0,0.0,0.0,0.0,0.0,0.03125
PostSpark 3,A,e54d47184,q-032,client-central,1,1,10,18,0.0,0.0,0.0,1.0,0.1,0.0,0.0,0.0,0.0,0.055556
PostSpark 3,A,e54d47184,q-033,client-infra,1,2,1,1,0.5,0.5,0.5,1.0,1.0,0.5,0.5,1.0,1.0,1.0
PostSpark 3,A,e54d47184,q-034,feature-added,1,2,-1,19,0.0,0.0,0.0,0.0,0.0,0.0,0.0,0.0,0.0,0.052632
PostSpark 3,A,e54d47184,q-035,config-central,1,1,88,108,0.0,0.0,0.0,0.0,0.011364,0.0,0.0,0.0,0.0,0.009259
PostSpark 3,A,e54d47184,q-036,infra-central,1,1,13,45,0.0,0.0,0.0,0.0,0.076923,0.0,0.0,0.0,0.0,0.022222
PostSpark 3,A,e54d47184,q-037,api-central,1,1,3,5,0.0,1.0,1.0,1.0,0.333333,0.0,0.0,1.0,1.0,0.2
PostSpark 3,A,e54d47184,q-038,feature-stable,1,1,5,2,0.0,0.0,1.0,1.0,0.2,0.0,1.0,1.0,1.0,0.5
PostSpark 3,A,e54d47184,q-039,feature-stable,1,1,1,1,1.0,1.0,1.0,1.0,1.0,1.0,1.0,1.0,1.0,1.0
PostSpark 3,A,e54d47184,q-040,feature-stable,1,3,3,6,0.0,0.333333,0.666667,0.666667,0.333333,0.0,0.0,0.0,0.666667,0.166667
PostSpark 3,A,e54d47184,q-041,subsystem-added-late,1,3,-1,2,0.0,0.0,0.0,0.0,0.0,0.0,0.333333,0.666667,1.0,0.5
PostSpark 3,A,e54d47184,q-042,ui-added-late,1,2,-1,1,0.0,0.0,0.0,0.0,0.0,0.5,1.0,1.0,1.0,1.0
PostSpark 3,A,e54d47184,q-046,view-added,1,1,2,2,0.0,1.0,1.0,1.0,0.5,0.0,1.0,1.0,1.0,0.5
PostSpark 3,A,5b2c84088,q-001,auth-modified,1,2,60,43,0.0,0.0,0.0,0.0,0.016667,0.0,0.0,0.0,0.0,0.023256
PostSpark 3,A,5b2c84088,q-002,auth-central,1,3,3,6,0.0,0.333333,0.666667,0.666667,0.333333,0.0,0.0,0.0,0.666667,0.166667
PostSpark 3,A,5b2c84088,q-003,billing-central,1,2,1,1,0.5,1.0,1.0,1.0,1.0,0.5,1.0,1.0,1.0,1.0
PostSpark 3,A,5b2c84088,q-004,billing-infra,1,2,1,1,0.5,1.0,1.0,1.0,1.0,0.5,1.0,1.0,1.0,1.0
PostSpark 3,A,5b2c84088,q-005,ui-peripheral,1,1,1,1,1.0,1.0,1.0,1.0,1.0,1.0,1.0,1.0,1.0,1.0
PostSpark 3,A,5b2c84088,q-006,ui-peripheral,1,1,1,1,1.0,1.0,1.0,1.0,1.0,1.0,1.0,1.0,1.0,1.0
PostSpark 3,A,5b2c84088,q-007,db-config,1,1,6,12,0.0,0.0,0.0,1.0,0.166667,0.0,0.0,0.0,0.0,0.083333
PostSpark 3,A,5b2c84088,q-008,db-central,1,1,39,29,0.0,0.0,0.0,0.0,0.025641,0.0,0.0,0.0,0.0,0.034483
PostSpark 3,A,5b2c84088,q-009,db-added,1,1,-1,1,0.0,0.0,0.0,0.0,0.0,1.0,1.0,1.0,1.0,1.0
PostSpark 3,A,5b2c84088,q-010,ai-central,1,1,2,2,0.0,1.0,1.0,1.0,0.5,0.0,1.0,1.0,1.0,0.5
PostSpark 3,A,5b2c84088,q-011,ai-added,1,1,-1,5,0.0,0.0,0.0,0.0,0.0,0.0,0.0,1.0,1.0,0.2
PostSpark 3,A,5b2c84088,q-012,ai-added,1,1,-1,6,0.0,0.0,0.0,0.0,0.0,0.0,0.0,0.0,1.0,0.166667
PostSpark 3,A,5b2c84088,q-013,ai-added,1,1,-1,1,0.0,0.0,0.0,0.0,0.0,1.0,1.0,1.0,1.0,1.0
PostSpark 3,A,5b2c84088,q-014,ai-stable,1,2,1,16,0.5,0.5,0.5,0.5,1.0,0.0,0.0,0.0,0.0,0.0625
PostSpark 3,A,5b2c84088,q-015,feature-stable,1,3,16,1,0.0,0.0,0.0,0.0,0.0625,0.333333,0.333333,0.666667,0.666667,1.0
PostSpark 3,A,5b2c84088,q-016,feature-added,1,1,-1,5,0.0,0.0,0.0,0.0,0.0,0.0,0.0,1.0,1.0,0.2
PostSpark 3,A,5b2c84088,q-017,feature-added,1,2,-1,1,0.0,0.0,0.0,0.0,0.0,0.5,0.5,0.5,0.5,1.0
PostSpark 3,A,5b2c84088,q-018,ai-added,1,2,-1,17,0.0,0.0,0.0,0.0,0.0,0.0,0.0,0.0,0.0,0.058824
PostSpark 3,A,5b2c84088,q-019,feature-stable,1,1,1,1,1.0,1.0,1.0,1.0,1.0,1.0,1.0,1.0,1.0,1.0
PostSpark 3,A,5b2c84088,q-020,ai-added-late,1,2,-1,9,0.0,0.0,0.0,0.0,0.0,0.0,0.0,0.0,0.5,0.111111
PostSpark 3,A,5b2c84088,q-022,ai-added-late,1,1,-1,1,0.0,0.0,0.0,0.0,0.0,1.0,1.0,1.0,1.0,1.0
PostSpark 3,A,5b2c84088,q-023,ai-added,1,1,-1,2,0.0,0.0,0.0,0.0,0.0,0.0,1.0,1.0,1.0,0.5
PostSpark 3,A,5b2c84088,q-024,ai-added,1,1,-1,50,0.0,0.0,0.0,0.0,0.0,0.0,0.0,0.0,0.0,0.02
PostSpark 3,A,5b2c84088,q-025,editor-modified,1,2,-1,5,0.0,0.0,0.0,0.0,0.0,0.0,0.0,0.5,1.0,0.2
PostSpark 3,A,5b2c84088,q-026,editor-added,1,1,-1,2,0.0,0.0,0.0,0.0,0.0,0.0,1.0,1.0,1.0,0.5
PostSpark 3,A,5b2c84088,q-027,editor-modified,1,2,-1,78,0.0,0.0,0.0,0.0,0.0,0.0,0.0,0.0,0.0,0.012821
PostSpark 3,A,5b2c84088,q-028,editor-stable,1,1,1,1,1.0,1.0,1.0,1.0,1.0,1.0,1.0,1.0,1.0,1.0
PostSpark 3,A,5b2c84088,q-029,editor-modified,1,1,-1,1,0.0,0.0,0.0,0.0,0.0,1.0,1.0,1.0,1.0,1.0
PostSpark 3,A,5b2c84088,q-030,editor-added-late,1,1,-1,1,0.0,0.0,0.0,0.0,0.0,1.0,1.0,1.0,1.0,1.0
PostSpark 3,A,5b2c84088,q-031,editor-added-late,1,2,-1,32,0.0,0.0,0.0,0.0,0.0,0.0,0.0,0.0,0.0,0.03125
PostSpark 3,A,5b2c84088,q-032,client-central,1,1,10,18,0.0,0.0,0.0,1.0,0.1,0.0,0.0,0.0,0.0,0.055556
PostSpark 3,A,5b2c84088,q-033,client-infra,1,2,1,1,0.5,0.5,0.5,1.0,1.0,0.5,0.5,1.0,1.0,1.0
PostSpark 3,A,5b2c84088,q-034,feature-added,1,2,-1,19,0.0,0.0,0.0,0.0,0.0,0.0,0.0,0.0,0.0,0.052632
PostSpark 3,A,5b2c84088,q-035,config-central,1,1,88,108,0.0,0.0,0.0,0.0,0.011364,0.0,0.0,0.0,0.0,0.009259
PostSpark 3,A,5b2c84088,q-036,infra-central,1,1,13,46,0.0,0.0,0.0,0.0,0.076923,0.0,0.0,0.0,0.0,0.021739
PostSpark 3,A,5b2c84088,q-037,api-central,1,1,3,5,0.0,1.0,1.0,1.0,0.333333,0.0,0.0,1.0,1.0,0.2
PostSpark 3,A,5b2c84088,q-038,feature-stable,1,1,5,2,0.0,0.0,1.0,1.0,0.2,0.0,1.0,1.0,1.0,0.5
PostSpark 3,A,5b2c84088,q-039,feature-stable,1,1,1,1,1.0,1.0,1.0,1.0,1.0,1.0,1.0,1.0,1.0,1.0
PostSpark 3,A,5b2c84088,q-040,feature-stable,1,3,3,6,0.0,0.333333,0.666667,0.666667,0.333333,0.0,0.0,0.0,0.666667,0.166667
PostSpark 3,A,5b2c84088,q-041,subsystem-added-late,1,3,-1,2,0.0,0.0,0.0,0.0,0.0,0.0,0.333333,0.666667,1.0,0.5
PostSpark 3,A,5b2c84088,q-042,ui-added-late,1,2,-1,1,0.0,0.0,0.0,0.0,0.0,0.5,1.0,1.0,1.0,1.0
PostSpark 3,A,5b2c84088,q-046,view-added,1,1,2,2,0.0,1.0,1.0,1.0,0.5,0.0,1.0,1.0,1.0,0.5
PostSpark 3,A,29a4e15d7,q-001,auth-modified,1,2,60,64,0.0,0.0,0.0,0.0,0.016667,0.0,0.0,0.0,0.0,0.015625
PostSpark 3,A,29a4e15d7,q-002,auth-central,1,3,3,6,0.0,0.333333,0.666667,0.666667,0.333333,0.0,0.0,0.0,0.666667,0.166667
PostSpark 3,A,29a4e15d7,q-003,billing-central,1,2,1,1,0.5,1.0,1.0,1.0,1.0,0.5,1.0,1.0,1.0,1.0
PostSpark 3,A,29a4e15d7,q-004,billing-infra,1,2,1,1,0.5,1.0,1.0,1.0,1.0,0.5,1.0,1.0,1.0,1.0
PostSpark 3,A,29a4e15d7,q-005,ui-peripheral,1,1,1,1,1.0,1.0,1.0,1.0,1.0,1.0,1.0,1.0,1.0,1.0
PostSpark 3,A,29a4e15d7,q-006,ui-peripheral,1,1,1,1,1.0,1.0,1.0,1.0,1.0,1.0,1.0,1.0,1.0,1.0
PostSpark 3,A,29a4e15d7,q-007,db-config,1,1,6,9,0.0,0.0,0.0,1.0,0.166667,0.0,0.0,0.0,1.0,0.111111
PostSpark 3,A,29a4e15d7,q-008,db-central,1,1,39,39,0.0,0.0,0.0,0.0,0.025641,0.0,0.0,0.0,0.0,0.025641
PostSpark 3,A,29a4e15d7,q-009,db-added,1,1,-1,1,0.0,0.0,0.0,0.0,0.0,1.0,1.0,1.0,1.0,1.0
PostSpark 3,A,29a4e15d7,q-010,ai-central,1,1,2,2,0.0,1.0,1.0,1.0,0.5,0.0,1.0,1.0,1.0,0.5
PostSpark 3,A,29a4e15d7,q-011,ai-added,1,1,-1,3,0.0,0.0,0.0,0.0,0.0,0.0,1.0,1.0,1.0,0.333333
PostSpark 3,A,29a4e15d7,q-012,ai-added,1,1,-1,6,0.0,0.0,0.0,0.0,0.0,0.0,0.0,0.0,1.0,0.166667
PostSpark 3,A,29a4e15d7,q-013,ai-added,1,1,-1,1,0.0,0.0,0.0,0.0,0.0,1.0,1.0,1.0,1.0,1.0
PostSpark 3,A,29a4e15d7,q-014,ai-stable,1,2,1,21,0.5,0.5,0.5,0.5,1.0,0.0,0.0,0.0,0.0,0.047619
PostSpark 3,A,29a4e15d7,q-015,feature-stable,1,3,16,1,0.0,0.0,0.0,0.0,0.0625,0.333333,0.333333,0.333333,0.666667,1.0
PostSpark 3,A,29a4e15d7,q-016,feature-added,1,1,-1,4,0.0,0.0,0.0,0.0,0.0,0.0,0.0,1.0,1.0,0.25
PostSpark 3,A,29a4e15d7,q-017,feature-added,1,2,-1,1,0.0,0.0,0.0,0.0,0.0,0.5,0.5,0.5,0.5,1.0
PostSpark 3,A,29a4e15d7,q-018,ai-added,1,2,-1,20,0.0,0.0,0.0,0.0,0.0,0.0,0.0,0.0,0.0,0.05
PostSpark 3,A,29a4e15d7,q-019,feature-stable,1,1,1,1,1.0,1.0,1.0,1.0,1.0,1.0,1.0,1.0,1.0,1.0
PostSpark 3,A,29a4e15d7,q-020,ai-added-late,1,2,-1,9,0.0,0.0,0.0,0.0,0.0,0.0,0.0,0.0,0.5,0.111111
PostSpark 3,A,29a4e15d7,q-021,subsystem-added-late,1,3,-1,32,0.0,0.0,0.0,0.0,0.0,0.0,0.0,0.0,0.0,0.03125
PostSpark 3,A,29a4e15d7,q-022,ai-added-late,1,2,-1,1,0.0,0.0,0.0,0.0,0.0,0.5,0.5,0.5,0.5,1.0
PostSpark 3,A,29a4e15d7,q-023,ai-added,1,1,-1,1,0.0,0.0,0.0,0.0,0.0,1.0,1.0,1.0,1.0,1.0
PostSpark 3,A,29a4e15d7,q-024,ai-added,1,1,-1,54,0.0,0.0,0.0,0.0,0.0,0.0,0.0,0.0,0.0,0.018519
PostSpark 3,A,29a4e15d7,q-025,editor-modified,1,2,-1,5,0.0,0.0,0.0,0.0,0.0,0.0,0.0,0.5,1.0,0.2
PostSpark 3,A,29a4e15d7,q-026,editor-added,1,1,-1,2,0.0,0.0,0.0,0.0,0.0,0.0,1.0,1.0,1.0,0.5
PostSpark 3,A,29a4e15d7,q-027,editor-modified,1,2,-1,82,0.0,0.0,0.0,0.0,0.0,0.0,0.0,0.0,0.0,0.012195
PostSpark 3,A,29a4e15d7,q-028,editor-stable,1,1,1,1,1.0,1.0,1.0,1.0,1.0,1.0,1.0,1.0,1.0,1.0
PostSpark 3,A,29a4e15d7,q-029,editor-modified,1,1,-1,1,0.0,0.0,0.0,0.0,0.0,1.0,1.0,1.0,1.0,1.0
PostSpark 3,A,29a4e15d7,q-030,editor-added-late,1,1,-1,1,0.0,0.0,0.0,0.0,0.0,1.0,1.0,1.0,1.0,1.0
PostSpark 3,A,29a4e15d7,q-031,editor-added-late,1,2,-1,18,0.0,0.0,0.0,0.0,0.0,0.0,0.0,0.0,0.0,0.055556
PostSpark 3,A,29a4e15d7,q-032,client-central,1,1,10,37,0.0,0.0,0.0,1.0,0.1,0.0,0.0,0.0,0.0,0.027027
PostSpark 3,A,29a4e15d7,q-033,client-infra,1,2,1,1,0.5,0.5,0.5,1.0,1.0,0.5,0.5,1.0,1.0,1.0
PostSpark 3,A,29a4e15d7,q-034,feature-added,1,2,-1,20,0.0,0.0,0.0,0.0,0.0,0.0,0.0,0.0,0.0,0.05
PostSpark 3,A,29a4e15d7,q-035,config-central,1,1,88,155,0.0,0.0,0.0,0.0,0.011364,0.0,0.0,0.0,0.0,0.006452
PostSpark 3,A,29a4e15d7,q-036,infra-central,1,1,13,75,0.0,0.0,0.0,0.0,0.076923,0.0,0.0,0.0,0.0,0.013333
PostSpark 3,A,29a4e15d7,q-037,api-central,1,1,3,4,0.0,1.0,1.0,1.0,0.333333,0.0,0.0,1.0,1.0,0.25
PostSpark 3,A,29a4e15d7,q-038,feature-stable,1,1,5,3,0.0,0.0,1.0,1.0,0.2,0.0,1.0,1.0,1.0,0.333333
PostSpark 3,A,29a4e15d7,q-039,feature-stable,1,1,1,1,1.0,1.0,1.0,1.0,1.0,1.0,1.0,1.0,1.0,1.0
PostSpark 3,A,29a4e15d7,q-040,feature-stable,1,3,3,7,0.0,0.333333,0.666667,0.666667,0.333333,0.0,0.0,0.0,0.333333,0.142857
PostSpark 3,A,29a4e15d7,q-041,subsystem-added-late,1,3,-1,2,0.0,0.0,0.0,0.0,0.0,0.0,0.333333,0.666667,1.0,0.5
PostSpark 3,A,29a4e15d7,q-042,ui-added-late,1,2,-1,1,0.0,0.0,0.0,0.0,0.0,0.5,1.0,1.0,1.0,1.0
PostSpark 3,A,29a4e15d7,q-043,subsystem-added-late,1,4,-1,2,0.0,0.0,0.0,0.0,0.0,0.0,0.25,0.5,0.5,0.5
PostSpark 3,A,29a4e15d7,q-046,view-added,1,1,2,3,0.0,1.0,1.0,1.0,0.5,0.0,1.0,1.0,1.0,0.333333
PostSpark 3,A,f4025186a,q-001,auth-modified,1,2,60,67,0.0,0.0,0.0,0.0,0.016667,0.0,0.0,0.0,0.0,0.014925
PostSpark 3,A,f4025186a,q-002,auth-central,1,3,3,6,0.0,0.333333,0.666667,0.666667,0.333333,0.0,0.0,0.0,0.666667,0.166667
PostSpark 3,A,f4025186a,q-003,billing-central,1,2,1,1,0.5,1.0,1.0,1.0,1.0,0.5,1.0,1.0,1.0,1.0
PostSpark 3,A,f4025186a,q-004,billing-infra,1,2,1,1,0.5,1.0,1.0,1.0,1.0,0.5,1.0,1.0,1.0,1.0
PostSpark 3,A,f4025186a,q-005,ui-peripheral,1,1,1,1,1.0,1.0,1.0,1.0,1.0,1.0,1.0,1.0,1.0,1.0
PostSpark 3,A,f4025186a,q-006,ui-peripheral,1,1,1,1,1.0,1.0,1.0,1.0,1.0,1.0,1.0,1.0,1.0,1.0
PostSpark 3,A,f4025186a,q-007,db-config,1,1,6,9,0.0,0.0,0.0,1.0,0.166667,0.0,0.0,0.0,1.0,0.111111
PostSpark 3,A,f4025186a,q-008,db-central,1,1,39,33,0.0,0.0,0.0,0.0,0.025641,0.0,0.0,0.0,0.0,0.030303
PostSpark 3,A,f4025186a,q-009,db-added,1,1,-1,1,0.0,0.0,0.0,0.0,0.0,1.0,1.0,1.0,1.0,1.0
PostSpark 3,A,f4025186a,q-010,ai-central,1,1,2,2,0.0,1.0,1.0,1.0,0.5,0.0,1.0,1.0,1.0,0.5
PostSpark 3,A,f4025186a,q-011,ai-added,1,1,-1,3,0.0,0.0,0.0,0.0,0.0,0.0,1.0,1.0,1.0,0.333333
PostSpark 3,A,f4025186a,q-012,ai-added,1,1,-1,6,0.0,0.0,0.0,0.0,0.0,0.0,0.0,0.0,1.0,0.166667
PostSpark 3,A,f4025186a,q-013,ai-added,1,1,-1,1,0.0,0.0,0.0,0.0,0.0,1.0,1.0,1.0,1.0,1.0
PostSpark 3,A,f4025186a,q-014,ai-stable,1,2,1,21,0.5,0.5,0.5,0.5,1.0,0.0,0.0,0.0,0.0,0.047619
PostSpark 3,A,f4025186a,q-015,feature-stable,1,3,16,1,0.0,0.0,0.0,0.0,0.0625,0.333333,0.333333,0.666667,0.666667,1.0
PostSpark 3,A,f4025186a,q-016,feature-added,1,1,-1,4,0.0,0.0,0.0,0.0,0.0,0.0,0.0,1.0,1.0,0.25
PostSpark 3,A,f4025186a,q-017,feature-added,1,2,-1,1,0.0,0.0,0.0,0.0,0.0,0.5,0.5,0.5,0.5,1.0
PostSpark 3,A,f4025186a,q-018,ai-added,1,2,-1,17,0.0,0.0,0.0,0.0,0.0,0.0,0.0,0.0,0.0,0.058824
PostSpark 3,A,f4025186a,q-019,feature-stable,1,1,1,1,1.0,1.0,1.0,1.0,1.0,1.0,1.0,1.0,1.0,1.0
PostSpark 3,A,f4025186a,q-020,ai-added-late,1,2,-1,9,0.0,0.0,0.0,0.0,0.0,0.0,0.0,0.0,0.5,0.111111
PostSpark 3,A,f4025186a,q-021,subsystem-added-late,1,3,-1,34,0.0,0.0,0.0,0.0,0.0,0.0,0.0,0.0,0.0,0.029412
PostSpark 3,A,f4025186a,q-022,ai-added-late,1,2,-1,1,0.0,0.0,0.0,0.0,0.0,0.5,0.5,0.5,0.5,1.0
PostSpark 3,A,f4025186a,q-023,ai-added,1,1,-1,2,0.0,0.0,0.0,0.0,0.0,0.0,1.0,1.0,1.0,0.5
PostSpark 3,A,f4025186a,q-024,ai-added,1,1,-1,93,0.0,0.0,0.0,0.0,0.0,0.0,0.0,0.0,0.0,0.010753
PostSpark 3,A,f4025186a,q-025,editor-modified,1,3,-1,4,0.0,0.0,0.0,0.0,0.0,0.0,0.0,0.666667,1.0,0.25
PostSpark 3,A,f4025186a,q-026,editor-added,1,1,-1,2,0.0,0.0,0.0,0.0,0.0,0.0,1.0,1.0,1.0,0.5
PostSpark 3,A,f4025186a,q-027,editor-modified,1,2,-1,38,0.0,0.0,0.0,0.0,0.0,0.0,0.0,0.0,0.0,0.026316
PostSpark 3,A,f4025186a,q-028,editor-stable,1,1,1,1,1.0,1.0,1.0,1.0,1.0,1.0,1.0,1.0,1.0,1.0
PostSpark 3,A,f4025186a,q-029,editor-modified,1,1,-1,1,0.0,0.0,0.0,0.0,0.0,1.0,1.0,1.0,1.0,1.0
PostSpark 3,A,f4025186a,q-030,editor-added-late,1,1,-1,1,0.0,0.0,0.0,0.0,0.0,1.0,1.0,1.0,1.0,1.0
PostSpark 3,A,f4025186a,q-031,editor-added-late,1,2,-1,20,0.0,0.0,0.0,0.0,0.0,0.0,0.0,0.0,0.0,0.05
PostSpark 3,A,f4025186a,q-032,client-central,1,1,10,32,0.0,0.0,0.0,1.0,0.1,0.0,0.0,0.0,0.0,0.03125
PostSpark 3,A,f4025186a,q-033,client-infra,1,2,1,1,0.5,0.5,0.5,1.0,1.0,0.5,0.5,1.0,1.0,1.0
PostSpark 3,A,f4025186a,q-034,feature-added,1,2,-1,21,0.0,0.0,0.0,0.0,0.0,0.0,0.0,0.0,0.0,0.047619
PostSpark 3,A,f4025186a,q-035,config-central,1,1,88,114,0.0,0.0,0.0,0.0,0.011364,0.0,0.0,0.0,0.0,0.008772
PostSpark 3,A,f4025186a,q-036,infra-central,1,1,13,76,0.0,0.0,0.0,0.0,0.076923,0.0,0.0,0.0,0.0,0.013158
PostSpark 3,A,f4025186a,q-037,api-central,1,1,3,4,0.0,1.0,1.0,1.0,0.333333,0.0,0.0,1.0,1.0,0.25
PostSpark 3,A,f4025186a,q-038,feature-stable,1,1,5,2,0.0,0.0,1.0,1.0,0.2,0.0,1.0,1.0,1.0,0.5
PostSpark 3,A,f4025186a,q-039,feature-stable,1,1,1,1,1.0,1.0,1.0,1.0,1.0,1.0,1.0,1.0,1.0,1.0
PostSpark 3,A,f4025186a,q-040,feature-stable,1,3,3,6,0.0,0.333333,0.666667,0.666667,0.333333,0.0,0.0,0.0,0.333333,0.166667
PostSpark 3,A,f4025186a,q-041,subsystem-added-late,1,3,-1,2,0.0,0.0,0.0,0.0,0.0,0.0,0.333333,0.666667,1.0,0.5
PostSpark 3,A,f4025186a,q-042,ui-added-late,1,2,-1,1,0.0,0.0,0.0,0.0,0.0,0.5,1.0,1.0,1.0,1.0
PostSpark 3,A,f4025186a,q-043,subsystem-added-late,1,4,-1,2,0.0,0.0,0.0,0.0,0.0,0.0,0.25,0.25,0.25,0.5
PostSpark 3,A,f4025186a,q-046,view-added,1,1,2,3,0.0,1.0,1.0,1.0,0.5,0.0,1.0,1.0,1.0,0.333333
PostSpark 3,B,55fa51a8b,q-001,auth-modified,1,2,36,44,0.0,0.0,0.0,0.0,0.027778,0.0,0.0,0.0,0.0,0.022727
PostSpark 3,B,55fa51a8b,q-002,auth-central,1,3,3,6,0.0,0.333333,0.666667,0.666667,0.333333,0.0,0.0,0.0,0.666667,0.166667
PostSpark 3,B,55fa51a8b,q-003,billing-central,1,2,1,1,0.5,1.0,1.0,1.0,1.0,0.5,1.0,1.0,1.0,1.0
PostSpark 3,B,55fa51a8b,q-004,billing-infra,1,2,1,1,0.5,1.0,1.0,1.0,1.0,0.5,1.0,1.0,1.0,1.0
PostSpark 3,B,55fa51a8b,q-005,ui-peripheral,1,1,1,1,1.0,1.0,1.0,1.0,1.0,1.0,1.0,1.0,1.0,1.0
PostSpark 3,B,55fa51a8b,q-006,ui-peripheral,1,1,1,1,1.0,1.0,1.0,1.0,1.0,1.0,1.0,1.0,1.0,1.0
PostSpark 3,B,55fa51a8b,q-007,db-config,1,1,5,12,0.0,0.0,1.0,1.0,0.2,0.0,0.0,0.0,0.0,0.083333
PostSpark 3,B,55fa51a8b,q-008,db-central,1,1,23,30,0.0,0.0,0.0,0.0,0.043478,0.0,0.0,0.0,0.0,0.033333
PostSpark 3,B,55fa51a8b,q-009,db-added,1,1,1,1,1.0,1.0,1.0,1.0,1.0,1.0,1.0,1.0,1.0,1.0
PostSpark 3,B,55fa51a8b,q-010,ai-central,1,1,1,2,1.0,1.0,1.0,1.0,1.0,0.0,1.0,1.0,1.0,0.5
PostSpark 3,B,55fa51a8b,q-011,ai-added,1,1,3,4,0.0,1.0,1.0,1.0,0.333333,0.0,0.0,1.0,1.0,0.25
PostSpark 3,B,55fa51a8b,q-012,ai-added,1,1,6,6,0.0,0.0,0.0,1.0,0.166667,0.0,0.0,0.0,1.0,0.166667
PostSpark 3,B,55fa51a8b,q-013,ai-added,1,1,1,1,1.0,1.0,1.0,1.0,1.0,1.0,1.0,1.0,1.0,1.0
PostSpark 3,B,55fa51a8b,q-014,ai-stable,1,2,8,16,0.0,0.0,0.0,0.5,0.125,0.0,0.0,0.0,0.0,0.0625
PostSpark 3,B,55fa51a8b,q-015,feature-stable,1,3,1,1,0.333333,0.333333,0.333333,0.333333,1.0,0.333333,0.333333,0.333333,0.333333,1.0
PostSpark 3,B,55fa51a8b,q-016,feature-added,1,1,4,5,0.0,0.0,1.0,1.0,0.25,0.0,0.0,1.0,1.0,0.2
PostSpark 3,B,55fa51a8b,q-017,feature-added,1,2,2,1,0.0,0.5,0.5,0.5,0.5,0.5,0.5,0.5,0.5,1.0
PostSpark 3,B,55fa51a8b,q-018,ai-added,1,2,25,16,0.0,0.0,0.0,0.0,0.04,0.0,0.0,0.0,0.0,0.0625
PostSpark 3,B,55fa51a8b,q-019,feature-stable,1,1,2,1,0.0,1.0,1.0,1.0,0.5,1.0,1.0,1.0,1.0,1.0
PostSpark 3,B,55fa51a8b,q-020,ai-added-late,1,2,9,11,0.0,0.0,0.0,0.5,0.111111,0.0,0.0,0.0,0.0,0.090909
PostSpark 3,B,55fa51a8b,q-022,ai-added-late,1,1,-1,1,0.0,0.0,0.0,0.0,0.0,1.0,1.0,1.0,1.0,1.0
PostSpark 3,B,55fa51a8b,q-023,ai-added,1,1,3,1,0.0,1.0,1.0,1.0,0.333333,1.0,1.0,1.0,1.0,1.0
PostSpark 3,B,55fa51a8b,q-024,ai-added,1,1,42,51,0.0,0.0,0.0,0.0,0.02381,0.0,0.0,0.0,0.0,0.019608
PostSpark 3,B,55fa51a8b,q-025,editor-modified,1,1,3,3,0.0,1.0,1.0,1.0,0.333333,0.0,1.0,1.0,1.0,0.333333
PostSpark 3,B,55fa51a8b,q-026,editor-added,1,1,3,1,0.0,1.0,1.0,1.0,0.333333,1.0,1.0,1.0,1.0,1.0
PostSpark 3,B,55fa51a8b,q-027,editor-modified,1,1,23,23,0.0,0.0,0.0,0.0,0.043478,0.0,0.0,0.0,0.0,0.043478
PostSpark 3,B,55fa51a8b,q-028,editor-stable,1,1,1,1,1.0,1.0,1.0,1.0,1.0,1.0,1.0,1.0,1.0,1.0
PostSpark 3,B,55fa51a8b,q-029,editor-modified,1,1,1,1,1.0,1.0,1.0,1.0,1.0,1.0,1.0,1.0,1.0,1.0
PostSpark 3,B,55fa51a8b,q-032,client-central,1,1,26,37,0.0,0.0,0.0,0.0,0.038462,0.0,0.0,0.0,0.0,0.027027
PostSpark 3,B,55fa51a8b,q-033,client-infra,1,2,1,1,0.5,1.0,1.0,1.0,1.0,0.5,0.5,1.0,1.0,1.0
PostSpark 3,B,55fa51a8b,q-034,feature-added,1,2,16,19,0.0,0.0,0.0,0.0,0.0625,0.0,0.0,0.0,0.0,0.052632
PostSpark 3,B,55fa51a8b,q-035,config-central,1,1,201,107,0.0,0.0,0.0,0.0,0.004975,0.0,0.0,0.0,0.0,0.009346
PostSpark 3,B,55fa51a8b,q-036,infra-central,1,1,25,47,0.0,0.0,0.0,0.0,0.04,0.0,0.0,0.0,0.0,0.021277
PostSpark 3,B,55fa51a8b,q-037,api-central,1,1,2,5,0.0,1.0,1.0,1.0,0.5,0.0,0.0,1.0,1.0,0.2
PostSpark 3,B,55fa51a8b,q-038,feature-stable,1,1,1,2,1.0,1.0,1.0,1.0,1.0,0.0,1.0,1.0,1.0,0.5
PostSpark 3,B,55fa51a8b,q-039,feature-stable,1,1,1,1,1.0,1.0,1.0,1.0,1.0,1.0,1.0,1.0,1.0,1.0
PostSpark 3,B,55fa51a8b,q-040,feature-stable,1,3,7,6,0.0,0.0,0.0,0.666667,0.142857,0.0,0.0,0.0,0.666667,0.166667
PostSpark 3,B,55fa51a8b,q-041,subsystem-added-late,1,3,-1,2,0.0,0.0,0.0,0.0,0.0,0.0,0.333333,0.666667,1.0,0.5
PostSpark 3,B,55fa51a8b,q-042,ui-added-late,1,2,-1,1,0.0,0.0,0.0,0.0,0.0,0.5,1.0,1.0,1.0,1.0
PostSpark 3,B,55fa51a8b,q-044,editor-deleted,1,2,1,1,0.5,1.0,1.0,1.0,1.0,0.5,1.0,1.0,1.0,1.0
PostSpark 3,B,55fa51a8b,q-046,view-added,1,1,1,1,1.0,1.0,1.0,1.0,1.0,1.0,1.0,1.0,1.0,1.0
PostSpark 3,B,374597feb,q-001,auth-modified,1,2,36,45,0.0,0.0,0.0,0.0,0.027778,0.0,0.0,0.0,0.0,0.022222
PostSpark 3,B,374597feb,q-002,auth-central,1,3,3,6,0.0,0.333333,0.666667,0.666667,0.333333,0.0,0.0,0.0,0.666667,0.166667
PostSpark 3,B,374597feb,q-003,billing-central,1,2,1,1,0.5,1.0,1.0,1.0,1.0,0.5,1.0,1.0,1.0,1.0
PostSpark 3,B,374597feb,q-004,billing-infra,1,2,1,1,0.5,1.0,1.0,1.0,1.0,0.5,1.0,1.0,1.0,1.0
PostSpark 3,B,374597feb,q-005,ui-peripheral,1,1,1,1,1.0,1.0,1.0,1.0,1.0,1.0,1.0,1.0,1.0,1.0
PostSpark 3,B,374597feb,q-006,ui-peripheral,1,1,1,1,1.0,1.0,1.0,1.0,1.0,1.0,1.0,1.0,1.0,1.0
PostSpark 3,B,374597feb,q-007,db-config,1,1,5,12,0.0,0.0,1.0,1.0,0.2,0.0,0.0,0.0,0.0,0.083333
PostSpark 3,B,374597feb,q-008,db-central,1,1,23,28,0.0,0.0,0.0,0.0,0.043478,0.0,0.0,0.0,0.0,0.035714
PostSpark 3,B,374597feb,q-009,db-added,1,1,1,1,1.0,1.0,1.0,1.0,1.0,1.0,1.0,1.0,1.0,1.0
PostSpark 3,B,374597feb,q-010,ai-central,1,1,1,2,1.0,1.0,1.0,1.0,1.0,0.0,1.0,1.0,1.0,0.5
PostSpark 3,B,374597feb,q-011,ai-added,1,1,3,4,0.0,1.0,1.0,1.0,0.333333,0.0,0.0,1.0,1.0,0.25
PostSpark 3,B,374597feb,q-012,ai-added,1,1,6,6,0.0,0.0,0.0,1.0,0.166667,0.0,0.0,0.0,1.0,0.166667
PostSpark 3,B,374597feb,q-013,ai-added,1,1,1,1,1.0,1.0,1.0,1.0,1.0,1.0,1.0,1.0,1.0,1.0
PostSpark 3,B,374597feb,q-014,ai-stable,1,2,8,16,0.0,0.0,0.0,0.5,0.125,0.0,0.0,0.0,0.0,0.0625
PostSpark 3,B,374597feb,q-015,feature-stable,1,3,1,1,0.333333,0.333333,0.333333,0.333333,1.0,0.333333,0.333333,0.333333,0.333333,1.0
PostSpark 3,B,374597feb,q-016,feature-added,1,1,4,4,0.0,0.0,1.0,1.0,0.25,0.0,0.0,1.0,1.0,0.25
PostSpark 3,B,374597feb,q-017,feature-added,1,2,2,1,0.0,0.5,0.5,0.5,0.5,0.5,0.5,0.5,0.5,1.0
PostSpark 3,B,374597feb,q-018,ai-added,1,2,25,17,0.0,0.0,0.0,0.0,0.04,0.0,0.0,0.0,0.0,0.058824
PostSpark 3,B,374597feb,q-019,feature-stable,1,1,2,1,0.0,1.0,1.0,1.0,0.5,1.0,1.0,1.0,1.0,1.0
PostSpark 3,B,374597feb,q-020,ai-added-late,1,2,9,9,0.0,0.0,0.0,0.5,0.111111,0.0,0.0,0.0,0.5,0.111111
PostSpark 3,B,374597feb,q-022,ai-added-late,1,1,-1,1,0.0,0.0,0.0,0.0,0.0,1.0,1.0,1.0,1.0,1.0
PostSpark 3,B,374597feb,q-023,ai-added,1,1,3,2,0.0,1.0,1.0,1.0,0.333333,0.0,1.0,1.0,1.0,0.5
PostSpark 3,B,374597feb,q-024,ai-added,1,1,42,52,0.0,0.0,0.0,0.0,0.02381,0.0,0.0,0.0,0.0,0.019231
PostSpark 3,B,374597feb,q-025,editor-modified,1,1,3,4,0.0,1.0,1.0,1.0,0.333333,0.0,0.0,1.0,1.0,0.25
PostSpark 3,B,374597feb,q-026,editor-added,1,1,3,1,0.0,1.0,1.0,1.0,0.333333,1.0,1.0,1.0,1.0,1.0
PostSpark 3,B,374597feb,q-027,editor-modified,1,1,23,25,0.0,0.0,0.0,0.0,0.043478,0.0,0.0,0.0,0.0,0.04
PostSpark 3,B,374597feb,q-028,editor-stable,1,1,1,1,1.0,1.0,1.0,1.0,1.0,1.0,1.0,1.0,1.0,1.0
PostSpark 3,B,374597feb,q-029,editor-modified,1,1,1,1,1.0,1.0,1.0,1.0,1.0,1.0,1.0,1.0,1.0,1.0
PostSpark 3,B,374597feb,q-032,client-central,1,1,26,19,0.0,0.0,0.0,0.0,0.038462,0.0,0.0,0.0,0.0,0.052632
PostSpark 3,B,374597feb,q-033,client-infra,1,2,1,1,0.5,1.0,1.0,1.0,1.0,0.5,0.5,1.0,1.0,1.0
PostSpark 3,B,374597feb,q-034,feature-added,1,2,16,20,0.0,0.0,0.0,0.0,0.0625,0.0,0.0,0.0,0.0,0.05
PostSpark 3,B,374597feb,q-035,config-central,1,1,201,108,0.0,0.0,0.0,0.0,0.004975,0.0,0.0,0.0,0.0,0.009259
PostSpark 3,B,374597feb,q-036,infra-central,1,1,25,48,0.0,0.0,0.0,0.0,0.04,0.0,0.0,0.0,0.0,0.020833
PostSpark 3,B,374597feb,q-037,api-central,1,1,2,5,0.0,1.0,1.0,1.0,0.5,0.0,0.0,1.0,1.0,0.2
PostSpark 3,B,374597feb,q-038,feature-stable,1,1,1,2,1.0,1.0,1.0,1.0,1.0,0.0,1.0,1.0,1.0,0.5
PostSpark 3,B,374597feb,q-039,feature-stable,1,1,1,1,1.0,1.0,1.0,1.0,1.0,1.0,1.0,1.0,1.0,1.0
PostSpark 3,B,374597feb,q-040,feature-stable,1,3,7,7,0.0,0.0,0.0,0.666667,0.142857,0.0,0.0,0.0,0.333333,0.142857
PostSpark 3,B,374597feb,q-041,subsystem-added-late,1,3,-1,2,0.0,0.0,0.0,0.0,0.0,0.0,0.333333,0.666667,1.0,0.5
PostSpark 3,B,374597feb,q-042,ui-added-late,1,2,-1,1,0.0,0.0,0.0,0.0,0.0,0.5,1.0,1.0,1.0,1.0
PostSpark 3,B,374597feb,q-044,editor-deleted,1,2,1,1,0.5,1.0,1.0,1.0,1.0,0.5,1.0,1.0,1.0,1.0
PostSpark 3,B,374597feb,q-046,view-added,1,1,1,1,1.0,1.0,1.0,1.0,1.0,1.0,1.0,1.0,1.0,1.0
PostSpark 3,B,808174633,q-001,auth-modified,1,2,36,45,0.0,0.0,0.0,0.0,0.027778,0.0,0.0,0.0,0.0,0.022222
PostSpark 3,B,808174633,q-002,auth-central,1,3,3,6,0.0,0.333333,0.666667,0.666667,0.333333,0.0,0.0,0.0,0.666667,0.166667
PostSpark 3,B,808174633,q-003,billing-central,1,2,1,1,0.5,1.0,1.0,1.0,1.0,0.5,1.0,1.0,1.0,1.0
PostSpark 3,B,808174633,q-004,billing-infra,1,2,1,1,0.5,1.0,1.0,1.0,1.0,0.5,1.0,1.0,1.0,1.0
PostSpark 3,B,808174633,q-005,ui-peripheral,1,1,1,1,1.0,1.0,1.0,1.0,1.0,1.0,1.0,1.0,1.0,1.0
PostSpark 3,B,808174633,q-006,ui-peripheral,1,1,1,1,1.0,1.0,1.0,1.0,1.0,1.0,1.0,1.0,1.0,1.0
PostSpark 3,B,808174633,q-007,db-config,1,1,5,12,0.0,0.0,1.0,1.0,0.2,0.0,0.0,0.0,0.0,0.083333
PostSpark 3,B,808174633,q-008,db-central,1,1,23,29,0.0,0.0,0.0,0.0,0.043478,0.0,0.0,0.0,0.0,0.034483
PostSpark 3,B,808174633,q-009,db-added,1,1,1,1,1.0,1.0,1.0,1.0,1.0,1.0,1.0,1.0,1.0,1.0
PostSpark 3,B,808174633,q-010,ai-central,1,1,1,2,1.0,1.0,1.0,1.0,1.0,0.0,1.0,1.0,1.0,0.5
PostSpark 3,B,808174633,q-011,ai-added,1,1,3,5,0.0,1.0,1.0,1.0,0.333333,0.0,0.0,1.0,1.0,0.2
PostSpark 3,B,808174633,q-012,ai-added,1,1,6,6,0.0,0.0,0.0,1.0,0.166667,0.0,0.0,0.0,1.0,0.166667
PostSpark 3,B,808174633,q-013,ai-added,1,1,1,1,1.0,1.0,1.0,1.0,1.0,1.0,1.0,1.0,1.0,1.0
PostSpark 3,B,808174633,q-014,ai-stable,1,2,8,15,0.0,0.0,0.0,0.5,0.125,0.0,0.0,0.0,0.0,0.066667
PostSpark 3,B,808174633,q-015,feature-stable,1,3,1,1,0.333333,0.333333,0.333333,0.333333,1.0,0.333333,0.333333,0.333333,0.333333,1.0
PostSpark 3,B,808174633,q-016,feature-added,1,1,4,5,0.0,0.0,1.0,1.0,0.25,0.0,0.0,1.0,1.0,0.2
PostSpark 3,B,808174633,q-017,feature-added,1,2,2,1,0.0,0.5,0.5,0.5,0.5,0.5,0.5,0.5,0.5,1.0
PostSpark 3,B,808174633,q-018,ai-added,1,2,25,18,0.0,0.0,0.0,0.0,0.04,0.0,0.0,0.0,0.0,0.055556
PostSpark 3,B,808174633,q-019,feature-stable,1,1,2,1,0.0,1.0,1.0,1.0,0.5,1.0,1.0,1.0,1.0,1.0
PostSpark 3,B,808174633,q-020,ai-added-late,1,2,9,9,0.0,0.0,0.0,0.5,0.111111,0.0,0.0,0.0,0.5,0.111111
PostSpark 3,B,808174633,q-022,ai-added-late,1,1,-1,1,0.0,0.0,0.0,0.0,0.0,1.0,1.0,1.0,1.0,1.0
PostSpark 3,B,808174633,q-023,ai-added,1,1,3,2,0.0,1.0,1.0,1.0,0.333333,0.0,1.0,1.0,1.0,0.5
PostSpark 3,B,808174633,q-024,ai-added,1,1,42,51,0.0,0.0,0.0,0.0,0.02381,0.0,0.0,0.0,0.0,0.019608
PostSpark 3,B,808174633,q-025,editor-modified,1,1,3,6,0.0,1.0,1.0,1.0,0.333333,0.0,0.0,0.0,1.0,0.166667
PostSpark 3,B,808174633,q-026,editor-added,1,1,3,3,0.0,1.0,1.0,1.0,0.333333,0.0,1.0,1.0,1.0,0.333333
PostSpark 3,B,808174633,q-027,editor-modified,1,2,23,98,0.0,0.0,0.0,0.0,0.043478,0.0,0.0,0.0,0.0,0.010204
PostSpark 3,B,808174633,q-028,editor-stable,1,1,1,1,1.0,1.0,1.0,1.0,1.0,1.0,1.0,1.0,1.0,1.0
PostSpark 3,B,808174633,q-029,editor-modified,1,1,1,1,1.0,1.0,1.0,1.0,1.0,1.0,1.0,1.0,1.0,1.0
PostSpark 3,B,808174633,q-032,client-central,1,1,26,17,0.0,0.0,0.0,0.0,0.038462,0.0,0.0,0.0,0.0,0.058824
PostSpark 3,B,808174633,q-033,client-infra,1,2,1,1,0.5,1.0,1.0,1.0,1.0,0.5,0.5,1.0,1.0,1.0
PostSpark 3,B,808174633,q-034,feature-added,1,2,16,20,0.0,0.0,0.0,0.0,0.0625,0.0,0.0,0.0,0.0,0.05
PostSpark 3,B,808174633,q-035,config-central,1,1,201,107,0.0,0.0,0.0,0.0,0.004975,0.0,0.0,0.0,0.0,0.009346
PostSpark 3,B,808174633,q-036,infra-central,1,1,25,47,0.0,0.0,0.0,0.0,0.04,0.0,0.0,0.0,0.0,0.021277
PostSpark 3,B,808174633,q-037,api-central,1,1,2,5,0.0,1.0,1.0,1.0,0.5,0.0,0.0,1.0,1.0,0.2
PostSpark 3,B,808174633,q-038,feature-stable,1,1,1,2,1.0,1.0,1.0,1.0,1.0,0.0,1.0,1.0,1.0,0.5
PostSpark 3,B,808174633,q-039,feature-stable,1,1,1,1,1.0,1.0,1.0,1.0,1.0,1.0,1.0,1.0,1.0,1.0
PostSpark 3,B,808174633,q-040,feature-stable,1,3,7,6,0.0,0.0,0.0,0.666667,0.142857,0.0,0.0,0.0,0.333333,0.166667
PostSpark 3,B,808174633,q-041,subsystem-added-late,1,3,-1,2,0.0,0.0,0.0,0.0,0.0,0.0,0.333333,0.666667,1.0,0.5
PostSpark 3,B,808174633,q-042,ui-added-late,1,2,-1,1,0.0,0.0,0.0,0.0,0.0,0.5,1.0,1.0,1.0,1.0
PostSpark 3,B,808174633,q-046,view-added,1,1,1,2,1.0,1.0,1.0,1.0,1.0,0.0,1.0,1.0,1.0,0.5
PostSpark 3,B,afd9e04a9,q-001,auth-modified,1,2,36,44,0.0,0.0,0.0,0.0,0.027778,0.0,0.0,0.0,0.0,0.022727
PostSpark 3,B,afd9e04a9,q-002,auth-central,1,3,3,6,0.0,0.333333,0.666667,0.666667,0.333333,0.0,0.0,0.0,0.666667,0.166667
PostSpark 3,B,afd9e04a9,q-003,billing-central,1,2,1,1,0.5,1.0,1.0,1.0,1.0,0.5,1.0,1.0,1.0,1.0
PostSpark 3,B,afd9e04a9,q-004,billing-infra,1,2,1,1,0.5,1.0,1.0,1.0,1.0,0.5,1.0,1.0,1.0,1.0
PostSpark 3,B,afd9e04a9,q-005,ui-peripheral,1,1,1,1,1.0,1.0,1.0,1.0,1.0,1.0,1.0,1.0,1.0,1.0
PostSpark 3,B,afd9e04a9,q-006,ui-peripheral,1,1,1,1,1.0,1.0,1.0,1.0,1.0,1.0,1.0,1.0,1.0,1.0
PostSpark 3,B,afd9e04a9,q-007,db-config,1,1,5,12,0.0,0.0,1.0,1.0,0.2,0.0,0.0,0.0,0.0,0.083333
PostSpark 3,B,afd9e04a9,q-008,db-central,1,1,23,28,0.0,0.0,0.0,0.0,0.043478,0.0,0.0,0.0,0.0,0.035714
PostSpark 3,B,afd9e04a9,q-009,db-added,1,1,1,1,1.0,1.0,1.0,1.0,1.0,1.0,1.0,1.0,1.0,1.0
PostSpark 3,B,afd9e04a9,q-010,ai-central,1,1,1,2,1.0,1.0,1.0,1.0,1.0,0.0,1.0,1.0,1.0,0.5
PostSpark 3,B,afd9e04a9,q-011,ai-added,1,1,3,5,0.0,1.0,1.0,1.0,0.333333,0.0,0.0,1.0,1.0,0.2
PostSpark 3,B,afd9e04a9,q-012,ai-added,1,1,6,6,0.0,0.0,0.0,1.0,0.166667,0.0,0.0,0.0,1.0,0.166667
PostSpark 3,B,afd9e04a9,q-013,ai-added,1,1,1,1,1.0,1.0,1.0,1.0,1.0,1.0,1.0,1.0,1.0,1.0
PostSpark 3,B,afd9e04a9,q-014,ai-stable,1,2,8,15,0.0,0.0,0.0,0.5,0.125,0.0,0.0,0.0,0.0,0.066667
PostSpark 3,B,afd9e04a9,q-015,feature-stable,1,3,1,1,0.333333,0.333333,0.333333,0.333333,1.0,0.333333,0.333333,0.333333,0.333333,1.0
PostSpark 3,B,afd9e04a9,q-016,feature-added,1,1,4,5,0.0,0.0,1.0,1.0,0.25,0.0,0.0,1.0,1.0,0.2
PostSpark 3,B,afd9e04a9,q-017,feature-added,1,2,2,1,0.0,0.5,0.5,0.5,0.5,0.5,0.5,0.5,0.5,1.0
PostSpark 3,B,afd9e04a9,q-018,ai-added,1,2,25,17,0.0,0.0,0.0,0.0,0.04,0.0,0.0,0.0,0.0,0.058824
PostSpark 3,B,afd9e04a9,q-019,feature-stable,1,1,2,1,0.0,1.0,1.0,1.0,0.5,1.0,1.0,1.0,1.0,1.0
PostSpark 3,B,afd9e04a9,q-020,ai-added-late,1,2,9,9,0.0,0.0,0.0,0.5,0.111111,0.0,0.0,0.0,0.5,0.111111
PostSpark 3,B,afd9e04a9,q-022,ai-added-late,1,1,-1,1,0.0,0.0,0.0,0.0,0.0,1.0,1.0,1.0,1.0,1.0
PostSpark 3,B,afd9e04a9,q-023,ai-added,1,1,3,2,0.0,1.0,1.0,1.0,0.333333,0.0,1.0,1.0,1.0,0.5
PostSpark 3,B,afd9e04a9,q-024,ai-added,1,1,42,50,0.0,0.0,0.0,0.0,0.02381,0.0,0.0,0.0,0.0,0.02
PostSpark 3,B,afd9e04a9,q-025,editor-modified,1,1,3,6,0.0,1.0,1.0,1.0,0.333333,0.0,0.0,0.0,1.0,0.166667
PostSpark 3,B,afd9e04a9,q-026,editor-added,1,1,3,3,0.0,1.0,1.0,1.0,0.333333,0.0,1.0,1.0,1.0,0.333333
PostSpark 3,B,afd9e04a9,q-027,editor-modified,1,2,23,98,0.0,0.0,0.0,0.0,0.043478,0.0,0.0,0.0,0.0,0.010204
PostSpark 3,B,afd9e04a9,q-028,editor-stable,1,1,1,1,1.0,1.0,1.0,1.0,1.0,1.0,1.0,1.0,1.0,1.0
PostSpark 3,B,afd9e04a9,q-029,editor-modified,1,1,1,1,1.0,1.0,1.0,1.0,1.0,1.0,1.0,1.0,1.0,1.0
PostSpark 3,B,afd9e04a9,q-032,client-central,1,1,26,17,0.0,0.0,0.0,0.0,0.038462,0.0,0.0,0.0,0.0,0.058824
PostSpark 3,B,afd9e04a9,q-033,client-infra,1,2,1,1,0.5,1.0,1.0,1.0,1.0,0.5,0.5,1.0,1.0,1.0
PostSpark 3,B,afd9e04a9,q-034,feature-added,1,2,16,19,0.0,0.0,0.0,0.0,0.0625,0.0,0.0,0.0,0.0,0.052632
PostSpark 3,B,afd9e04a9,q-035,config-central,1,1,201,107,0.0,0.0,0.0,0.0,0.004975,0.0,0.0,0.0,0.0,0.009346
PostSpark 3,B,afd9e04a9,q-036,infra-central,1,1,25,47,0.0,0.0,0.0,0.0,0.04,0.0,0.0,0.0,0.0,0.021277
PostSpark 3,B,afd9e04a9,q-037,api-central,1,1,2,5,0.0,1.0,1.0,1.0,0.5,0.0,0.0,1.0,1.0,0.2
PostSpark 3,B,afd9e04a9,q-038,feature-stable,1,1,1,2,1.0,1.0,1.0,1.0,1.0,0.0,1.0,1.0,1.0,0.5
PostSpark 3,B,afd9e04a9,q-039,feature-stable,1,1,1,1,1.0,1.0,1.0,1.0,1.0,1.0,1.0,1.0,1.0,1.0
PostSpark 3,B,afd9e04a9,q-040,feature-stable,1,3,7,6,0.0,0.0,0.0,0.666667,0.142857,0.0,0.0,0.0,0.333333,0.166667
PostSpark 3,B,afd9e04a9,q-041,subsystem-added-late,1,3,-1,2,0.0,0.0,0.0,0.0,0.0,0.0,0.333333,0.666667,1.0,0.5
PostSpark 3,B,afd9e04a9,q-042,ui-added-late,1,2,-1,1,0.0,0.0,0.0,0.0,0.0,0.5,1.0,1.0,1.0,1.0
PostSpark 3,B,afd9e04a9,q-046,view-added,1,1,1,2,1.0,1.0,1.0,1.0,1.0,0.0,1.0,1.0,1.0,0.5
PostSpark 3,B,0c8534b51,q-001,auth-modified,1,2,36,44,0.0,0.0,0.0,0.0,0.027778,0.0,0.0,0.0,0.0,0.022727
PostSpark 3,B,0c8534b51,q-002,auth-central,1,3,3,6,0.0,0.333333,0.666667,0.666667,0.333333,0.0,0.0,0.0,0.666667,0.166667
PostSpark 3,B,0c8534b51,q-003,billing-central,1,2,1,1,0.5,1.0,1.0,1.0,1.0,0.5,1.0,1.0,1.0,1.0
PostSpark 3,B,0c8534b51,q-004,billing-infra,1,2,1,1,0.5,1.0,1.0,1.0,1.0,0.5,1.0,1.0,1.0,1.0
PostSpark 3,B,0c8534b51,q-005,ui-peripheral,1,1,1,1,1.0,1.0,1.0,1.0,1.0,1.0,1.0,1.0,1.0,1.0
PostSpark 3,B,0c8534b51,q-006,ui-peripheral,1,1,1,1,1.0,1.0,1.0,1.0,1.0,1.0,1.0,1.0,1.0,1.0
PostSpark 3,B,0c8534b51,q-007,db-config,1,1,5,12,0.0,0.0,1.0,1.0,0.2,0.0,0.0,0.0,0.0,0.083333
PostSpark 3,B,0c8534b51,q-008,db-central,1,1,23,28,0.0,0.0,0.0,0.0,0.043478,0.0,0.0,0.0,0.0,0.035714
PostSpark 3,B,0c8534b51,q-009,db-added,1,1,1,1,1.0,1.0,1.0,1.0,1.0,1.0,1.0,1.0,1.0,1.0
PostSpark 3,B,0c8534b51,q-010,ai-central,1,1,1,2,1.0,1.0,1.0,1.0,1.0,0.0,1.0,1.0,1.0,0.5
PostSpark 3,B,0c8534b51,q-011,ai-added,1,1,3,5,0.0,1.0,1.0,1.0,0.333333,0.0,0.0,1.0,1.0,0.2
PostSpark 3,B,0c8534b51,q-012,ai-added,1,1,6,6,0.0,0.0,0.0,1.0,0.166667,0.0,0.0,0.0,1.0,0.166667
PostSpark 3,B,0c8534b51,q-013,ai-added,1,1,1,1,1.0,1.0,1.0,1.0,1.0,1.0,1.0,1.0,1.0,1.0
PostSpark 3,B,0c8534b51,q-014,ai-stable,1,2,8,15,0.0,0.0,0.0,0.5,0.125,0.0,0.0,0.0,0.0,0.066667
PostSpark 3,B,0c8534b51,q-015,feature-stable,1,3,1,1,0.333333,0.333333,0.333333,0.333333,1.0,0.333333,0.333333,0.333333,0.333333,1.0
PostSpark 3,B,0c8534b51,q-016,feature-added,1,1,4,5,0.0,0.0,1.0,1.0,0.25,0.0,0.0,1.0,1.0,0.2
PostSpark 3,B,0c8534b51,q-017,feature-added,1,2,2,1,0.0,0.5,0.5,0.5,0.5,0.5,0.5,0.5,0.5,1.0
PostSpark 3,B,0c8534b51,q-018,ai-added,1,2,25,17,0.0,0.0,0.0,0.0,0.04,0.0,0.0,0.0,0.0,0.058824
PostSpark 3,B,0c8534b51,q-019,feature-stable,1,1,2,1,0.0,1.0,1.0,1.0,0.5,1.0,1.0,1.0,1.0,1.0
PostSpark 3,B,0c8534b51,q-020,ai-added-late,1,2,9,9,0.0,0.0,0.0,0.5,0.111111,0.0,0.0,0.0,0.5,0.111111
PostSpark 3,B,0c8534b51,q-022,ai-added-late,1,1,-1,1,0.0,0.0,0.0,0.0,0.0,1.0,1.0,1.0,1.0,1.0
PostSpark 3,B,0c8534b51,q-023,ai-added,1,1,3,2,0.0,1.0,1.0,1.0,0.333333,0.0,1.0,1.0,1.0,0.5
PostSpark 3,B,0c8534b51,q-024,ai-added,1,1,42,50,0.0,0.0,0.0,0.0,0.02381,0.0,0.0,0.0,0.0,0.02
PostSpark 3,B,0c8534b51,q-025,editor-modified,1,2,3,5,0.0,0.5,0.5,0.5,0.333333,0.0,0.0,0.5,1.0,0.2
PostSpark 3,B,0c8534b51,q-026,editor-added,1,1,3,4,0.0,1.0,1.0,1.0,0.333333,0.0,0.0,1.0,1.0,0.25
PostSpark 3,B,0c8534b51,q-027,editor-modified,1,2,23,98,0.0,0.0,0.0,0.0,0.043478,0.0,0.0,0.0,0.0,0.010204
PostSpark 3,B,0c8534b51,q-028,editor-stable,1,1,1,1,1.0,1.0,1.0,1.0,1.0,1.0,1.0,1.0,1.0,1.0
PostSpark 3,B,0c8534b51,q-029,editor-modified,1,1,1,1,1.0,1.0,1.0,1.0,1.0,1.0,1.0,1.0,1.0,1.0
PostSpark 3,B,0c8534b51,q-030,editor-added-late,1,1,-1,1,0.0,0.0,0.0,0.0,0.0,1.0,1.0,1.0,1.0,1.0
PostSpark 3,B,0c8534b51,q-032,client-central,1,1,26,18,0.0,0.0,0.0,0.0,0.038462,0.0,0.0,0.0,0.0,0.055556
PostSpark 3,B,0c8534b51,q-033,client-infra,1,2,1,1,0.5,1.0,1.0,1.0,1.0,0.5,0.5,1.0,1.0,1.0
PostSpark 3,B,0c8534b51,q-034,feature-added,1,2,16,19,0.0,0.0,0.0,0.0,0.0625,0.0,0.0,0.0,0.0,0.052632
PostSpark 3,B,0c8534b51,q-035,config-central,1,1,201,107,0.0,0.0,0.0,0.0,0.004975,0.0,0.0,0.0,0.0,0.009346
PostSpark 3,B,0c8534b51,q-036,infra-central,1,1,25,47,0.0,0.0,0.0,0.0,0.04,0.0,0.0,0.0,0.0,0.021277
PostSpark 3,B,0c8534b51,q-037,api-central,1,1,2,5,0.0,1.0,1.0,1.0,0.5,0.0,0.0,1.0,1.0,0.2
PostSpark 3,B,0c8534b51,q-038,feature-stable,1,1,1,2,1.0,1.0,1.0,1.0,1.0,0.0,1.0,1.0,1.0,0.5
PostSpark 3,B,0c8534b51,q-039,feature-stable,1,1,1,1,1.0,1.0,1.0,1.0,1.0,1.0,1.0,1.0,1.0,1.0
PostSpark 3,B,0c8534b51,q-040,feature-stable,1,3,7,6,0.0,0.0,0.0,0.666667,0.142857,0.0,0.0,0.0,0.666667,0.166667
PostSpark 3,B,0c8534b51,q-041,subsystem-added-late,1,3,-1,2,0.0,0.0,0.0,0.0,0.0,0.0,0.333333,0.666667,1.0,0.5
PostSpark 3,B,0c8534b51,q-042,ui-added-late,1,2,-1,1,0.0,0.0,0.0,0.0,0.0,0.5,1.0,1.0,1.0,1.0
PostSpark 3,B,0c8534b51,q-046,view-added,1,1,1,2,1.0,1.0,1.0,1.0,1.0,0.0,1.0,1.0,1.0,0.5
PostSpark 3,B,458bf5862,q-001,auth-modified,1,2,36,44,0.0,0.0,0.0,0.0,0.027778,0.0,0.0,0.0,0.0,0.022727
PostSpark 3,B,458bf5862,q-002,auth-central,1,3,3,6,0.0,0.333333,0.666667,0.666667,0.333333,0.0,0.0,0.0,0.666667,0.166667
PostSpark 3,B,458bf5862,q-003,billing-central,1,2,1,1,0.5,1.0,1.0,1.0,1.0,0.5,1.0,1.0,1.0,1.0
PostSpark 3,B,458bf5862,q-004,billing-infra,1,2,1,1,0.5,1.0,1.0,1.0,1.0,0.5,1.0,1.0,1.0,1.0
PostSpark 3,B,458bf5862,q-005,ui-peripheral,1,1,1,1,1.0,1.0,1.0,1.0,1.0,1.0,1.0,1.0,1.0,1.0
PostSpark 3,B,458bf5862,q-006,ui-peripheral,1,1,1,1,1.0,1.0,1.0,1.0,1.0,1.0,1.0,1.0,1.0,1.0
PostSpark 3,B,458bf5862,q-007,db-config,1,1,5,12,0.0,0.0,1.0,1.0,0.2,0.0,0.0,0.0,0.0,0.083333
PostSpark 3,B,458bf5862,q-008,db-central,1,1,23,28,0.0,0.0,0.0,0.0,0.043478,0.0,0.0,0.0,0.0,0.035714
PostSpark 3,B,458bf5862,q-009,db-added,1,1,1,1,1.0,1.0,1.0,1.0,1.0,1.0,1.0,1.0,1.0,1.0
PostSpark 3,B,458bf5862,q-010,ai-central,1,1,1,2,1.0,1.0,1.0,1.0,1.0,0.0,1.0,1.0,1.0,0.5
PostSpark 3,B,458bf5862,q-011,ai-added,1,1,3,5,0.0,1.0,1.0,1.0,0.333333,0.0,0.0,1.0,1.0,0.2
PostSpark 3,B,458bf5862,q-012,ai-added,1,1,6,6,0.0,0.0,0.0,1.0,0.166667,0.0,0.0,0.0,1.0,0.166667
PostSpark 3,B,458bf5862,q-013,ai-added,1,1,1,1,1.0,1.0,1.0,1.0,1.0,1.0,1.0,1.0,1.0,1.0
PostSpark 3,B,458bf5862,q-014,ai-stable,1,2,8,15,0.0,0.0,0.0,0.5,0.125,0.0,0.0,0.0,0.0,0.066667
PostSpark 3,B,458bf5862,q-015,feature-stable,1,3,1,1,0.333333,0.333333,0.333333,0.333333,1.0,0.333333,0.333333,0.333333,0.333333,1.0
PostSpark 3,B,458bf5862,q-016,feature-added,1,1,4,5,0.0,0.0,1.0,1.0,0.25,0.0,0.0,1.0,1.0,0.2
PostSpark 3,B,458bf5862,q-017,feature-added,1,2,2,1,0.0,0.5,0.5,0.5,0.5,0.5,0.5,0.5,0.5,1.0
PostSpark 3,B,458bf5862,q-018,ai-added,1,2,25,17,0.0,0.0,0.0,0.0,0.04,0.0,0.0,0.0,0.0,0.058824
PostSpark 3,B,458bf5862,q-019,feature-stable,1,1,2,1,0.0,1.0,1.0,1.0,0.5,1.0,1.0,1.0,1.0,1.0
PostSpark 3,B,458bf5862,q-020,ai-added-late,1,2,9,9,0.0,0.0,0.0,0.5,0.111111,0.0,0.0,0.0,0.5,0.111111
PostSpark 3,B,458bf5862,q-022,ai-added-late,1,1,-1,1,0.0,0.0,0.0,0.0,0.0,1.0,1.0,1.0,1.0,1.0
PostSpark 3,B,458bf5862,q-023,ai-added,1,1,3,2,0.0,1.0,1.0,1.0,0.333333,0.0,1.0,1.0,1.0,0.5
PostSpark 3,B,458bf5862,q-024,ai-added,1,1,42,50,0.0,0.0,0.0,0.0,0.02381,0.0,0.0,0.0,0.0,0.02
PostSpark 3,B,458bf5862,q-025,editor-modified,1,2,3,5,0.0,0.5,0.5,0.5,0.333333,0.0,0.0,0.5,1.0,0.2
PostSpark 3,B,458bf5862,q-026,editor-added,1,1,3,4,0.0,1.0,1.0,1.0,0.333333,0.0,0.0,1.0,1.0,0.25
PostSpark 3,B,458bf5862,q-027,editor-modified,1,2,23,98,0.0,0.0,0.0,0.0,0.043478,0.0,0.0,0.0,0.0,0.010204
PostSpark 3,B,458bf5862,q-028,editor-stable,1,1,1,1,1.0,1.0,1.0,1.0,1.0,1.0,1.0,1.0,1.0,1.0
PostSpark 3,B,458bf5862,q-029,editor-modified,1,1,1,1,1.0,1.0,1.0,1.0,1.0,1.0,1.0,1.0,1.0,1.0
PostSpark 3,B,458bf5862,q-030,editor-added-late,1,1,-1,1,0.0,0.0,0.0,0.0,0.0,1.0,1.0,1.0,1.0,1.0
PostSpark 3,B,458bf5862,q-031,editor-added-late,1,2,-1,34,0.0,0.0,0.0,0.0,0.0,0.0,0.0,0.0,0.0,0.029412
PostSpark 3,B,458bf5862,q-032,client-central,1,1,26,18,0.0,0.0,0.0,0.0,0.038462,0.0,0.0,0.0,0.0,0.055556
PostSpark 3,B,458bf5862,q-033,client-infra,1,2,1,1,0.5,1.0,1.0,1.0,1.0,0.5,0.5,1.0,1.0,1.0
PostSpark 3,B,458bf5862,q-034,feature-added,1,2,16,19,0.0,0.0,0.0,0.0,0.0625,0.0,0.0,0.0,0.0,0.052632
PostSpark 3,B,458bf5862,q-035,config-central,1,1,201,108,0.0,0.0,0.0,0.0,0.004975,0.0,0.0,0.0,0.0,0.009259
PostSpark 3,B,458bf5862,q-036,infra-central,1,1,25,47,0.0,0.0,0.0,0.0,0.04,0.0,0.0,0.0,0.0,0.021277
PostSpark 3,B,458bf5862,q-037,api-central,1,1,2,5,0.0,1.0,1.0,1.0,0.5,0.0,0.0,1.0,1.0,0.2
PostSpark 3,B,458bf5862,q-038,feature-stable,1,1,1,2,1.0,1.0,1.0,1.0,1.0,0.0,1.0,1.0,1.0,0.5
PostSpark 3,B,458bf5862,q-039,feature-stable,1,1,1,1,1.0,1.0,1.0,1.0,1.0,1.0,1.0,1.0,1.0,1.0
PostSpark 3,B,458bf5862,q-040,feature-stable,1,3,7,6,0.0,0.0,0.0,0.666667,0.142857,0.0,0.0,0.0,0.666667,0.166667
PostSpark 3,B,458bf5862,q-041,subsystem-added-late,1,3,-1,2,0.0,0.0,0.0,0.0,0.0,0.0,0.333333,0.666667,1.0,0.5
PostSpark 3,B,458bf5862,q-042,ui-added-late,1,2,-1,1,0.0,0.0,0.0,0.0,0.0,0.5,1.0,1.0,1.0,1.0
PostSpark 3,B,458bf5862,q-046,view-added,1,1,1,2,1.0,1.0,1.0,1.0,1.0,0.0,1.0,1.0,1.0,0.5
PostSpark 3,B,552aa4343,q-001,auth-modified,1,2,36,44,0.0,0.0,0.0,0.0,0.027778,0.0,0.0,0.0,0.0,0.022727
PostSpark 3,B,552aa4343,q-002,auth-central,1,3,3,6,0.0,0.333333,0.666667,0.666667,0.333333,0.0,0.0,0.0,0.666667,0.166667
PostSpark 3,B,552aa4343,q-003,billing-central,1,2,1,1,0.5,1.0,1.0,1.0,1.0,0.5,1.0,1.0,1.0,1.0
PostSpark 3,B,552aa4343,q-004,billing-infra,1,2,1,1,0.5,1.0,1.0,1.0,1.0,0.5,1.0,1.0,1.0,1.0
PostSpark 3,B,552aa4343,q-005,ui-peripheral,1,1,1,1,1.0,1.0,1.0,1.0,1.0,1.0,1.0,1.0,1.0,1.0
PostSpark 3,B,552aa4343,q-006,ui-peripheral,1,1,1,1,1.0,1.0,1.0,1.0,1.0,1.0,1.0,1.0,1.0,1.0
PostSpark 3,B,552aa4343,q-007,db-config,1,1,5,12,0.0,0.0,1.0,1.0,0.2,0.0,0.0,0.0,0.0,0.083333
PostSpark 3,B,552aa4343,q-008,db-central,1,1,23,28,0.0,0.0,0.0,0.0,0.043478,0.0,0.0,0.0,0.0,0.035714
PostSpark 3,B,552aa4343,q-009,db-added,1,1,1,1,1.0,1.0,1.0,1.0,1.0,1.0,1.0,1.0,1.0,1.0
PostSpark 3,B,552aa4343,q-010,ai-central,1,1,1,2,1.0,1.0,1.0,1.0,1.0,0.0,1.0,1.0,1.0,0.5
PostSpark 3,B,552aa4343,q-011,ai-added,1,1,3,5,0.0,1.0,1.0,1.0,0.333333,0.0,0.0,1.0,1.0,0.2
PostSpark 3,B,552aa4343,q-012,ai-added,1,1,6,6,0.0,0.0,0.0,1.0,0.166667,0.0,0.0,0.0,1.0,0.166667
PostSpark 3,B,552aa4343,q-013,ai-added,1,1,1,1,1.0,1.0,1.0,1.0,1.0,1.0,1.0,1.0,1.0,1.0
PostSpark 3,B,552aa4343,q-014,ai-stable,1,2,8,16,0.0,0.0,0.0,0.5,0.125,0.0,0.0,0.0,0.0,0.0625
PostSpark 3,B,552aa4343,q-015,feature-stable,1,3,1,1,0.333333,0.333333,0.333333,0.333333,1.0,0.333333,0.333333,0.333333,0.333333,1.0
PostSpark 3,B,552aa4343,q-016,feature-added,1,1,4,5,0.0,0.0,1.0,1.0,0.25,0.0,0.0,1.0,1.0,0.2
PostSpark 3,B,552aa4343,q-017,feature-added,1,2,2,1,0.0,0.5,0.5,0.5,0.5,0.5,0.5,0.5,0.5,1.0
PostSpark 3,B,552aa4343,q-018,ai-added,1,2,25,17,0.0,0.0,0.0,0.0,0.04,0.0,0.0,0.0,0.0,0.058824
PostSpark 3,B,552aa4343,q-019,feature-stable,1,1,2,1,0.0,1.0,1.0,1.0,0.5,1.0,1.0,1.0,1.0,1.0
PostSpark 3,B,552aa4343,q-020,ai-added-late,1,2,9,9,0.0,0.0,0.0,0.5,0.111111,0.0,0.0,0.0,0.5,0.111111
PostSpark 3,B,552aa4343,q-022,ai-added-late,1,1,-1,1,0.0,0.0,0.0,0.0,0.0,1.0,1.0,1.0,1.0,1.0
PostSpark 3,B,552aa4343,q-023,ai-added,1,1,3,2,0.0,1.0,1.0,1.0,0.333333,0.0,1.0,1.0,1.0,0.5
PostSpark 3,B,552aa4343,q-024,ai-added,1,1,42,50,0.0,0.0,0.0,0.0,0.02381,0.0,0.0,0.0,0.0,0.02
PostSpark 3,B,552aa4343,q-025,editor-modified,1,2,3,5,0.0,0.5,0.5,0.5,0.333333,0.0,0.0,0.5,1.0,0.2
PostSpark 3,B,552aa4343,q-026,editor-added,1,1,3,2,0.0,1.0,1.0,1.0,0.333333,0.0,1.0,1.0,1.0,0.5
PostSpark 3,B,552aa4343,q-027,editor-modified,1,2,23,78,0.0,0.0,0.0,0.0,0.043478,0.0,0.0,0.0,0.0,0.012821
PostSpark 3,B,552aa4343,q-028,editor-stable,1,1,1,1,1.0,1.0,1.0,1.0,1.0,1.0,1.0,1.0,1.0,1.0
PostSpark 3,B,552aa4343,q-029,editor-modified,1,1,1,1,1.0,1.0,1.0,1.0,1.0,1.0,1.0,1.0,1.0,1.0
PostSpark 3,B,552aa4343,q-030,editor-added-late,1,1,-1,1,0.0,0.0,0.0,0.0,0.0,1.0,1.0,1.0,1.0,1.0
PostSpark 3,B,552aa4343,q-031,editor-added-late,1,2,-1,32,0.0,0.0,0.0,0.0,0.0,0.0,0.0,0.0,0.0,0.03125
PostSpark 3,B,552aa4343,q-032,client-central,1,1,26,19,0.0,0.0,0.0,0.0,0.038462,0.0,0.0,0.0,0.0,0.052632
PostSpark 3,B,552aa4343,q-033,client-infra,1,2,1,1,0.5,1.0,1.0,1.0,1.0,0.5,0.5,1.0,1.0,1.0
PostSpark 3,B,552aa4343,q-034,feature-added,1,2,16,18,0.0,0.0,0.0,0.0,0.0625,0.0,0.0,0.0,0.0,0.055556
PostSpark 3,B,552aa4343,q-035,config-central,1,1,201,108,0.0,0.0,0.0,0.0,0.004975,0.0,0.0,0.0,0.0,0.009259
PostSpark 3,B,552aa4343,q-036,infra-central,1,1,25,47,0.0,0.0,0.0,0.0,0.04,0.0,0.0,0.0,0.0,0.021277
PostSpark 3,B,552aa4343,q-037,api-central,1,1,2,5,0.0,1.0,1.0,1.0,0.5,0.0,0.0,1.0,1.0,0.2
PostSpark 3,B,552aa4343,q-038,feature-stable,1,1,1,2,1.0,1.0,1.0,1.0,1.0,0.0,1.0,1.0,1.0,0.5
PostSpark 3,B,552aa4343,q-039,feature-stable,1,1,1,1,1.0,1.0,1.0,1.0,1.0,1.0,1.0,1.0,1.0,1.0
PostSpark 3,B,552aa4343,q-040,feature-stable,1,3,7,6,0.0,0.0,0.0,0.666667,0.142857,0.0,0.0,0.0,0.666667,0.166667
PostSpark 3,B,552aa4343,q-041,subsystem-added-late,1,3,-1,2,0.0,0.0,0.0,0.0,0.0,0.0,0.333333,0.666667,1.0,0.5
PostSpark 3,B,552aa4343,q-042,ui-added-late,1,2,-1,1,0.0,0.0,0.0,0.0,0.0,0.5,1.0,1.0,1.0,1.0
PostSpark 3,B,552aa4343,q-046,view-added,1,1,1,2,1.0,1.0,1.0,1.0,1.0,0.0,1.0,1.0,1.0,0.5
PostSpark 3,B,fbe27e0bf,q-001,auth-modified,1,2,36,43,0.0,0.0,0.0,0.0,0.027778,0.0,0.0,0.0,0.0,0.023256
PostSpark 3,B,fbe27e0bf,q-002,auth-central,1,3,3,6,0.0,0.333333,0.666667,0.666667,0.333333,0.0,0.0,0.0,0.666667,0.166667
PostSpark 3,B,fbe27e0bf,q-003,billing-central,1,2,1,1,0.5,1.0,1.0,1.0,1.0,0.5,1.0,1.0,1.0,1.0
PostSpark 3,B,fbe27e0bf,q-004,billing-infra,1,2,1,1,0.5,1.0,1.0,1.0,1.0,0.5,1.0,1.0,1.0,1.0
PostSpark 3,B,fbe27e0bf,q-005,ui-peripheral,1,1,1,1,1.0,1.0,1.0,1.0,1.0,1.0,1.0,1.0,1.0,1.0
PostSpark 3,B,fbe27e0bf,q-006,ui-peripheral,1,1,1,1,1.0,1.0,1.0,1.0,1.0,1.0,1.0,1.0,1.0,1.0
PostSpark 3,B,fbe27e0bf,q-007,db-config,1,1,5,12,0.0,0.0,1.0,1.0,0.2,0.0,0.0,0.0,0.0,0.083333
PostSpark 3,B,fbe27e0bf,q-008,db-central,1,1,23,28,0.0,0.0,0.0,0.0,0.043478,0.0,0.0,0.0,0.0,0.035714
PostSpark 3,B,fbe27e0bf,q-009,db-added,1,1,1,1,1.0,1.0,1.0,1.0,1.0,1.0,1.0,1.0,1.0,1.0
PostSpark 3,B,fbe27e0bf,q-010,ai-central,1,1,1,2,1.0,1.0,1.0,1.0,1.0,0.0,1.0,1.0,1.0,0.5
PostSpark 3,B,fbe27e0bf,q-011,ai-added,1,1,3,5,0.0,1.0,1.0,1.0,0.333333,0.0,0.0,1.0,1.0,0.2
PostSpark 3,B,fbe27e0bf,q-012,ai-added,1,1,6,6,0.0,0.0,0.0,1.0,0.166667,0.0,0.0,0.0,1.0,0.166667
PostSpark 3,B,fbe27e0bf,q-013,ai-added,1,1,1,1,1.0,1.0,1.0,1.0,1.0,1.0,1.0,1.0,1.0,1.0
PostSpark 3,B,fbe27e0bf,q-014,ai-stable,1,2,8,16,0.0,0.0,0.0,0.5,0.125,0.0,0.0,0.0,0.0,0.0625
PostSpark 3,B,fbe27e0bf,q-015,feature-stable,1,3,1,1,0.333333,0.333333,0.333333,0.333333,1.0,0.333333,0.333333,0.333333,0.333333,1.0
PostSpark 3,B,fbe27e0bf,q-016,feature-added,1,1,4,5,0.0,0.0,1.0,1.0,0.25,0.0,0.0,1.0,1.0,0.2
PostSpark 3,B,fbe27e0bf,q-017,feature-added,1,2,2,1,0.0,0.5,0.5,0.5,0.5,0.5,0.5,0.5,0.5,1.0
PostSpark 3,B,fbe27e0bf,q-018,ai-added,1,2,25,17,0.0,0.0,0.0,0.0,0.04,0.0,0.0,0.0,0.0,0.058824
PostSpark 3,B,fbe27e0bf,q-019,feature-stable,1,1,2,1,0.0,1.0,1.0,1.0,0.5,1.0,1.0,1.0,1.0,1.0
PostSpark 3,B,fbe27e0bf,q-020,ai-added-late,1,2,9,9,0.0,0.0,0.0,0.5,0.111111,0.0,0.0,0.0,0.5,0.111111
PostSpark 3,B,fbe27e0bf,q-022,ai-added-late,1,1,-1,1,0.0,0.0,0.0,0.0,0.0,1.0,1.0,1.0,1.0,1.0
PostSpark 3,B,fbe27e0bf,q-023,ai-added,1,1,3,2,0.0,1.0,1.0,1.0,0.333333,0.0,1.0,1.0,1.0,0.5
PostSpark 3,B,fbe27e0bf,q-024,ai-added,1,1,42,50,0.0,0.0,0.0,0.0,0.02381,0.0,0.0,0.0,0.0,0.02
PostSpark 3,B,fbe27e0bf,q-025,editor-modified,1,2,3,5,0.0,0.5,0.5,0.5,0.333333,0.0,0.0,0.5,1.0,0.2
PostSpark 3,B,fbe27e0bf,q-026,editor-added,1,1,3,2,0.0,1.0,1.0,1.0,0.333333,0.0,1.0,1.0,1.0,0.5
PostSpark 3,B,fbe27e0bf,q-027,editor-modified,1,2,23,78,0.0,0.0,0.0,0.0,0.043478,0.0,0.0,0.0,0.0,0.012821
PostSpark 3,B,fbe27e0bf,q-028,editor-stable,1,1,1,1,1.0,1.0,1.0,1.0,1.0,1.0,1.0,1.0,1.0,1.0
PostSpark 3,B,fbe27e0bf,q-029,editor-modified,1,1,1,1,1.0,1.0,1.0,1.0,1.0,1.0,1.0,1.0,1.0,1.0
PostSpark 3,B,fbe27e0bf,q-030,editor-added-late,1,1,-1,1,0.0,0.0,0.0,0.0,0.0,1.0,1.0,1.0,1.0,1.0
PostSpark 3,B,fbe27e0bf,q-031,editor-added-late,1,2,-1,32,0.0,0.0,0.0,0.0,0.0,0.0,0.0,0.0,0.0,0.03125
PostSpark 3,B,fbe27e0bf,q-032,client-central,1,1,26,18,0.0,0.0,0.0,0.0,0.038462,0.0,0.0,0.0,0.0,0.055556
PostSpark 3,B,fbe27e0bf,q-033,client-infra,1,2,1,1,0.5,1.0,1.0,1.0,1.0,0.5,0.5,1.0,1.0,1.0
PostSpark 3,B,fbe27e0bf,q-034,feature-added,1,2,16,18,0.0,0.0,0.0,0.0,0.0625,0.0,0.0,0.0,0.0,0.055556
PostSpark 3,B,fbe27e0bf,q-035,config-central,1,1,201,108,0.0,0.0,0.0,0.0,0.004975,0.0,0.0,0.0,0.0,0.009259
PostSpark 3,B,fbe27e0bf,q-036,infra-central,1,1,25,46,0.0,0.0,0.0,0.0,0.04,0.0,0.0,0.0,0.0,0.021739
PostSpark 3,B,fbe27e0bf,q-037,api-central,1,1,2,5,0.0,1.0,1.0,1.0,0.5,0.0,0.0,1.0,1.0,0.2
PostSpark 3,B,fbe27e0bf,q-038,feature-stable,1,1,1,2,1.0,1.0,1.0,1.0,1.0,0.0,1.0,1.0,1.0,0.5
PostSpark 3,B,fbe27e0bf,q-039,feature-stable,1,1,1,1,1.0,1.0,1.0,1.0,1.0,1.0,1.0,1.0,1.0,1.0
PostSpark 3,B,fbe27e0bf,q-040,feature-stable,1,3,7,6,0.0,0.0,0.0,0.666667,0.142857,0.0,0.0,0.0,0.666667,0.166667
PostSpark 3,B,fbe27e0bf,q-041,subsystem-added-late,1,3,-1,2,0.0,0.0,0.0,0.0,0.0,0.0,0.333333,0.666667,1.0,0.5
PostSpark 3,B,fbe27e0bf,q-042,ui-added-late,1,2,-1,1,0.0,0.0,0.0,0.0,0.0,0.5,1.0,1.0,1.0,1.0
PostSpark 3,B,fbe27e0bf,q-046,view-added,1,1,1,2,1.0,1.0,1.0,1.0,1.0,0.0,1.0,1.0,1.0,0.5
PostSpark 3,B,10b598724,q-001,auth-modified,1,2,36,42,0.0,0.0,0.0,0.0,0.027778,0.0,0.0,0.0,0.0,0.02381
PostSpark 3,B,10b598724,q-002,auth-central,1,3,3,6,0.0,0.333333,0.666667,0.666667,0.333333,0.0,0.0,0.0,0.666667,0.166667
PostSpark 3,B,10b598724,q-003,billing-central,1,2,1,1,0.5,1.0,1.0,1.0,1.0,0.5,1.0,1.0,1.0,1.0
PostSpark 3,B,10b598724,q-004,billing-infra,1,2,1,1,0.5,1.0,1.0,1.0,1.0,0.5,1.0,1.0,1.0,1.0
PostSpark 3,B,10b598724,q-005,ui-peripheral,1,1,1,1,1.0,1.0,1.0,1.0,1.0,1.0,1.0,1.0,1.0,1.0
PostSpark 3,B,10b598724,q-006,ui-peripheral,1,1,1,1,1.0,1.0,1.0,1.0,1.0,1.0,1.0,1.0,1.0,1.0
PostSpark 3,B,10b598724,q-007,db-config,1,1,5,12,0.0,0.0,1.0,1.0,0.2,0.0,0.0,0.0,0.0,0.083333
PostSpark 3,B,10b598724,q-008,db-central,1,1,23,29,0.0,0.0,0.0,0.0,0.043478,0.0,0.0,0.0,0.0,0.034483
PostSpark 3,B,10b598724,q-009,db-added,1,1,1,1,1.0,1.0,1.0,1.0,1.0,1.0,1.0,1.0,1.0,1.0
PostSpark 3,B,10b598724,q-010,ai-central,1,1,1,2,1.0,1.0,1.0,1.0,1.0,0.0,1.0,1.0,1.0,0.5
PostSpark 3,B,10b598724,q-011,ai-added,1,1,3,5,0.0,1.0,1.0,1.0,0.333333,0.0,0.0,1.0,1.0,0.2
PostSpark 3,B,10b598724,q-012,ai-added,1,1,6,6,0.0,0.0,0.0,1.0,0.166667,0.0,0.0,0.0,1.0,0.166667
PostSpark 3,B,10b598724,q-013,ai-added,1,1,1,1,1.0,1.0,1.0,1.0,1.0,1.0,1.0,1.0,1.0,1.0
PostSpark 3,B,10b598724,q-014,ai-stable,1,2,8,16,0.0,0.0,0.0,0.5,0.125,0.0,0.0,0.0,0.0,0.0625
PostSpark 3,B,10b598724,q-015,feature-stable,1,3,1,1,0.333333,0.333333,0.333333,0.333333,1.0,0.333333,0.333333,0.333333,0.333333,1.0
PostSpark 3,B,10b598724,q-016,feature-added,1,1,4,5,0.0,0.0,1.0,1.0,0.25,0.0,0.0,1.0,1.0,0.2
PostSpark 3,B,10b598724,q-017,feature-added,1,2,2,1,0.0,0.5,0.5,0.5,0.5,0.5,0.5,0.5,0.5,1.0
PostSpark 3,B,10b598724,q-018,ai-added,1,2,25,17,0.0,0.0,0.0,0.0,0.04,0.0,0.0,0.0,0.0,0.058824
PostSpark 3,B,10b598724,q-019,feature-stable,1,1,2,1,0.0,1.0,1.0,1.0,0.5,1.0,1.0,1.0,1.0,1.0
PostSpark 3,B,10b598724,q-020,ai-added-late,1,2,9,9,0.0,0.0,0.0,0.5,0.111111,0.0,0.0,0.0,0.5,0.111111
PostSpark 3,B,10b598724,q-022,ai-added-late,1,1,-1,1,0.0,0.0,0.0,0.0,0.0,1.0,1.0,1.0,1.0,1.0
PostSpark 3,B,10b598724,q-023,ai-added,1,1,3,2,0.0,1.0,1.0,1.0,0.333333,0.0,1.0,1.0,1.0,0.5
PostSpark 3,B,10b598724,q-024,ai-added,1,1,42,50,0.0,0.0,0.0,0.0,0.02381,0.0,0.0,0.0,0.0,0.02
PostSpark 3,B,10b598724,q-025,editor-modified,1,2,3,5,0.0,0.5,0.5,0.5,0.333333,0.0,0.0,0.5,1.0,0.2
PostSpark 3,B,10b598724,q-026,editor-added,1,1,3,2,0.0,1.0,1.0,1.0,0.333333,0.0,1.0,1.0,1.0,0.5
PostSpark 3,B,10b598724,q-027,editor-modified,1,2,23,77,0.0,0.0,0.0,0.0,0.043478,0.0,0.0,0.0,0.0,0.012987
PostSpark 3,B,10b598724,q-028,editor-stable,1,1,1,1,1.0,1.0,1.0,1.0,1.0,1.0,1.0,1.0,1.0,1.0
PostSpark 3,B,10b598724,q-029,editor-modified,1,1,1,1,1.0,1.0,1.0,1.0,1.0,1.0,1.0,1.0,1.0,1.0
PostSpark 3,B,10b598724,q-030,editor-added-late,1,1,-1,1,0.0,0.0,0.0,0.0,0.0,1.0,1.0,1.0,1.0,1.0
PostSpark 3,B,10b598724,q-031,editor-added-late,1,2,-1,32,0.0,0.0,0.0,0.0,0.0,0.0,0.0,0.0,0.0,0.03125
PostSpark 3,B,10b598724,q-032,client-central,1,1,26,18,0.0,0.0,0.0,0.0,0.038462,0.0,0.0,0.0,0.0,0.055556
PostSpark 3,B,10b598724,q-033,client-infra,1,2,1,1,0.5,1.0,1.0,1.0,1.0,0.5,0.5,1.0,1.0,1.0
PostSpark 3,B,10b598724,q-034,feature-added,1,2,16,18,0.0,0.0,0.0,0.0,0.0625,0.0,0.0,0.0,0.0,0.055556
PostSpark 3,B,10b598724,q-035,config-central,1,1,201,107,0.0,0.0,0.0,0.0,0.004975,0.0,0.0,0.0,0.0,0.009346
PostSpark 3,B,10b598724,q-036,infra-central,1,1,25,45,0.0,0.0,0.0,0.0,0.04,0.0,0.0,0.0,0.0,0.022222
PostSpark 3,B,10b598724,q-037,api-central,1,1,2,5,0.0,1.0,1.0,1.0,0.5,0.0,0.0,1.0,1.0,0.2
PostSpark 3,B,10b598724,q-038,feature-stable,1,1,1,2,1.0,1.0,1.0,1.0,1.0,0.0,1.0,1.0,1.0,0.5
PostSpark 3,B,10b598724,q-039,feature-stable,1,1,1,1,1.0,1.0,1.0,1.0,1.0,1.0,1.0,1.0,1.0,1.0
PostSpark 3,B,10b598724,q-040,feature-stable,1,3,7,6,0.0,0.0,0.0,0.666667,0.142857,0.0,0.0,0.0,0.666667,0.166667
PostSpark 3,B,10b598724,q-041,subsystem-added-late,1,3,-1,2,0.0,0.0,0.0,0.0,0.0,0.0,0.333333,0.666667,1.0,0.5
PostSpark 3,B,10b598724,q-042,ui-added-late,1,2,-1,1,0.0,0.0,0.0,0.0,0.0,0.5,1.0,1.0,1.0,1.0
PostSpark 3,B,10b598724,q-046,view-added,1,1,1,2,1.0,1.0,1.0,1.0,1.0,0.0,1.0,1.0,1.0,0.5
PostSpark 3,B,e54d47184,q-001,auth-modified,1,2,36,43,0.0,0.0,0.0,0.0,0.027778,0.0,0.0,0.0,0.0,0.023256
PostSpark 3,B,e54d47184,q-002,auth-central,1,3,3,6,0.0,0.333333,0.666667,0.666667,0.333333,0.0,0.0,0.0,0.666667,0.166667
PostSpark 3,B,e54d47184,q-003,billing-central,1,2,1,1,0.5,1.0,1.0,1.0,1.0,0.5,1.0,1.0,1.0,1.0
PostSpark 3,B,e54d47184,q-004,billing-infra,1,2,1,1,0.5,1.0,1.0,1.0,1.0,0.5,1.0,1.0,1.0,1.0
PostSpark 3,B,e54d47184,q-005,ui-peripheral,1,1,1,1,1.0,1.0,1.0,1.0,1.0,1.0,1.0,1.0,1.0,1.0
PostSpark 3,B,e54d47184,q-006,ui-peripheral,1,1,1,1,1.0,1.0,1.0,1.0,1.0,1.0,1.0,1.0,1.0,1.0
PostSpark 3,B,e54d47184,q-007,db-config,1,1,5,12,0.0,0.0,1.0,1.0,0.2,0.0,0.0,0.0,0.0,0.083333
PostSpark 3,B,e54d47184,q-008,db-central,1,1,23,29,0.0,0.0,0.0,0.0,0.043478,0.0,0.0,0.0,0.0,0.034483
PostSpark 3,B,e54d47184,q-009,db-added,1,1,1,1,1.0,1.0,1.0,1.0,1.0,1.0,1.0,1.0,1.0,1.0
PostSpark 3,B,e54d47184,q-010,ai-central,1,1,1,2,1.0,1.0,1.0,1.0,1.0,0.0,1.0,1.0,1.0,0.5
PostSpark 3,B,e54d47184,q-011,ai-added,1,1,3,5,0.0,1.0,1.0,1.0,0.333333,0.0,0.0,1.0,1.0,0.2
PostSpark 3,B,e54d47184,q-012,ai-added,1,1,6,6,0.0,0.0,0.0,1.0,0.166667,0.0,0.0,0.0,1.0,0.166667
PostSpark 3,B,e54d47184,q-013,ai-added,1,1,1,1,1.0,1.0,1.0,1.0,1.0,1.0,1.0,1.0,1.0,1.0
PostSpark 3,B,e54d47184,q-014,ai-stable,1,2,8,16,0.0,0.0,0.0,0.5,0.125,0.0,0.0,0.0,0.0,0.0625
PostSpark 3,B,e54d47184,q-015,feature-stable,1,3,1,1,0.333333,0.333333,0.333333,0.333333,1.0,0.333333,0.333333,0.666667,0.666667,1.0
PostSpark 3,B,e54d47184,q-016,feature-added,1,1,4,5,0.0,0.0,1.0,1.0,0.25,0.0,0.0,1.0,1.0,0.2
PostSpark 3,B,e54d47184,q-017,feature-added,1,2,2,1,0.0,0.5,0.5,0.5,0.5,0.5,0.5,0.5,0.5,1.0
PostSpark 3,B,e54d47184,q-018,ai-added,1,2,25,17,0.0,0.0,0.0,0.0,0.04,0.0,0.0,0.0,0.0,0.058824
PostSpark 3,B,e54d47184,q-019,feature-stable,1,1,2,1,0.0,1.0,1.0,1.0,0.5,1.0,1.0,1.0,1.0,1.0
PostSpark 3,B,e54d47184,q-020,ai-added-late,1,2,9,9,0.0,0.0,0.0,0.5,0.111111,0.0,0.0,0.0,0.5,0.111111
PostSpark 3,B,e54d47184,q-022,ai-added-late,1,1,-1,1,0.0,0.0,0.0,0.0,0.0,1.0,1.0,1.0,1.0,1.0
PostSpark 3,B,e54d47184,q-023,ai-added,1,1,3,2,0.0,1.0,1.0,1.0,0.333333,0.0,1.0,1.0,1.0,0.5
PostSpark 3,B,e54d47184,q-024,ai-added,1,1,42,50,0.0,0.0,0.0,0.0,0.02381,0.0,0.0,0.0,0.0,0.02
PostSpark 3,B,e54d47184,q-025,editor-modified,1,2,3,5,0.0,0.5,0.5,0.5,0.333333,0.0,0.0,0.5,1.0,0.2
PostSpark 3,B,e54d47184,q-026,editor-added,1,1,3,2,0.0,1.0,1.0,1.0,0.333333,0.0,1.0,1.0,1.0,0.5
PostSpark 3,B,e54d47184,q-027,editor-modified,1,2,23,78,0.0,0.0,0.0,0.0,0.043478,0.0,0.0,0.0,0.0,0.012821
PostSpark 3,B,e54d47184,q-028,editor-stable,1,1,1,1,1.0,1.0,1.0,1.0,1.0,1.0,1.0,1.0,1.0,1.0
PostSpark 3,B,e54d47184,q-029,editor-modified,1,1,1,1,1.0,1.0,1.0,1.0,1.0,1.0,1.0,1.0,1.0,1.0
PostSpark 3,B,e54d47184,q-030,editor-added-late,1,1,-1,1,0.0,0.0,0.0,0.0,0.0,1.0,1.0,1.0,1.0,1.0
PostSpark 3,B,e54d47184,q-031,editor-added-late,1,2,-1,32,0.0,0.0,0.0,0.0,0.0,0.0,0.0,0.0,0.0,0.03125
PostSpark 3,B,e54d47184,q-032,client-central,1,1,26,18,0.0,0.0,0.0,0.0,0.038462,0.0,0.0,0.0,0.0,0.055556
PostSpark 3,B,e54d47184,q-033,client-infra,1,2,1,1,0.5,1.0,1.0,1.0,1.0,0.5,0.5,1.0,1.0,1.0
PostSpark 3,B,e54d47184,q-034,feature-added,1,2,16,19,0.0,0.0,0.0,0.0,0.0625,0.0,0.0,0.0,0.0,0.052632
PostSpark 3,B,e54d47184,q-035,config-central,1,1,201,108,0.0,0.0,0.0,0.0,0.004975,0.0,0.0,0.0,0.0,0.009259
PostSpark 3,B,e54d47184,q-036,infra-central,1,1,25,45,0.0,0.0,0.0,0.0,0.04,0.0,0.0,0.0,0.0,0.022222
PostSpark 3,B,e54d47184,q-037,api-central,1,1,2,5,0.0,1.0,1.0,1.0,0.5,0.0,0.0,1.0,1.0,0.2
PostSpark 3,B,e54d47184,q-038,feature-stable,1,1,1,2,1.0,1.0,1.0,1.0,1.0,0.0,1.0,1.0,1.0,0.5
PostSpark 3,B,e54d47184,q-039,feature-stable,1,1,1,1,1.0,1.0,1.0,1.0,1.0,1.0,1.0,1.0,1.0,1.0
PostSpark 3,B,e54d47184,q-040,feature-stable,1,3,7,6,0.0,0.0,0.0,0.666667,0.142857,0.0,0.0,0.0,0.666667,0.166667
PostSpark 3,B,e54d47184,q-041,subsystem-added-late,1,3,-1,2,0.0,0.0,0.0,0.0,0.0,0.0,0.333333,0.666667,1.0,0.5
PostSpark 3,B,e54d47184,q-042,ui-added-late,1,2,-1,1,0.0,0.0,0.0,0.0,0.0,0.5,1.0,1.0,1.0,1.0
PostSpark 3,B,e54d47184,q-046,view-added,1,1,1,2,1.0,1.0,1.0,1.0,1.0,0.0,1.0,1.0,1.0,0.5
PostSpark 3,B,a0bea6137,q-001,auth-modified,1,2,36,43,0.0,0.0,0.0,0.0,0.027778,0.0,0.0,0.0,0.0,0.023256
PostSpark 3,B,a0bea6137,q-002,auth-central,1,3,3,6,0.0,0.333333,0.666667,0.666667,0.333333,0.0,0.0,0.0,0.666667,0.166667
PostSpark 3,B,a0bea6137,q-003,billing-central,1,2,1,1,0.5,1.0,1.0,1.0,1.0,0.5,1.0,1.0,1.0,1.0
PostSpark 3,B,a0bea6137,q-004,billing-infra,1,2,1,1,0.5,1.0,1.0,1.0,1.0,0.5,1.0,1.0,1.0,1.0
PostSpark 3,B,a0bea6137,q-005,ui-peripheral,1,1,1,1,1.0,1.0,1.0,1.0,1.0,1.0,1.0,1.0,1.0,1.0
PostSpark 3,B,a0bea6137,q-006,ui-peripheral,1,1,1,1,1.0,1.0,1.0,1.0,1.0,1.0,1.0,1.0,1.0,1.0
PostSpark 3,B,a0bea6137,q-007,db-config,1,1,5,12,0.0,0.0,1.0,1.0,0.2,0.0,0.0,0.0,0.0,0.083333
PostSpark 3,B,a0bea6137,q-008,db-central,1,1,23,29,0.0,0.0,0.0,0.0,0.043478,0.0,0.0,0.0,0.0,0.034483
PostSpark 3,B,a0bea6137,q-009,db-added,1,1,1,1,1.0,1.0,1.0,1.0,1.0,1.0,1.0,1.0,1.0,1.0
PostSpark 3,B,a0bea6137,q-010,ai-central,1,1,1,2,1.0,1.0,1.0,1.0,1.0,0.0,1.0,1.0,1.0,0.5
PostSpark 3,B,a0bea6137,q-011,ai-added,1,1,3,5,0.0,1.0,1.0,1.0,0.333333,0.0,0.0,1.0,1.0,0.2
PostSpark 3,B,a0bea6137,q-012,ai-added,1,1,6,6,0.0,0.0,0.0,1.0,0.166667,0.0,0.0,0.0,1.0,0.166667
PostSpark 3,B,a0bea6137,q-013,ai-added,1,1,1,1,1.0,1.0,1.0,1.0,1.0,1.0,1.0,1.0,1.0,1.0
PostSpark 3,B,a0bea6137,q-014,ai-stable,1,2,8,16,0.0,0.0,0.0,0.5,0.125,0.0,0.0,0.0,0.0,0.0625
PostSpark 3,B,a0bea6137,q-015,feature-stable,1,3,1,1,0.333333,0.333333,0.333333,0.333333,1.0,0.333333,0.333333,0.666667,0.666667,1.0
PostSpark 3,B,a0bea6137,q-016,feature-added,1,1,4,5,0.0,0.0,1.0,1.0,0.25,0.0,0.0,1.0,1.0,0.2
PostSpark 3,B,a0bea6137,q-017,feature-added,1,2,2,1,0.0,0.5,0.5,0.5,0.5,0.5,0.5,0.5,0.5,1.0
PostSpark 3,B,a0bea6137,q-018,ai-added,1,2,25,17,0.0,0.0,0.0,0.0,0.04,0.0,0.0,0.0,0.0,0.058824
PostSpark 3,B,a0bea6137,q-019,feature-stable,1,1,2,1,0.0,1.0,1.0,1.0,0.5,1.0,1.0,1.0,1.0,1.0
PostSpark 3,B,a0bea6137,q-020,ai-added-late,1,2,9,9,0.0,0.0,0.0,0.5,0.111111,0.0,0.0,0.0,0.5,0.111111
PostSpark 3,B,a0bea6137,q-022,ai-added-late,1,1,-1,1,0.0,0.0,0.0,0.0,0.0,1.0,1.0,1.0,1.0,1.0
PostSpark 3,B,a0bea6137,q-023,ai-added,1,1,3,2,0.0,1.0,1.0,1.0,0.333333,0.0,1.0,1.0,1.0,0.5
PostSpark 3,B,a0bea6137,q-024,ai-added,1,1,42,50,0.0,0.0,0.0,0.0,0.02381,0.0,0.0,0.0,0.0,0.02
PostSpark 3,B,a0bea6137,q-025,editor-modified,1,2,3,5,0.0,0.5,0.5,0.5,0.333333,0.0,0.0,0.5,1.0,0.2
PostSpark 3,B,a0bea6137,q-026,editor-added,1,1,3,2,0.0,1.0,1.0,1.0,0.333333,0.0,1.0,1.0,1.0,0.5
PostSpark 3,B,a0bea6137,q-027,editor-modified,1,2,23,78,0.0,0.0,0.0,0.0,0.043478,0.0,0.0,0.0,0.0,0.012821
PostSpark 3,B,a0bea6137,q-028,editor-stable,1,1,1,1,1.0,1.0,1.0,1.0,1.0,1.0,1.0,1.0,1.0,1.0
PostSpark 3,B,a0bea6137,q-029,editor-modified,1,1,1,1,1.0,1.0,1.0,1.0,1.0,1.0,1.0,1.0,1.0,1.0
PostSpark 3,B,a0bea6137,q-030,editor-added-late,1,1,-1,1,0.0,0.0,0.0,0.0,0.0,1.0,1.0,1.0,1.0,1.0
PostSpark 3,B,a0bea6137,q-031,editor-added-late,1,2,-1,32,0.0,0.0,0.0,0.0,0.0,0.0,0.0,0.0,0.0,0.03125
PostSpark 3,B,a0bea6137,q-032,client-central,1,1,26,18,0.0,0.0,0.0,0.0,0.038462,0.0,0.0,0.0,0.0,0.055556
PostSpark 3,B,a0bea6137,q-033,client-infra,1,2,1,1,0.5,1.0,1.0,1.0,1.0,0.5,0.5,1.0,1.0,1.0
PostSpark 3,B,a0bea6137,q-034,feature-added,1,2,16,19,0.0,0.0,0.0,0.0,0.0625,0.0,0.0,0.0,0.0,0.052632
PostSpark 3,B,a0bea6137,q-035,config-central,1,1,201,108,0.0,0.0,0.0,0.0,0.004975,0.0,0.0,0.0,0.0,0.009259
PostSpark 3,B,a0bea6137,q-036,infra-central,1,1,25,46,0.0,0.0,0.0,0.0,0.04,0.0,0.0,0.0,0.0,0.021739
PostSpark 3,B,a0bea6137,q-037,api-central,1,1,2,5,0.0,1.0,1.0,1.0,0.5,0.0,0.0,1.0,1.0,0.2
PostSpark 3,B,a0bea6137,q-038,feature-stable,1,1,1,2,1.0,1.0,1.0,1.0,1.0,0.0,1.0,1.0,1.0,0.5
PostSpark 3,B,a0bea6137,q-039,feature-stable,1,1,1,1,1.0,1.0,1.0,1.0,1.0,1.0,1.0,1.0,1.0,1.0
PostSpark 3,B,a0bea6137,q-040,feature-stable,1,3,7,6,0.0,0.0,0.0,0.666667,0.142857,0.0,0.0,0.0,0.666667,0.166667
PostSpark 3,B,a0bea6137,q-041,subsystem-added-late,1,3,-1,2,0.0,0.0,0.0,0.0,0.0,0.0,0.333333,0.666667,1.0,0.5
PostSpark 3,B,a0bea6137,q-042,ui-added-late,1,2,-1,1,0.0,0.0,0.0,0.0,0.0,0.5,1.0,1.0,1.0,1.0
PostSpark 3,B,a0bea6137,q-046,view-added,1,1,1,2,1.0,1.0,1.0,1.0,1.0,0.0,1.0,1.0,1.0,0.5
PostSpark 3,B,5b2c84088,q-001,auth-modified,1,2,36,43,0.0,0.0,0.0,0.0,0.027778,0.0,0.0,0.0,0.0,0.023256
PostSpark 3,B,5b2c84088,q-002,auth-central,1,3,3,6,0.0,0.333333,0.666667,0.666667,0.333333,0.0,0.0,0.0,0.666667,0.166667
PostSpark 3,B,5b2c84088,q-003,billing-central,1,2,1,1,0.5,1.0,1.0,1.0,1.0,0.5,1.0,1.0,1.0,1.0
PostSpark 3,B,5b2c84088,q-004,billing-infra,1,2,1,1,0.5,1.0,1.0,1.0,1.0,0.5,1.0,1.0,1.0,1.0
PostSpark 3,B,5b2c84088,q-005,ui-peripheral,1,1,1,1,1.0,1.0,1.0,1.0,1.0,1.0,1.0,1.0,1.0,1.0
PostSpark 3,B,5b2c84088,q-006,ui-peripheral,1,1,1,1,1.0,1.0,1.0,1.0,1.0,1.0,1.0,1.0,1.0,1.0
PostSpark 3,B,5b2c84088,q-007,db-config,1,1,5,12,0.0,0.0,1.0,1.0,0.2,0.0,0.0,0.0,0.0,0.083333
PostSpark 3,B,5b2c84088,q-008,db-central,1,1,23,29,0.0,0.0,0.0,0.0,0.043478,0.0,0.0,0.0,0.0,0.034483
PostSpark 3,B,5b2c84088,q-009,db-added,1,1,1,1,1.0,1.0,1.0,1.0,1.0,1.0,1.0,1.0,1.0,1.0
PostSpark 3,B,5b2c84088,q-010,ai-central,1,1,1,2,1.0,1.0,1.0,1.0,1.0,0.0,1.0,1.0,1.0,0.5
PostSpark 3,B,5b2c84088,q-011,ai-added,1,1,3,5,0.0,1.0,1.0,1.0,0.333333,0.0,0.0,1.0,1.0,0.2
PostSpark 3,B,5b2c84088,q-012,ai-added,1,1,6,6,0.0,0.0,0.0,1.0,0.166667,0.0,0.0,0.0,1.0,0.166667
PostSpark 3,B,5b2c84088,q-013,ai-added,1,1,1,1,1.0,1.0,1.0,1.0,1.0,1.0,1.0,1.0,1.0,1.0
PostSpark 3,B,5b2c84088,q-014,ai-stable,1,2,8,16,0.0,0.0,0.0,0.5,0.125,0.0,0.0,0.0,0.0,0.0625
PostSpark 3,B,5b2c84088,q-015,feature-stable,1,3,1,1,0.333333,0.333333,0.333333,0.333333,1.0,0.333333,0.333333,0.666667,0.666667,1.0
PostSpark 3,B,5b2c84088,q-016,feature-added,1,1,4,5,0.0,0.0,1.0,1.0,0.25,0.0,0.0,1.0,1.0,0.2
PostSpark 3,B,5b2c84088,q-017,feature-added,1,2,2,1,0.0,0.5,0.5,0.5,0.5,0.5,0.5,0.5,0.5,1.0
PostSpark 3,B,5b2c84088,q-018,ai-added,1,2,25,17,0.0,0.0,0.0,0.0,0.04,0.0,0.0,0.0,0.0,0.058824
PostSpark 3,B,5b2c84088,q-019,feature-stable,1,1,2,1,0.0,1.0,1.0,1.0,0.5,1.0,1.0,1.0,1.0,1.0
PostSpark 3,B,5b2c84088,q-020,ai-added-late,1,2,9,9,0.0,0.0,0.0,0.5,0.111111,0.0,0.0,0.0,0.5,0.111111
PostSpark 3,B,5b2c84088,q-022,ai-added-late,1,1,-1,1,0.0,0.0,0.0,0.0,0.0,1.0,1.0,1.0,1.0,1.0
PostSpark 3,B,5b2c84088,q-023,ai-added,1,1,3,2,0.0,1.0,1.0,1.0,0.333333,0.0,1.0,1.0,1.0,0.5
PostSpark 3,B,5b2c84088,q-024,ai-added,1,1,42,50,0.0,0.0,0.0,0.0,0.02381,0.0,0.0,0.0,0.0,0.02
PostSpark 3,B,5b2c84088,q-025,editor-modified,1,2,3,5,0.0,0.5,0.5,0.5,0.333333,0.0,0.0,0.5,1.0,0.2
PostSpark 3,B,5b2c84088,q-026,editor-added,1,1,3,2,0.0,1.0,1.0,1.0,0.333333,0.0,1.0,1.0,1.0,0.5
PostSpark 3,B,5b2c84088,q-027,editor-modified,1,2,23,78,0.0,0.0,0.0,0.0,0.043478,0.0,0.0,0.0,0.0,0.012821
PostSpark 3,B,5b2c84088,q-028,editor-stable,1,1,1,1,1.0,1.0,1.0,1.0,1.0,1.0,1.0,1.0,1.0,1.0
PostSpark 3,B,5b2c84088,q-029,editor-modified,1,1,1,1,1.0,1.0,1.0,1.0,1.0,1.0,1.0,1.0,1.0,1.0
PostSpark 3,B,5b2c84088,q-030,editor-added-late,1,1,-1,1,0.0,0.0,0.0,0.0,0.0,1.0,1.0,1.0,1.0,1.0
PostSpark 3,B,5b2c84088,q-031,editor-added-late,1,2,-1,32,0.0,0.0,0.0,0.0,0.0,0.0,0.0,0.0,0.0,0.03125
PostSpark 3,B,5b2c84088,q-032,client-central,1,1,26,18,0.0,0.0,0.0,0.0,0.038462,0.0,0.0,0.0,0.0,0.055556
PostSpark 3,B,5b2c84088,q-033,client-infra,1,2,1,1,0.5,1.0,1.0,1.0,1.0,0.5,0.5,1.0,1.0,1.0
PostSpark 3,B,5b2c84088,q-034,feature-added,1,2,16,19,0.0,0.0,0.0,0.0,0.0625,0.0,0.0,0.0,0.0,0.052632
PostSpark 3,B,5b2c84088,q-035,config-central,1,1,201,108,0.0,0.0,0.0,0.0,0.004975,0.0,0.0,0.0,0.0,0.009259
PostSpark 3,B,5b2c84088,q-036,infra-central,1,1,25,46,0.0,0.0,0.0,0.0,0.04,0.0,0.0,0.0,0.0,0.021739
PostSpark 3,B,5b2c84088,q-037,api-central,1,1,2,5,0.0,1.0,1.0,1.0,0.5,0.0,0.0,1.0,1.0,0.2
PostSpark 3,B,5b2c84088,q-038,feature-stable,1,1,1,2,1.0,1.0,1.0,1.0,1.0,0.0,1.0,1.0,1.0,0.5
PostSpark 3,B,5b2c84088,q-039,feature-stable,1,1,1,1,1.0,1.0,1.0,1.0,1.0,1.0,1.0,1.0,1.0,1.0
PostSpark 3,B,5b2c84088,q-040,feature-stable,1,3,7,6,0.0,0.0,0.0,0.666667,0.142857,0.0,0.0,0.0,0.666667,0.166667
PostSpark 3,B,5b2c84088,q-041,subsystem-added-late,1,3,-1,2,0.0,0.0,0.0,0.0,0.0,0.0,0.333333,0.666667,1.0,0.5
PostSpark 3,B,5b2c84088,q-042,ui-added-late,1,2,-1,1,0.0,0.0,0.0,0.0,0.0,0.5,1.0,1.0,1.0,1.0
PostSpark 3,B,5b2c84088,q-046,view-added,1,1,1,2,1.0,1.0,1.0,1.0,1.0,0.0,1.0,1.0,1.0,0.5
PostSpark 3,B,a69eacf17,q-001,auth-modified,1,2,36,44,0.0,0.0,0.0,0.0,0.027778,0.0,0.0,0.0,0.0,0.022727
PostSpark 3,B,a69eacf17,q-002,auth-central,1,3,3,6,0.0,0.333333,0.666667,0.666667,0.333333,0.0,0.0,0.0,0.666667,0.166667
PostSpark 3,B,a69eacf17,q-003,billing-central,1,2,1,1,0.5,1.0,1.0,1.0,1.0,0.5,1.0,1.0,1.0,1.0
PostSpark 3,B,a69eacf17,q-004,billing-infra,1,2,1,1,0.5,1.0,1.0,1.0,1.0,0.5,1.0,1.0,1.0,1.0
PostSpark 3,B,a69eacf17,q-005,ui-peripheral,1,1,1,1,1.0,1.0,1.0,1.0,1.0,1.0,1.0,1.0,1.0,1.0
PostSpark 3,B,a69eacf17,q-006,ui-peripheral,1,1,1,1,1.0,1.0,1.0,1.0,1.0,1.0,1.0,1.0,1.0,1.0
PostSpark 3,B,a69eacf17,q-007,db-config,1,1,5,12,0.0,0.0,1.0,1.0,0.2,0.0,0.0,0.0,0.0,0.083333
PostSpark 3,B,a69eacf17,q-008,db-central,1,1,23,30,0.0,0.0,0.0,0.0,0.043478,0.0,0.0,0.0,0.0,0.033333
PostSpark 3,B,a69eacf17,q-009,db-added,1,1,1,1,1.0,1.0,1.0,1.0,1.0,1.0,1.0,1.0,1.0,1.0
PostSpark 3,B,a69eacf17,q-010,ai-central,1,1,1,2,1.0,1.0,1.0,1.0,1.0,0.0,1.0,1.0,1.0,0.5
PostSpark 3,B,a69eacf17,q-011,ai-added,1,1,3,4,0.0,1.0,1.0,1.0,0.333333,0.0,0.0,1.0,1.0,0.25
PostSpark 3,B,a69eacf17,q-012,ai-added,1,1,6,6,0.0,0.0,0.0,1.0,0.166667,0.0,0.0,0.0,1.0,0.166667
PostSpark 3,B,a69eacf17,q-013,ai-added,1,1,1,1,1.0,1.0,1.0,1.0,1.0,1.0,1.0,1.0,1.0,1.0
PostSpark 3,B,a69eacf17,q-014,ai-stable,1,2,8,16,0.0,0.0,0.0,0.5,0.125,0.0,0.0,0.0,0.0,0.0625
PostSpark 3,B,a69eacf17,q-015,feature-stable,1,3,1,1,0.333333,0.333333,0.333333,0.333333,1.0,0.333333,0.333333,0.666667,0.666667,1.0
PostSpark 3,B,a69eacf17,q-016,feature-added,1,1,4,5,0.0,0.0,1.0,1.0,0.25,0.0,0.0,1.0,1.0,0.2
PostSpark 3,B,a69eacf17,q-017,feature-added,1,2,2,1,0.0,0.5,0.5,0.5,0.5,0.5,0.5,0.5,0.5,1.0
PostSpark 3,B,a69eacf17,q-018,ai-added,1,2,25,17,0.0,0.0,0.0,0.0,0.04,0.0,0.0,0.0,0.0,0.058824
PostSpark 3,B,a69eacf17,q-019,feature-stable,1,1,2,1,0.0,1.0,1.0,1.0,0.5,1.0,1.0,1.0,1.0,1.0
PostSpark 3,B,a69eacf17,q-020,ai-added-late,1,2,9,8,0.0,0.0,0.0,0.5,0.111111,0.0,0.0,0.0,0.5,0.125
PostSpark 3,B,a69eacf17,q-022,ai-added-late,1,1,-1,1,0.0,0.0,0.0,0.0,0.0,1.0,1.0,1.0,1.0,1.0
PostSpark 3,B,a69eacf17,q-023,ai-added,1,1,3,2,0.0,1.0,1.0,1.0,0.333333,0.0,1.0,1.0,1.0,0.5
PostSpark 3,B,a69eacf17,q-024,ai-added,1,1,42,50,0.0,0.0,0.0,0.0,0.02381,0.0,0.0,0.0,0.0,0.02
PostSpark 3,B,a69eacf17,q-025,editor-modified,1,2,3,5,0.0,0.5,0.5,0.5,0.333333,0.0,0.0,0.5,1.0,0.2
PostSpark 3,B,a69eacf17,q-026,editor-added,1,1,3,2,0.0,1.0,1.0,1.0,0.333333,0.0,1.0,1.0,1.0,0.5
PostSpark 3,B,a69eacf17,q-027,editor-modified,1,2,23,70,0.0,0.0,0.0,0.0,0.043478,0.0,0.0,0.0,0.0,0.014286
PostSpark 3,B,a69eacf17,q-028,editor-stable,1,1,1,1,1.0,1.0,1.0,1.0,1.0,1.0,1.0,1.0,1.0,1.0
PostSpark 3,B,a69eacf17,q-029,editor-modified,1,1,1,1,1.0,1.0,1.0,1.0,1.0,1.0,1.0,1.0,1.0,1.0
PostSpark 3,B,a69eacf17,q-030,editor-added-late,1,1,-1,1,0.0,0.0,0.0,0.0,0.0,1.0,1.0,1.0,1.0,1.0
PostSpark 3,B,a69eacf17,q-031,editor-added-late,1,2,-1,15,0.0,0.0,0.0,0.0,0.0,0.0,0.0,0.0,0.0,0.066667
PostSpark 3,B,a69eacf17,q-032,client-central,1,1,26,20,0.0,0.0,0.0,0.0,0.038462,0.0,0.0,0.0,0.0,0.05
PostSpark 3,B,a69eacf17,q-033,client-infra,1,2,1,1,0.5,1.0,1.0,1.0,1.0,0.5,0.5,1.0,1.0,1.0
PostSpark 3,B,a69eacf17,q-034,feature-added,1,2,16,18,0.0,0.0,0.0,0.0,0.0625,0.0,0.0,0.0,0.0,0.055556
PostSpark 3,B,a69eacf17,q-035,config-central,1,1,201,111,0.0,0.0,0.0,0.0,0.004975,0.0,0.0,0.0,0.0,0.009009
PostSpark 3,B,a69eacf17,q-036,infra-central,1,1,25,48,0.0,0.0,0.0,0.0,0.04,0.0,0.0,0.0,0.0,0.020833
PostSpark 3,B,a69eacf17,q-037,api-central,1,1,2,5,0.0,1.0,1.0,1.0,0.5,0.0,0.0,1.0,1.0,0.2
PostSpark 3,B,a69eacf17,q-038,feature-stable,1,1,1,2,1.0,1.0,1.0,1.0,1.0,0.0,1.0,1.0,1.0,0.5
PostSpark 3,B,a69eacf17,q-039,feature-stable,1,1,1,1,1.0,1.0,1.0,1.0,1.0,1.0,1.0,1.0,1.0,1.0
PostSpark 3,B,a69eacf17,q-040,feature-stable,1,3,7,6,0.0,0.0,0.0,0.666667,0.142857,0.0,0.0,0.0,0.333333,0.166667
PostSpark 3,B,a69eacf17,q-041,subsystem-added-late,1,3,-1,2,0.0,0.0,0.0,0.0,0.0,0.0,0.333333,0.666667,1.0,0.5
PostSpark 3,B,a69eacf17,q-042,ui-added-late,1,2,-1,1,0.0,0.0,0.0,0.0,0.0,0.5,1.0,1.0,1.0,1.0
PostSpark 3,B,a69eacf17,q-046,view-added,1,1,1,2,1.0,1.0,1.0,1.0,1.0,0.0,1.0,1.0,1.0,0.5
PostSpark 3,B,29a4e15d7,q-001,auth-modified,1,2,36,64,0.0,0.0,0.0,0.0,0.027778,0.0,0.0,0.0,0.0,0.015625
PostSpark 3,B,29a4e15d7,q-002,auth-central,1,3,3,6,0.0,0.333333,0.666667,0.666667,0.333333,0.0,0.0,0.0,0.666667,0.166667
PostSpark 3,B,29a4e15d7,q-003,billing-central,1,2,1,1,0.5,1.0,1.0,1.0,1.0,0.5,1.0,1.0,1.0,1.0
PostSpark 3,B,29a4e15d7,q-004,billing-infra,1,2,1,1,0.5,1.0,1.0,1.0,1.0,0.5,1.0,1.0,1.0,1.0
PostSpark 3,B,29a4e15d7,q-005,ui-peripheral,1,1,1,1,1.0,1.0,1.0,1.0,1.0,1.0,1.0,1.0,1.0,1.0
PostSpark 3,B,29a4e15d7,q-006,ui-peripheral,1,1,1,1,1.0,1.0,1.0,1.0,1.0,1.0,1.0,1.0,1.0,1.0
PostSpark 3,B,29a4e15d7,q-007,db-config,1,1,5,9,0.0,0.0,1.0,1.0,0.2,0.0,0.0,0.0,1.0,0.111111
PostSpark 3,B,29a4e15d7,q-008,db-central,1,1,23,39,0.0,0.0,0.0,0.0,0.043478,0.0,0.0,0.0,0.0,0.025641
PostSpark 3,B,29a4e15d7,q-009,db-added,1,1,1,1,1.0,1.0,1.0,1.0,1.0,1.0,1.0,1.0,1.0,1.0
PostSpark 3,B,29a4e15d7,q-010,ai-central,1,1,1,2,1.0,1.0,1.0,1.0,1.0,0.0,1.0,1.0,1.0,0.5
PostSpark 3,B,29a4e15d7,q-011,ai-added,1,1,3,3,0.0,1.0,1.0,1.0,0.333333,0.0,1.0,1.0,1.0,0.333333
PostSpark 3,B,29a4e15d7,q-012,ai-added,1,1,6,6,0.0,0.0,0.0,1.0,0.166667,0.0,0.0,0.0,1.0,0.166667
PostSpark 3,B,29a4e15d7,q-013,ai-added,1,1,1,1,1.0,1.0,1.0,1.0,1.0,1.0,1.0,1.0,1.0,1.0
PostSpark 3,B,29a4e15d7,q-014,ai-stable,1,2,8,21,0.0,0.0,0.0,0.5,0.125,0.0,0.0,0.0,0.0,0.047619
PostSpark 3,B,29a4e15d7,q-015,feature-stable,1,3,1,1,0.333333,0.333333,0.333333,0.333333,1.0,0.333333,0.333333,0.333333,0.666667,1.0
PostSpark 3,B,29a4e15d7,q-016,feature-added,1,1,4,4,0.0,0.0,1.0,1.0,0.25,0.0,0.0,1.0,1.0,0.25
PostSpark 3,B,29a4e15d7,q-017,feature-added,1,2,2,1,0.0,0.5,0.5,0.5,0.5,0.5,0.5,0.5,0.5,1.0
PostSpark 3,B,29a4e15d7,q-018,ai-added,1,2,25,20,0.0,0.0,0.0,0.0,0.04,0.0,0.0,0.0,0.0,0.05
PostSpark 3,B,29a4e15d7,q-019,feature-stable,1,1,2,1,0.0,1.0,1.0,1.0,0.5,1.0,1.0,1.0,1.0,1.0
PostSpark 3,B,29a4e15d7,q-020,ai-added-late,1,2,9,9,0.0,0.0,0.0,0.5,0.111111,0.0,0.0,0.0,0.5,0.111111
PostSpark 3,B,29a4e15d7,q-021,subsystem-added-late,1,3,-1,32,0.0,0.0,0.0,0.0,0.0,0.0,0.0,0.0,0.0,0.03125
PostSpark 3,B,29a4e15d7,q-022,ai-added-late,1,2,-1,1,0.0,0.0,0.0,0.0,0.0,0.5,0.5,0.5,0.5,1.0
PostSpark 3,B,29a4e15d7,q-023,ai-added,1,1,3,1,0.0,1.0,1.0,1.0,0.333333,1.0,1.0,1.0,1.0,1.0
PostSpark 3,B,29a4e15d7,q-024,ai-added,1,1,42,54,0.0,0.0,0.0,0.0,0.02381,0.0,0.0,0.0,0.0,0.018519
PostSpark 3,B,29a4e15d7,q-025,editor-modified,1,2,3,5,0.0,0.5,0.5,0.5,0.333333,0.0,0.0,0.5,1.0,0.2
PostSpark 3,B,29a4e15d7,q-026,editor-added,1,1,3,2,0.0,1.0,1.0,1.0,0.333333,0.0,1.0,1.0,1.0,0.5
PostSpark 3,B,29a4e15d7,q-027,editor-modified,1,2,23,82,0.0,0.0,0.0,0.0,0.043478,0.0,0.0,0.0,0.0,0.012195
PostSpark 3,B,29a4e15d7,q-028,editor-stable,1,1,1,1,1.0,1.0,1.0,1.0,1.0,1.0,1.0,1.0,1.0,1.0
PostSpark 3,B,29a4e15d7,q-029,editor-modified,1,1,1,1,1.0,1.0,1.0,1.0,1.0,1.0,1.0,1.0,1.0,1.0
PostSpark 3,B,29a4e15d7,q-030,editor-added-late,1,1,-1,1,0.0,0.0,0.0,0.0,0.0,1.0,1.0,1.0,1.0,1.0
PostSpark 3,B,29a4e15d7,q-031,editor-added-late,1,2,-1,18,0.0,0.0,0.0,0.0,0.0,0.0,0.0,0.0,0.0,0.055556
PostSpark 3,B,29a4e15d7,q-032,client-central,1,1,26,37,0.0,0.0,0.0,0.0,0.038462,0.0,0.0,0.0,0.0,0.027027
PostSpark 3,B,29a4e15d7,q-033,client-infra,1,2,1,1,0.5,1.0,1.0,1.0,1.0,0.5,0.5,1.0,1.0,1.0
PostSpark 3,B,29a4e15d7,q-034,feature-added,1,2,16,20,0.0,0.0,0.0,0.0,0.0625,0.0,0.0,0.0,0.0,0.05
PostSpark 3,B,29a4e15d7,q-035,config-central,1,1,201,155,0.0,0.0,0.0,0.0,0.004975,0.0,0.0,0.0,0.0,0.006452
PostSpark 3,B,29a4e15d7,q-036,infra-central,1,1,25,75,0.0,0.0,0.0,0.0,0.04,0.0,0.0,0.0,0.0,0.013333
PostSpark 3,B,29a4e15d7,q-037,api-central,1,1,2,4,0.0,1.0,1.0,1.0,0.5,0.0,0.0,1.0,1.0,0.25
PostSpark 3,B,29a4e15d7,q-038,feature-stable,1,1,1,3,1.0,1.0,1.0,1.0,1.0,0.0,1.0,1.0,1.0,0.333333
PostSpark 3,B,29a4e15d7,q-039,feature-stable,1,1,1,1,1.0,1.0,1.0,1.0,1.0,1.0,1.0,1.0,1.0,1.0
PostSpark 3,B,29a4e15d7,q-040,feature-stable,1,3,7,7,0.0,0.0,0.0,0.666667,0.142857,0.0,0.0,0.0,0.333333,0.142857
PostSpark 3,B,29a4e15d7,q-041,subsystem-added-late,1,3,-1,2,0.0,0.0,0.0,0.0,0.0,0.0,0.333333,0.666667,1.0,0.5
PostSpark 3,B,29a4e15d7,q-042,ui-added-late,1,2,-1,1,0.0,0.0,0.0,0.0,0.0,0.5,1.0,1.0,1.0,1.0
PostSpark 3,B,29a4e15d7,q-043,subsystem-added-late,1,4,-1,2,0.0,0.0,0.0,0.0,0.0,0.0,0.25,0.5,0.5,0.5
PostSpark 3,B,29a4e15d7,q-046,view-added,1,1,1,3,1.0,1.0,1.0,1.0,1.0,0.0,1.0,1.0,1.0,0.333333
PostSpark 3,B,4854517f7,q-001,auth-modified,1,2,36,64,0.0,0.0,0.0,0.0,0.027778,0.0,0.0,0.0,0.0,0.015625
PostSpark 3,B,4854517f7,q-002,auth-central,1,3,3,6,0.0,0.333333,0.666667,0.666667,0.333333,0.0,0.0,0.0,0.666667,0.166667
PostSpark 3,B,4854517f7,q-003,billing-central,1,2,1,1,0.5,1.0,1.0,1.0,1.0,0.5,1.0,1.0,1.0,1.0
PostSpark 3,B,4854517f7,q-004,billing-infra,1,2,1,1,0.5,1.0,1.0,1.0,1.0,0.5,1.0,1.0,1.0,1.0
PostSpark 3,B,4854517f7,q-005,ui-peripheral,1,1,1,1,1.0,1.0,1.0,1.0,1.0,1.0,1.0,1.0,1.0,1.0
PostSpark 3,B,4854517f7,q-006,ui-peripheral,1,1,1,1,1.0,1.0,1.0,1.0,1.0,1.0,1.0,1.0,1.0,1.0
PostSpark 3,B,4854517f7,q-007,db-config,1,1,5,9,0.0,0.0,1.0,1.0,0.2,0.0,0.0,0.0,1.0,0.111111
PostSpark 3,B,4854517f7,q-008,db-central,1,1,23,41,0.0,0.0,0.0,0.0,0.043478,0.0,0.0,0.0,0.0,0.02439
PostSpark 3,B,4854517f7,q-009,db-added,1,1,1,1,1.0,1.0,1.0,1.0,1.0,1.0,1.0,1.0,1.0,1.0
PostSpark 3,B,4854517f7,q-010,ai-central,1,1,1,2,1.0,1.0,1.0,1.0,1.0,0.0,1.0,1.0,1.0,0.5
PostSpark 3,B,4854517f7,q-011,ai-added,1,1,3,4,0.0,1.0,1.0,1.0,0.333333,0.0,0.0,1.0,1.0,0.25
PostSpark 3,B,4854517f7,q-012,ai-added,1,1,6,6,0.0,0.0,0.0,1.0,0.166667,0.0,0.0,0.0,1.0,0.166667
PostSpark 3,B,4854517f7,q-013,ai-added,1,1,1,1,1.0,1.0,1.0,1.0,1.0,1.0,1.0,1.0,1.0,1.0
PostSpark 3,B,4854517f7,q-014,ai-stable,1,2,8,22,0.0,0.0,0.0,0.5,0.125,0.0,0.0,0.0,0.0,0.045455
PostSpark 3,B,4854517f7,q-015,feature-stable,1,3,1,1,0.333333,0.333333,0.333333,0.333333,1.0,0.333333,0.333333,0.333333,0.666667,1.0
PostSpark 3,B,4854517f7,q-016,feature-added,1,1,4,4,0.0,0.0,1.0,1.0,0.25,0.0,0.0,1.0,1.0,0.25
PostSpark 3,B,4854517f7,q-017,feature-added,1,2,2,1,0.0,0.5,0.5,0.5,0.5,0.5,0.5,0.5,0.5,1.0
PostSpark 3,B,4854517f7,q-018,ai-added,1,2,25,20,0.0,0.0,0.0,0.0,0.04,0.0,0.0,0.0,0.0,0.05
PostSpark 3,B,4854517f7,q-019,feature-stable,1,1,2,1,0.0,1.0,1.0,1.0,0.5,1.0,1.0,1.0,1.0,1.0
PostSpark 3,B,4854517f7,q-020,ai-added-late,1,2,9,9,0.0,0.0,0.0,0.5,0.111111,0.0,0.0,0.0,0.5,0.111111
PostSpark 3,B,4854517f7,q-021,subsystem-added-late,1,3,-1,34,0.0,0.0,0.0,0.0,0.0,0.0,0.0,0.0,0.0,0.029412
PostSpark 3,B,4854517f7,q-022,ai-added-late,1,2,-1,1,0.0,0.0,0.0,0.0,0.0,0.5,0.5,0.5,0.5,1.0
PostSpark 3,B,4854517f7,q-023,ai-added,1,1,3,2,0.0,1.0,1.0,1.0,0.333333,0.0,1.0,1.0,1.0,0.5
PostSpark 3,B,4854517f7,q-024,ai-added,1,1,42,53,0.0,0.0,0.0,0.0,0.02381,0.0,0.0,0.0,0.0,0.018868
PostSpark 3,B,4854517f7,q-025,editor-modified,1,2,3,3,0.0,0.5,0.5,0.5,0.333333,0.0,0.5,1.0,1.0,0.333333
PostSpark 3,B,4854517f7,q-026,editor-added,1,1,3,2,0.0,1.0,1.0,1.0,0.333333,0.0,1.0,1.0,1.0,0.5
PostSpark 3,B,4854517f7,q-027,editor-modified,1,2,23,40,0.0,0.0,0.0,0.0,0.043478,0.0,0.0,0.0,0.0,0.025
PostSpark 3,B,4854517f7,q-028,editor-stable,1,1,1,1,1.0,1.0,1.0,1.0,1.0,1.0,1.0,1.0,1.0,1.0
PostSpark 3,B,4854517f7,q-029,editor-modified,1,1,1,1,1.0,1.0,1.0,1.0,1.0,1.0,1.0,1.0,1.0,1.0
PostSpark 3,B,4854517f7,q-030,editor-added-late,1,1,-1,1,0.0,0.0,0.0,0.0,0.0,1.0,1.0,1.0,1.0,1.0
PostSpark 3,B,4854517f7,q-031,editor-added-late,1,2,-1,20,0.0,0.0,0.0,0.0,0.0,0.0,0.0,0.0,0.0,0.05
PostSpark 3,B,4854517f7,q-032,client-central,1,1,26,32,0.0,0.0,0.0,0.0,0.038462,0.0,0.0,0.0,0.0,0.03125
PostSpark 3,B,4854517f7,q-033,client-infra,1,2,1,1,0.5,1.0,1.0,1.0,1.0,0.5,0.5,1.0,1.0,1.0
PostSpark 3,B,4854517f7,q-034,feature-added,1,2,16,22,0.0,0.0,0.0,0.0,0.0625,0.0,0.0,0.0,0.0,0.045455
PostSpark 3,B,4854517f7,q-035,config-central,1,1,201,157,0.0,0.0,0.0,0.0,0.004975,0.0,0.0,0.0,0.0,0.006369
PostSpark 3,B,4854517f7,q-036,infra-central,1,1,25,75,0.0,0.0,0.0,0.0,0.04,0.0,0.0,0.0,0.0,0.013333
PostSpark 3,B,4854517f7,q-037,api-central,1,1,2,4,0.0,1.0,1.0,1.0,0.5,0.0,0.0,1.0,1.0,0.25
PostSpark 3,B,4854517f7,q-038,feature-stable,1,1,1,3,1.0,1.0,1.0,1.0,1.0,0.0,1.0,1.0,1.0,0.333333
PostSpark 3,B,4854517f7,q-039,feature-stable,1,1,1,1,1.0,1.0,1.0,1.0,1.0,1.0,1.0,1.0,1.0,1.0
PostSpark 3,B,4854517f7,q-040,feature-stable,1,3,7,7,0.0,0.0,0.0,0.666667,0.142857,0.0,0.0,0.0,0.333333,0.142857
PostSpark 3,B,4854517f7,q-041,subsystem-added-late,1,3,-1,2,0.0,0.0,0.0,0.0,0.0,0.0,0.333333,0.666667,1.0,0.5
PostSpark 3,B,4854517f7,q-042,ui-added-late,1,2,-1,1,0.0,0.0,0.0,0.0,0.0,0.5,1.0,1.0,1.0,1.0
PostSpark 3,B,4854517f7,q-043,subsystem-added-late,1,4,-1,2,0.0,0.0,0.0,0.0,0.0,0.0,0.25,0.25,0.25,0.5
PostSpark 3,B,4854517f7,q-046,view-added,1,1,1,3,1.0,1.0,1.0,1.0,1.0,0.0,1.0,1.0,1.0,0.333333
PostSpark 3,B,f4025186a,q-001,auth-modified,1,2,36,67,0.0,0.0,0.0,0.0,0.027778,0.0,0.0,0.0,0.0,0.014925
PostSpark 3,B,f4025186a,q-002,auth-central,1,3,3,6,0.0,0.333333,0.666667,0.666667,0.333333,0.0,0.0,0.0,0.666667,0.166667
PostSpark 3,B,f4025186a,q-003,billing-central,1,2,1,1,0.5,1.0,1.0,1.0,1.0,0.5,1.0,1.0,1.0,1.0
PostSpark 3,B,f4025186a,q-004,billing-infra,1,2,1,1,0.5,1.0,1.0,1.0,1.0,0.5,1.0,1.0,1.0,1.0
PostSpark 3,B,f4025186a,q-005,ui-peripheral,1,1,1,1,1.0,1.0,1.0,1.0,1.0,1.0,1.0,1.0,1.0,1.0
PostSpark 3,B,f4025186a,q-006,ui-peripheral,1,1,1,1,1.0,1.0,1.0,1.0,1.0,1.0,1.0,1.0,1.0,1.0
PostSpark 3,B,f4025186a,q-007,db-config,1,1,5,9,0.0,0.0,1.0,1.0,0.2,0.0,0.0,0.0,1.0,0.111111
PostSpark 3,B,f4025186a,q-008,db-central,1,1,23,33,0.0,0.0,0.0,0.0,0.043478,0.0,0.0,0.0,0.0,0.030303
PostSpark 3,B,f4025186a,q-009,db-added,1,1,1,1,1.0,1.0,1.0,1.0,1.0,1.0,1.0,1.0,1.0,1.0
PostSpark 3,B,f4025186a,q-010,ai-central,1,1,1,2,1.0,1.0,1.0,1.0,1.0,0.0,1.0,1.0,1.0,0.5
PostSpark 3,B,f4025186a,q-011,ai-added,1,1,3,3,0.0,1.0,1.0,1.0,0.333333,0.0,1.0,1.0,1.0,0.333333
PostSpark 3,B,f4025186a,q-012,ai-added,1,1,6,6,0.0,0.0,0.0,1.0,0.166667,0.0,0.0,0.0,1.0,0.166667
PostSpark 3,B,f4025186a,q-013,ai-added,1,1,1,1,1.0,1.0,1.0,1.0,1.0,1.0,1.0,1.0,1.0,1.0
PostSpark 3,B,f4025186a,q-014,ai-stable,1,2,8,21,0.0,0.0,0.0,0.5,0.125,0.0,0.0,0.0,0.0,0.047619
PostSpark 3,B,f4025186a,q-015,feature-stable,1,3,1,1,0.333333,0.333333,0.333333,0.333333,1.0,0.333333,0.333333,0.666667,0.666667,1.0
PostSpark 3,B,f4025186a,q-016,feature-added,1,1,4,4,0.0,0.0,1.0,1.0,0.25,0.0,0.0,1.0,1.0,0.25
PostSpark 3,B,f4025186a,q-017,feature-added,1,2,2,1,0.0,0.5,0.5,0.5,0.5,0.5,0.5,0.5,0.5,1.0
PostSpark 3,B,f4025186a,q-018,ai-added,1,2,25,17,0.0,0.0,0.0,0.0,0.04,0.0,0.0,0.0,0.0,0.058824
PostSpark 3,B,f4025186a,q-019,feature-stable,1,1,2,1,0.0,1.0,1.0,1.0,0.5,1.0,1.0,1.0,1.0,1.0
PostSpark 3,B,f4025186a,q-020,ai-added-late,1,2,9,9,0.0,0.0,0.0,0.5,0.111111,0.0,0.0,0.0,0.5,0.111111
PostSpark 3,B,f4025186a,q-021,subsystem-added-late,1,3,-1,34,0.0,0.0,0.0,0.0,0.0,0.0,0.0,0.0,0.0,0.029412
PostSpark 3,B,f4025186a,q-022,ai-added-late,1,2,-1,1,0.0,0.0,0.0,0.0,0.0,0.5,0.5,0.5,0.5,1.0
PostSpark 3,B,f4025186a,q-023,ai-added,1,1,3,2,0.0,1.0,1.0,1.0,0.333333,0.0,1.0,1.0,1.0,0.5
PostSpark 3,B,f4025186a,q-024,ai-added,1,1,42,93,0.0,0.0,0.0,0.0,0.02381,0.0,0.0,0.0,0.0,0.010753
PostSpark 3,B,f4025186a,q-025,editor-modified,1,3,3,4,0.0,0.333333,0.333333,0.333333,0.333333,0.0,0.0,0.666667,1.0,0.25
PostSpark 3,B,f4025186a,q-026,editor-added,1,1,3,2,0.0,1.0,1.0,1.0,0.333333,0.0,1.0,1.0,1.0,0.5
PostSpark 3,B,f4025186a,q-027,editor-modified,1,2,23,38,0.0,0.0,0.0,0.0,0.043478,0.0,0.0,0.0,0.0,0.026316
PostSpark 3,B,f4025186a,q-028,editor-stable,1,1,1,1,1.0,1.0,1.0,1.0,1.0,1.0,1.0,1.0,1.0,1.0
PostSpark 3,B,f4025186a,q-029,editor-modified,1,1,1,1,1.0,1.0,1.0,1.0,1.0,1.0,1.0,1.0,1.0,1.0
PostSpark 3,B,f4025186a,q-030,editor-added-late,1,1,-1,1,0.0,0.0,0.0,0.0,0.0,1.0,1.0,1.0,1.0,1.0
PostSpark 3,B,f4025186a,q-031,editor-added-late,1,2,-1,20,0.0,0.0,0.0,0.0,0.0,0.0,0.0,0.0,0.0,0.05
PostSpark 3,B,f4025186a,q-032,client-central,1,1,26,32,0.0,0.0,0.0,0.0,0.038462,0.0,0.0,0.0,0.0,0.03125
PostSpark 3,B,f4025186a,q-033,client-infra,1,2,1,1,0.5,1.0,1.0,1.0,1.0,0.5,0.5,1.0,1.0,1.0
PostSpark 3,B,f4025186a,q-034,feature-added,1,2,16,21,0.0,0.0,0.0,0.0,0.0625,0.0,0.0,0.0,0.0,0.047619
PostSpark 3,B,f4025186a,q-035,config-central,1,1,201,114,0.0,0.0,0.0,0.0,0.004975,0.0,0.0,0.0,0.0,0.008772
PostSpark 3,B,f4025186a,q-036,infra-central,1,1,25,76,0.0,0.0,0.0,0.0,0.04,0.0,0.0,0.0,0.0,0.013158
PostSpark 3,B,f4025186a,q-037,api-central,1,1,2,4,0.0,1.0,1.0,1.0,0.5,0.0,0.0,1.0,1.0,0.25
PostSpark 3,B,f4025186a,q-038,feature-stable,1,1,1,2,1.0,1.0,1.0,1.0,1.0,0.0,1.0,1.0,1.0,0.5
PostSpark 3,B,f4025186a,q-039,feature-stable,1,1,1,1,1.0,1.0,1.0,1.0,1.0,1.0,1.0,1.0,1.0,1.0
PostSpark 3,B,f4025186a,q-040,feature-stable,1,3,7,6,0.0,0.0,0.0,0.666667,0.142857,0.0,0.0,0.0,0.333333,0.166667
PostSpark 3,B,f4025186a,q-041,subsystem-added-late,1,3,-1,2,0.0,0.0,0.0,0.0,0.0,0.0,0.333333,0.666667,1.0,0.5
PostSpark 3,B,f4025186a,q-042,ui-added-late,1,2,-1,1,0.0,0.0,0.0,0.0,0.0,0.5,1.0,1.0,1.0,1.0
PostSpark 3,B,f4025186a,q-043,subsystem-added-late,1,4,-1,2,0.0,0.0,0.0,0.0,0.0,0.0,0.25,0.25,0.25,0.5
PostSpark 3,B,f4025186a,q-046,view-added,1,1,1,3,1.0,1.0,1.0,1.0,1.0,0.0,1.0,1.0,1.0,0.333333
